CLASNAME,OBJNAME,DEFCREDT,DEFMODDT,DELETED,EXPLABEL,ID,LDESC,MRACCESS,PRODFLAG,USEDFLAG,VERSION,PREDCLAS,PREDROLE,SUCCCLAS,SUCCROLE,VERB,PREDCARD,SUCCCARD
CMRassocmgr,LIBRARY CONTAINS TABLE,1283357743.00604,1283357743.00604,,,A0000001.A4000001,This assoc was carried fwd from 8.1,2.0,0.0,0.0,2.0,SASHELP.MDCLASS.LIBRARY,LOCATION,SASHELP.MDCLASS.TABLE,DATAFILE,CONTAINS,0:m,0:1
CMRassocmgr,TABLE IS_COMPOSED_OF COLUMN,1283357743.16667,1283357743.16667,,,A0000001.A4000002,This assoc was carried fwd from 8.1,2.0,0.0,0.0,2.0,SASHELP.MDCLASS.TABLE,TABLE,SASHELP.MDCLASS.COLUMN,COLUMN,IS_COMPOSED_OF,1:m,1:1
CMRassocmgr,LIBRARY CONTAINS TABLE,1283357743.29128,1283357743.29128,,,A0000001.A4000003,This assoc was carried fwd from 8.1,2.0,0.0,0.0,2.0,SASHELP.MDCLASS.LIBRARY,LOCATION,SASHELP.MDCLASS.TABLE,COPY,CONTAINS,0:m,0:1
CMRassocmgr,DELETED *** REPOSITORY USES REPOSITORY,1283357743.42387,1283357743.42387,,,A0000001.A4000004,This association template has been deleted.,2.0,0.0,0.0,2.0,SASHELP.OBJPOOL.RPOSCTRL,INTERNAL REFERENCE,SASHELP.OBJPOOL.RPOSCTRL,EXTERNAL REFERENCE,DELETED,0:m,0:m
CMRassocmgr,DELETED *** COLUMN USES SUBSET,1285523425.90424,1285538520.49549,,,A0000001.A4000005,This association template has been deleted.,2.0,0.0,0.0,2.0,SASHELP.MDCLASS.COLUMN,INPUT SOURCE,SASHELP.MDCLASS.SUBSET,TARGET,DELETED,0:m,0:m
CMRassocmgr,DELETED *** COLUMN USES INDEX,1285523427.57239,1285538520.51131,,,A0000001.A4000006,This association template has been deleted.,2.0,0.0,0.0,2.0,SASHELP.MDCLASS.COLUMN,COLUMN,SASHELP.MDCLASS.INDEX,TARGET,DELETED,0:m,0:m
CMRassocmgr,DELETED *** CONNECT CONTAINS P_TABLE,1285523428.51033,1285538520.52717,,,A0000001.A4000007,This association template has been deleted.,2.0,0.0,0.0,2.0,SASHELP.MDCLASS.CONNECT,CONNECT,SASHELP.MDCLASS.P_TABLE,CONNECTION,DELETED,0:m,0:1
CMRassocmgr,DELETED *** TABLE CONTAINS TABLE,1285523428.59335,1285538520.55326,,,A0000001.A4000008,This association template has been deleted.,2.0,0.0,0.0,2.0,SASHELP.MDCLASS.TABLE,PARENT,SASHELP.MDCLASS.TABLE,CHILD,DELETED,0:m,0:1
CMRassocmgr,DELETED *** TABLE USES TABLE,1285523428.6763,1285538520.56938,,,A0000001.A4000009,This association template has been deleted.,2.0,0.0,0.0,2.0,SASHELP.MDCLASS.TABLE,INPUT SOURCE,SASHELP.MDCLASS.TABLE,TARGET,DELETED,0:m,0:m
CMRassocmgr,DELETED *** LIBRARY CONTAINS P_TABLE,1285523428.75933,1285538520.59606,,,A0000001.A400000A,This association template has been deleted.,2.0,0.0,0.0,2.0,SASHELP.MDCLASS.LIBRARY,LIBRARY,SASHELP.MDCLASS.P_TABLE,DATAFILE,DELETED,0:m,0:1
CMRassocmgr,DELETED *** P_TABLE CONTAINS TABLE,1285523428.84223,1285538520.61305,,,A0000001.A400000B,This association template has been deleted.,2.0,0.0,0.0,2.0,SASHELP.MDCLASS.P_TABLE,STORE,SASHELP.MDCLASS.TABLE,LEVEL,DELETED,0:m,0:1
CMRassocmgr,DELETED *** P_TABLE CONTAINS TBLSECUR,1285523429.37396,1285538520.62944,,,A0000001.A400000C,This association template has been deleted.,2.0,0.0,0.0,2.0,SASHELP.MDCLASS.P_TABLE,OBJECT,SASHELP.MDCLASS.TBLSECUR,SECURITY,DELETED,0:m,1:1
CMRassocmgr,DELETED *** P_TABLE CONTAINS INDEX,1285523429.45689,1285538520.64615,,,A0000001.A400000D,This association template has been deleted.,2.0,0.0,0.0,2.0,SASHELP.MDCLASS.P_TABLE,TABLE,SASHELP.MDCLASS.INDEX,INDEX,DELETED,0:m,1:1
CMRassocmgr,DELETED *** PERSON CONTAINS TABLE,1285523429.76365,1285538520.67287,,,A0000001.A400000E,This association template has been deleted.,2.0,0.0,0.0,2.0,SASHELP.MDCLASS.PERSON,CUSTODIAN,SASHELP.MDCLASS.TABLE,OBJECT,DELETED,0:m,0:1
CMRassocmgr,DELETED *** PERSON CONTAINS TABLE,1285523429.84663,1285538520.68961,,,A0000001.A400000F,This association template has been deleted.,2.0,0.0,0.0,2.0,SASHELP.MDCLASS.PERSON,OWNER,SASHELP.MDCLASS.TABLE,OBJECT,DELETED,0:m,0:1
CMRassocmgr,DELETED *** PERSON USES REMOTE,1285523429.92997,1285538520.71665,,,A0000001.A400000G,This association template has been deleted.,2.0,0.0,0.0,2.0,SASHELP.MDCLASS.PERSON,PERSON,SASHELP.MDCLASS.REMOTE,HOST,DELETED,0:m,0:m
CMRassocmgr,DELETED *** PERSON USES CONNECT,1285523430.01268,1285538520.74366,,,A0000001.A400000H,This association template has been deleted.,2.0,0.0,0.0,2.0,SASHELP.MDCLASS.PERSON,PERSON,SASHELP.MDCLASS.CONNECT,DBMS,DELETED,0:m,0:m
CMRassocmgr,DELETED *** PROCESS CONTAINS TABLE,1285523430.25329,1285538520.76069,,,A0000001.A400000I,This association template has been deleted.,2.0,0.0,0.0,2.0,SASHELP.MDCLASS.PROCESS,PROCESS,SASHELP.MDCLASS.TABLE,OUTPUT_DATA,DELETED,0:m,0:1
CMRassocmgr,DELETED *** PROCESS CONTAINS PROCESS,1285523430.33621,1285538520.77781,,,A0000001.A400000J,This association template has been deleted.,2.0,0.0,0.0,2.0,SASHELP.MDCLASS.PROCESS,POSTPROCESS,SASHELP.MDCLASS.PROCESS,PREPROCESS,DELETED,0:m,0:1
CMRassocmgr,DELETED *** PROCESS CONTAINS SRCCODE,1285523430.6102,1285538520.80598,,,A0000001.A400000K,This association template has been deleted.,2.0,0.0,0.0,2.0,SASHELP.MDCLASS.PROCESS,PROCESS,SASHELP.MDCLASS.SRCCODE,SRCCODE,DELETED,0:m,0:1
CMRassocmgr,DELETED *** PROCESS CONTAINS SUBSET,1285523430.69317,1285538520.83331,,,A0000001.A400000L,This association template has been deleted.,2.0,0.0,0.0,2.0,SASHELP.MDCLASS.PROCESS,PROCESS,SASHELP.MDCLASS.SUBSET,SUBSET,DELETED,0:m,0:1
CMRassocmgr,DELETED *** PROCESS CONTAINS TRNSFORM,1285523430.93413,1285538520.85074,,,A0000001.A400000M,This association template has been deleted.,2.0,0.0,0.0,2.0,SASHELP.MDCLASS.PROCESS,PROCESS,SASHELP.MDCLASS.TRNSFORM,TRANSFORM,DELETED,0:m,0:1
CMRassocmgr,DELETED *** REMOTE CONTAINS P_TABLE,1285523431.01688,1285538520.86825,,,A0000001.A400000N,This association template has been deleted.,2.0,0.0,0.0,2.0,SASHELP.MDCLASS.REMOTE,HOST,SASHELP.MDCLASS.P_TABLE,FILE,DELETED,0:m,0:1
CMRassocmgr,DELETED *** REMOTE CONTAINS TABLE,1285523431.09992,1285538520.89604,,,A0000001.A400000O,This association template has been deleted.,2.0,0.0,0.0,2.0,SASHELP.MDCLASS.REMOTE,HOST,SASHELP.MDCLASS.TABLE,FILE,DELETED,0:m,0:1
CMRassocmgr,DELETED *** REMOTE CONTAINS PROCESS,1285523431.18334,1285538520.92383,,,A0000001.A400000P,This association template has been deleted.,2.0,0.0,0.0,2.0,SASHELP.MDCLASS.REMOTE,HOST,SASHELP.MDCLASS.PROCESS,FILE,DELETED,0:m,0:1
CMRassocmgr,DELETED *** TRNSFORM USES COLUMN,1285523431.26589,1285538520.94165,,,A0000001.A400000Q,This association template has been deleted.,2.0,0.0,0.0,2.0,SASHELP.MDCLASS.TRNSFORM,INPUT SOURCE,SASHELP.MDCLASS.COLUMN,TARGET,DELETED,0:m,0:m
CMRassocmgr,DELETED *** TRNSFORM USES COLUMN,1285523431.34897,1285538520.95961,,,A0000001.A400000R,This association template has been deleted.,2.0,0.0,0.0,2.0,SASHELP.MDCLASS.TRNSFORM,TARGET,SASHELP.MDCLASS.COLUMN,INPUT SOURCE,DELETED,0:m,0:m
CMRassocmgr,DELETED *** COMMONMD HAS NOTE,1285523431.58964,1285538520.98771,,,A0000001.A400000S,This association template has been deleted.,2.0,0.0,0.0,2.0,SASHELP.OBJPOOL.COMMONMD,OBJECT,SASHELP.MDCLASS.NOTE,NOTE,DELETED,0:m,1:1
CMRassocmgr,,1285538520.02694,1357142692.06,,,A0000001.A400000T,,2.0,0.0,0.0,2.0,,,,,VERSION NUMBER,005.3,
CMRassocmgr,DELETED *** Group USES Root,1286210512.81551,1286978395.12333,,,A0000001.A400000U,This association template has been deleted.,2.0,0.0,0.0,2.0,CMRgroup,GROUPLIST,CMRroot,MEMBERLIST,DELETED,0:m,0:m
CMRassocmgr,DELETED *** JobFlow USES JobFlow,1290438856.02717,1303146201.26019,,,A0000001.A400000V,This association template has been deleted.,2.0,0.0,0.0,2.0,CMRjobflow,JOBFLOWSOURCELIST,CMRjobflow,JOBFLOWTARGETLIST,DELETED,0:m,0:m
CMRassocmgr,DELETED *** WColumn HAS DataFile,1290438856.02728,1303146201.26023,,,A0000001.A400000W,This association template has been deleted.,2.0,0.0,0.0,2.0,CMRwcolumn,COLUMNLIST,CMRdatafile,TABLE,DELETED,1:1,0:m
CMRassocmgr,DELETED *** Key HAS_1_N_OF WColumn,1290438856.02739,1303146201.26025,,,A0000001.A400000X,This association template has been deleted.,2.0,0.0,0.0,2.0,CMRkey,KEYLIST,CMRwcolumn,KEYCOLUMNLIST,DELETED,1:m,0:m
CMRassocmgr,DELETED *** WColumn IS_CONTAINED_IN_0_N KeyAssociation,1290438856.02751,1303146201.26027,,,A0000001.A400000Y,This association template has been deleted.,2.0,0.0,0.0,2.0,CMRwcolumn,FKEYCOLUMN,CMRkeyassoc,FKEYASSOCIATIONLIST,DELETED,0:m,1:1
CMRassocmgr,DELETED *** WColumn USES Index,1290438856.02762,1303146201.2603,,,A0000001.A400000Z,This association template has been deleted.,2.0,0.0,0.0,2.0,CMRwcolumn,INDEXCOLUMNLIST,CMRindex,INDEXLIST,DELETED,0:m,0:m
CMRassocmgr,DELETED *** WColumn USES Hierarchy,1286978388.1443,1289214752.85584,,,A0000001.A4000010,This association template has been deleted.,2.0,0.0,0.0,2.0,CMRwcolumn,HIERARCHYCOLUMNLIST,CMRhrarchy,HIERARCHYLIST,DELETED,0:m,0:m
CMRassocmgr,DELETED *** WColumn USES Crossing,1290438856.02773,1303146201.26034,,,A0000001.A4000011,This association template has been deleted.,2.0,0.0,0.0,2.0,CMRwcolumn,CROSSINGCOLUMNLIST,CMRcrossing,CROSSINGLIST,DELETED,0:m,0:m
CMRassocmgr,DELETED *** WColumn USES Query,1290438856.02784,1303146201.26037,,,A0000001.A4000012,This association template has been deleted.,2.0,0.0,0.0,2.0,CMRwcolumn,GROUPBYCOLUMNLIST,CMRquery,GROUPBYTARGETLIST,DELETED,0:m,0:m
CMRassocmgr,DELETED *** RowSelector USES WColumn,1290438856.02794,1303146201.26039,,,A0000001.A4000013,This association template has been deleted.,2.0,0.0,0.0,2.0,CMRrowsel,ROWSELTARGETLIST,CMRwcolumn,COLUMNLIST,DELETED,0:m,0:m
CMRassocmgr,DELETED *** CategoryMember HAS WColumn,1290438856.02805,1303146201.26042,,,A0000001.A4000014,This association template has been deleted.,2.0,0.0,0.0,2.0,CMRcatmem,VALUELIST,CMRwcolumn,COLUMNFORVALUE,DELETED,1:1,0:m
CMRassocmgr,DELETED *** WColumn IS_CONTAINED_IN_0_N KeyAssociation,1290438856.02817,1303146201.26044,,,A0000001.A4000015,This association template has been deleted.,2.0,0.0,0.0,2.0,CMRwcolumn,UKEYCOLUMN,CMRkeyassoc,UKEYASSOCIATIONLIST,DELETED,0:m,1:1
CMRassocmgr,DELETED *** Extension HAS Root,1290438856.02828,1303146201.26047,,,A0000001.A4000016,This association template has been deleted.,2.0,0.0,0.0,2.0,CMRxtension,EXTENSIONLIST,CMRroot,OBJECT,DELETED,1:1,0:m
CMRassocmgr,DELETED *** Index HAS PhysicalTable,1290438856.02838,1303146201.26049,,,A0000001.A4000017,This association template has been deleted.,2.0,0.0,0.0,2.0,CMRindex,INDEXLIST,CMRptable,INDEXEDTABLE,DELETED,1:1,0:m
CMRassocmgr,DELETED *** PhysicalTable IS_RELATED_TO_1 ColumnSet,1286191898.61738,1286210515.14651,,,A0000001.A4000018,This association template has been deleted.,2.0,0.0,0.0,2.0,CMRptable,PHYSICALSTORAGE,CMRcolset,COLUMNSET,DELETED,1:1,0:1
CMRassocmgr,DELETED *** JobFile HAS Job,1290438856.0286,1303146201.26053,,,A0000001.A4000019,This association template has been deleted.,2.0,0.0,0.0,2.0,CMRjobfile,JOBFILELIST,CMRjob,OWNINGJOB,DELETED,1:1,0:m
CMRassocmgr,DELETED *** DataFile CONTAINS Job,1290438856.0287,1303146201.26056,,,A0000001.A400001A,This association template has been deleted.,2.0,0.0,0.0,2.0,CMRdatafile,CREATEFILELIST,CMRjob,CREATIONJOB,DELETED,0:1,0:m
CMRassocmgr,DELETED *** Subset IS_RELATED_TO_1 LoaderProcess,1290438856.02892,1303146201.26058,,,A0000001.A400001B,This association template has been deleted.,2.0,0.0,0.0,2.0,CMRsubset,PROCESSSUBSET,CMRldproc,SUBSETPROCESS,DELETED,1:1,0:1
CMRassocmgr,DELETED *** Note IS_RELATED_TO_1 Root,1290438856.02903,1303146201.2606,,,A0000001.A400001C,This association template has been deleted.,2.0,0.0,0.0,2.0,CMRnote,OBJECTNOTE,CMRroot,OBJECT,DELETED,1:1,0:1
CMRassocmgr,DELETED *** Person IS_RELATED_TO_0_N Root,1286210512.81857,1286978395.12416,,,A0000001.A400001D,This association template has been deleted.,2.0,0.0,0.0,2.0,CMRperson,OWNER,CMRroot,OWNEDOBJECTLIST,DELETED,0:m,0:1
CMRassocmgr,DELETED *** Person IS_RELATED_TO_0_N Root,1286210512.81872,1286978395.12428,,,A0000001.A400001E,This association template has been deleted.,2.0,0.0,0.0,2.0,CMRperson,ADMINISTRATOR,CMRroot,ADMINISTEREDOBJECTLIST,DELETED,0:m,0:1
CMRassocmgr,DELETED *** Login USES Person,1290438856.02913,1303146201.26066,,,A0000001.A400001F,This association template has been deleted.,2.0,0.0,0.0,2.0,CMRlogin,LOGINLIST,CMRperson,PERSONLIST,DELETED,0:m,0:m
CMRassocmgr,DELETED *** WTable IS_COMPOSED_OF_0_N Query,1290438856.02937,1303146201.26069,,,A0000001.A400001G,This association template has been deleted.,2.0,0.0,0.0,2.0,CMRwtable,QUERYTABLESOURCELIST,CMRquery,QUERYTARGETLIST,DELETED,0:m,1:m
CMRassocmgr,DELETED *** WTable IS_COMPOSED_OF_0_N Join,1290438856.02948,1303146201.26071,,,A0000001.A400001H,This association template has been deleted.,2.0,0.0,0.0,2.0,CMRwtable,JOINSOURCELIST,CMRjoin,JOINTARGETLIST,DELETED,0:m,1:m
CMRassocmgr,DELETED *** Cube IS_RELATED_TO_1 WTable,1286978388.15311,1289214752.85627,,,A0000001.A400001I,This association template has been deleted.,2.0,0.0,0.0,2.0,CMRcube,OLAPCUBE,CMRwtable,CUBESTRUCTURE,DELETED,1:1,0:1
CMRassocmgr,DELETED *** Crossing HAS WTable,1286978388.15326,1289214752.8563,,,A0000001.A400001J,This association template has been deleted.,2.0,0.0,0.0,2.0,CMRcrossing,CROSSINGLIST,CMRwtable,CROSSINGSTRUCTURE,DELETED,1:1,0:m
CMRassocmgr,DELETED *** SourceCode IS_RELATED_TO_1 Process,1290438856.0296,1303146201.26077,,,A0000001.A400001K,This association template has been deleted.,2.0,0.0,0.0,2.0,CMRsrccode,CODESOURCE,CMRprocess,SOURCECODEPROCESS,DELETED,1:1,0:1
CMRassocmgr,DELETED *** AuxProcess HAS Process,1286191898.61937,1286210515.14699,,,A0000001.A400001L,This association template has been deleted.,2.0,0.0,0.0,2.0,CMRauxprcs,POSTPROCESS,CMRprocess,AFTERPROCESS,DELETED,1:1,0:m
CMRassocmgr,DELETED *** SourceStore IS_RELATED_TO_1 Process,1290438856.02982,1303146201.26081,,,A0000001.A400001M,This association template has been deleted.,2.0,0.0,0.0,2.0,CMRsrcstore,STOREDCODESOURCE,CMRprocess,SOURCECODEPROCESS,DELETED,1:1,0:1
CMRassocmgr,DELETED *** Query IS_RELATED_TO_1 Process,1290438856.02993,1303146201.26084,,,A0000001.A400001N,This association template has been deleted.,2.0,0.0,0.0,2.0,CMRquery,PROCESSQUERY,CMRprocess,PROCESSOBJECT,DELETED,1:1,0:1
CMRassocmgr,DELETED *** DeployedComponent USES Process,1290438856.03005,1303146201.26086,,,A0000001.A400001O,This association template has been deleted.,2.0,0.0,0.0,2.0,CMRdepcomp,COMPUTELOCATIONLIST,CMRprocess,COMPUTETASKLIST,DELETED,0:m,0:m
CMRassocmgr,DELETED *** AuxProcess HAS Process,1286191898.61997,1286210515.14716,,,A0000001.A400001P,This association template has been deleted.,2.0,0.0,0.0,2.0,CMRauxprcs,PREPROCESS,CMRprocess,BEFOREPROCESS,DELETED,1:1,0:m
CMRassocmgr,DELETED *** Process IS_CONTAINED_IN_0_N Transform,1290438856.03027,1303146201.2609,,,A0000001.A400001Q,This association template has been deleted.,2.0,0.0,0.0,2.0,CMRprocess,PROCESSOBJECT,CMRtrnsform,TRANSFORMLIST,DELETED,0:m,1:1
CMRassocmgr,DELETED *** RowSelector IS_RELATED_TO_1_N WorkTable,1290438856.03039,1303146201.26093,,,A0000001.A400001R,This association template has been deleted.,2.0,0.0,0.0,2.0,CMRrowsel,ROWSELECT,CMRwrktable,SELECTEDTABLELIST,DELETED,1:m,0:1
CMRassocmgr,DELETED *** SASPassword HAS SASStore,1286978388.15489,1289214752.85651,,,A0000001.A400001S,This association template has been deleted.,2.0,0.0,0.0,2.0,CMRsaspass,SASPASSWORDLIST,CMRpsas,SASFILE,DELETED,1:1,0:m
CMRassocmgr,DELETED *** ColumnTransform HAS Mapping,1290438856.03049,1303146201.26097,,,A0000001.A400001T,This association template has been deleted.,2.0,0.0,0.0,2.0,CMRctrnfm,COLTRANSFORMLIST,CMRmapping,MAP,DELETED,1:1,0:m
CMRassocmgr,DELETED *** ColumnTransform IS_COMPOSED_OF_0_1 Query,1290438856.0306,1303146201.26099,,,A0000001.A400001U,This association template has been deleted.,2.0,0.0,0.0,2.0,CMRctrnfm,SELECTCOLUMNLIST,CMRquery,SELECTQUERY,DELETED,0:1,1:m
CMRassocmgr,DELETED *** ColumnTransform CONTAINS Query,1290438856.03071,1303146201.26102,,,A0000001.A400001V,This association template has been deleted.,2.0,0.0,0.0,2.0,CMRctrnfm,ORDERBYCOLUMNLIST,CMRquery,ORDERBYQUERY,DELETED,0:1,0:m
CMRassocmgr,DELETED *** SourceStore CONTAINS ColumnTransform,1290438856.03083,1303146201.26104,,,A0000001.A400001W,This association template has been deleted.,2.0,0.0,0.0,2.0,CMRsrcstore,STOREDCODELIST,CMRctrnfm,COLUMNTRANSFORMOBJECT,DELETED,0:1,0:m
CMRassocmgr,DELETED *** SASDBMSConnection IS_RELATED_TO_0_N WLibrary,1290438856.03095,1303146201.26106,,,A0000001.A400001X,This association template has been deleted.,2.0,0.0,0.0,2.0,CMRdbmsconn,DBMSCONNECTION,CMRwlibrary,LIBRARYLIST,DELETED,0:m,0:1
CMRassocmgr,DELETED *** WLibrary USES SourceCatEntry,1290438856.03105,1303146201.26109,,,A0000001.A400001Y,This association template has been deleted.,2.0,0.0,0.0,2.0,CMRwlibrary,LIBRARYLIST,CMRsrccat,SOURCECATENTRYLIST,DELETED,0:m,0:m
CMRassocmgr,DELETED *** Root USES Document,1290438856.03138,1303146201.26111,,,A0000001.A400001Z,This association template has been deleted.,2.0,0.0,0.0,2.0,CMRroot,DOCUMENTEDOBJECTLIST,CMRdocument,DOCUMENTLIST,DELETED,0:m,0:m
CMRassocmgr,DELETED *** Hierarchy IS_RELATED_TO_1 Dimension,1290438856.0316,1303146201.26114,,,A0000001.A4000020,This association template has been deleted.,2.0,0.0,0.0,2.0,CMRhrarchy,DEFAULTHIERARCHY,CMRdim,DEFAULTFORDIMENSION,DELETED,1:1,0:1
CMRassocmgr,DELETED *** Cube IS_CONTAINED_IN_0_1 Dimension,1290438856.03171,1303146201.29048,,,A0000001.A4000021,This association template has been deleted.,2.0,0.0,0.0,2.0,CMRcube,DEFAULTFORCUBE,CMRdim,DEFAULTDIMENSION,DELETED,0:1,1:1
CMRassocmgr,DELETED *** Dimension HAS Cube,1286978388.15682,1289214752.85776,,,A0000001.A4000022,This association template has been deleted.,2.0,0.0,0.0,2.0,CMRdim,DIMENSIONLIST,CMRcube,OWNINGCUBE,DELETED,1:1,0:m
CMRassocmgr,DELETED *** Dimension IS_CONTAINED_IN_0_N Hierarchy,1290438856.03193,1303146201.29054,,,A0000001.A4000023,This association template has been deleted.,2.0,0.0,0.0,2.0,CMRdim,OWNINGDIMENSION,CMRhrarchy,HIERARCHYLIST,DELETED,0:m,1:1
CMRassocmgr,DELETED *** Dimension IS_CONTAINED_IN_0_N CategoryHierarchy,1290438856.03204,1303146201.29056,,,A0000001.A4000024,This association template has been deleted.,2.0,0.0,0.0,2.0,CMRdim,DIMENSION,CMRcathier,CATEGORYHIERARCHYLIST,DELETED,0:m,1:1
CMRassocmgr,DELETED *** Dimension IS_CONTAINED_IN_0_N CategoricalAttribu,1290438856.03216,1303146201.29062,,,A0000001.A4000025,This association template has been deleted.,2.0,0.0,0.0,2.0,CMRdim,DIMENSION,CMRcatatt,CATEGORICALATTRIBUTELIST,DELETED,0:m,1:1
CMRassocmgr,DELETED *** Connection HAS DeployedComponent,1290438856.03295,1303146201.29065,,,A0000001.A4000026,This association template has been deleted.,2.0,0.0,0.0,2.0,CMRcnction,SOURCECONNECTIONLIST,CMRdepcomp,SOURCE,DELETED,1:1,0:m
CMRassocmgr,DELETED *** DeployedComponent USES Connection,1290438856.03306,1303146201.29067,,,A0000001.A4000027,This association template has been deleted.,2.0,0.0,0.0,2.0,CMRdepcomp,PROVIDERLIST,CMRcnction,PROVIDERCONNECTIONLIST,DELETED,0:m,0:m
CMRassocmgr,DELETED *** Machine IS_RELATED_TO_0_N DeployedComponent,1290438856.03317,1303146201.29069,,,A0000001.A4000028,This association template has been deleted.,2.0,0.0,0.0,2.0,CMRmachine,OWNINGMACHINE,CMRdepcomp,DEPCOMPONENTLIST,DELETED,0:m,0:1
CMRassocmgr,DELETED *** DeployedComponent USES DeployedDataPackage,1290438856.03329,1303146201.29071,,,A0000001.A4000029,This association template has been deleted.,2.0,0.0,0.0,2.0,CMRdepcomp,LINKEDTOCOMPONENTLIST,CMRddatapkg,AVAILABLEPACKAGELIST,DELETED,0:m,0:m
CMRassocmgr,DELETED *** DeployedComponent IS_COMPOSED_OF_0_N LocalizedPr,1290438856.03341,1303146201.29074,,,A0000001.A400002A,This association template has been deleted.,2.0,0.0,0.0,2.0,CMRdepcomp,DEPLOYEDCOMPONENTLIST,CMRlproc,INITPROCESSLIST,DELETED,0:m,1:m
CMRassocmgr,DELETED *** DeployedComponent IS_CONTAINED_IN_0_1 InitInfo,1290438856.03352,1303146201.29076,,,A0000001.A400002B,This association template has been deleted.,2.0,0.0,0.0,2.0,CMRdepcomp,INITCOMPONENT,CMRinitinfo,INITINFORMATION,DELETED,0:1,1:1
CMRassocmgr,DELETED *** AuthDomain IS_RELATED_TO_0_N Connection,1290438856.03364,1303146201.29078,,,A0000001.A400002C,This association template has been deleted.,2.0,0.0,0.0,2.0,CMRauthdom,CONNECTIONDOMAIN,CMRcnction,DOMAINCONNECTIONLIST,DELETED,0:m,0:1
CMRassocmgr,DELETED *** DeployedDataPackage USES DataFile,1290438856.03386,1303146201.29081,,,A0000001.A400002D,This association template has been deleted.,2.0,0.0,0.0,2.0,CMRddatapkg,DATAPACKAGELIST,CMRdatafile,DATAFILELIST,DELETED,0:m,0:m
CMRassocmgr,DELETED *** DeployedDataPackage USES DeployedDataPackage,1290438856.03397,1303146201.29083,,,A0000001.A400002E,This association template has been deleted.,2.0,0.0,0.0,2.0,CMRddatapkg,USEDPACKAGELIST,CMRddatapkg,USINGPACKAGELIST,DELETED,0:m,0:m
CMRassocmgr,DELETED *** SourceFile USES Directory,1290438856.03407,1303146201.29086,,,A0000001.A400002F,This association template has been deleted.,2.0,0.0,0.0,2.0,CMRsrcfile,SOURCEFILELIST,CMRdirectry,DIRLIST,DELETED,0:m,0:m
CMRassocmgr,DELETED *** KeyAssociation IS_COMPOSED_OF ForeignKey,1290438856.03418,1303146201.29088,,,A0000001.A400002G,This association template has been deleted.,2.0,0.0,0.0,2.0,CMRkeyassoc,KEYASSOCIATIONLIST,CMRfkey,ASSOCIATEDFOREIGNKEY,DELETED,1:1,1:m
CMRassocmgr,DELETED *** ForeignKey HAS DataFile,1290438856.03428,1303146201.2909,,,A0000001.A400002H,This association template has been deleted.,2.0,0.0,0.0,2.0,CMRfkey,FOREIGNKEYLIST,CMRdatafile,FKTABLE,DELETED,1:1,0:m
CMRassocmgr,DELETED *** UniqueKey IS_CONTAINED_IN_0_N ForeignKey,1290438856.0344,1303146201.29093,,,A0000001.A400002I,This association template has been deleted.,2.0,0.0,0.0,2.0,CMRukey,PARTNERUNIQUEKEY,CMRfkey,FOREIGNKEYLIST,DELETED,0:m,1:1
CMRassocmgr,DELETED *** UniqueKey HAS DataFile,1290438856.03449,1303146201.29095,,,A0000001.A400002J,This association template has been deleted.,2.0,0.0,0.0,2.0,CMRukey,UNIQUEKEYLIST,CMRdatafile,UKTABLE,DELETED,1:1,0:m
CMRassocmgr,DELETED *** DataFile USES DataFile,1290438856.0346,1303146201.29098,,,A0000001.A400002K,This association template has been deleted.,2.0,0.0,0.0,2.0,CMRdatafile,INPUTSOURCELIST,CMRdatafile,OUTPUTTARGETLIST,DELETED,0:m,0:m
CMRassocmgr,DELETED *** PrimaryKey HAS DataFile,1286210512.82532,1286978395.12751,,,A0000001.A400002L,This association template has been deleted.,2.0,0.0,0.0,2.0,CMRprimkey,PRIMARYKEYLIST,CMRdatafile,PKTABLE,DELETED,1:1,0:m
CMRassocmgr,DELETED *** DataFile IS_COMPOSED_OF_0_1 LoaderProcess,1290438856.03471,1303146201.29102,,,A0000001.A400002M,This association template has been deleted.,2.0,0.0,0.0,2.0,CMRdatafile,OUTPUTTABLELIST,CMRldproc,LOADPROCESS,DELETED,0:1,1:m
CMRassocmgr,DELETED *** DataFile IS_RELATED_TO_0_N DataFile,1290438856.03482,1303146201.2911,,,A0000001.A400002N,This association template has been deleted.,2.0,0.0,0.0,2.0,CMRdatafile,DATAGROUP,CMRdatafile,DATAMEMBERLIST,DELETED,0:m,0:1
CMRassocmgr,DELETED *** ScriptFile IS_RELATED_TO_0_N SASConnect,1290438856.03504,1303146201.29112,,,A0000001.A400002O,This association template has been deleted.,2.0,0.0,0.0,2.0,CMRscrfile,USESCRIPT,CMRsasconn,SCRIPTCONNECTIONLIST,DELETED,0:m,0:1
CMRassocmgr,DELETED *** AuthDomain IS_RELATED_TO_0_N Login,1290438856.03515,1303146201.29115,,,A0000001.A400002P,This association template has been deleted.,2.0,0.0,0.0,2.0,CMRauthdom,LOGINDOMAIN,CMRlogin,LOGINLIST,DELETED,0:m,0:1
CMRassocmgr,DELETED *** Login IS_RELATED_TO_0_N InitInfo,1290438856.03525,1303146201.29117,,,A0000001.A400002Q,This association template has been deleted.,2.0,0.0,0.0,2.0,CMRlogin,INITLOGIN,CMRinitinfo,INITLIST,DELETED,0:m,0:1
CMRassocmgr,DELETED *** SourceStore IS_RELATED_TO_0_N Transform,1290438856.03547,1303146201.29123,,,A0000001.A400002R,This association template has been deleted.,2.0,0.0,0.0,2.0,CMRsrcstore,STOREDCODELIST,CMRtrnsform,TRANSFORMOBJECT,DELETED,0:m,0:1
CMRassocmgr,DELETED *** Where IS_RELATED_TO_1 Query,1290438856.04878,1303146201.29127,,,A0000001.A400002S,This association template has been deleted.,2.0,0.0,0.0,2.0,CMRwhere,WHERECLAUSE,CMRquery,QUERYOBJECT,DELETED,1:1,0:1
CMRassocmgr,DELETED *** Having IS_RELATED_TO_1 Query,1290438856.04892,1303146201.29129,,,A0000001.A400002T,This association template has been deleted.,2.0,0.0,0.0,2.0,CMRhaving,HAVINGCLAUSE,CMRquery,QUERYOBJECT,DELETED,1:1,0:1
CMRassocmgr,DELETED *** AbstractColumn USES Where,1290438856.04902,1303146201.29131,,,A0000001.A400002U,This association template has been deleted.,2.0,0.0,0.0,2.0,CMRabscol,ACOLUMNLIST,CMRwhere,WHERETARGETLIST,DELETED,0:m,0:m
CMRassocmgr,DELETED *** AbstractColumn USES Having,1290438856.04912,1303146201.29134,,,A0000001.A400002V,This association template has been deleted.,2.0,0.0,0.0,2.0,CMRabscol,ACOLUMNLIST,CMRhaving,HAVINGTARGETLIST,DELETED,0:m,0:m
CMRassocmgr,DELETED *** On IS_RELATED_TO_1 Join,1290438856.04922,1303146201.2914,,,A0000001.A400002W,This association template has been deleted.,2.0,0.0,0.0,2.0,CMRon,ONCLAUSE,CMRjoin,JOINOBJECT,DELETED,1:1,0:1
CMRassocmgr,DELETED *** AbstractColumn USES On,1290438856.04932,1303146201.29142,,,A0000001.A400002X,This association template has been deleted.,2.0,0.0,0.0,2.0,CMRabscol,ACOLUMNLIST,CMRon,ONCLAUSETARGETLIST,DELETED,0:m,0:m
CMRassocmgr,DELETED *** CategoricalAttribute IS_CONTAINED_IN_0_N Categor,1290438856.04944,1303146201.29145,,,A0000001.A400002Y,This association template has been deleted.,2.0,0.0,0.0,2.0,CMRcatatt,CATEGORICALATTRIBUTE,CMRcatmem,CATEGORYMEMBERLIST,DELETED,0:m,1:1
CMRassocmgr,DELETED *** CategoryHierarchy USES CategoricalAttribute,1290438856.04955,1303146201.29147,,,A0000001.A400002Z,This association template has been deleted.,2.0,0.0,0.0,2.0,CMRcathier,CATEGORYLHIERARCHYLIST,CMRcatatt,CATEGORICALATTRIBUTELIST,DELETED,0:m,0:m
CMRassocmgr,DELETED *** AbstractColumn USES AbstractColumn,1290438856.04966,1303146201.29159,,,A0000001.A4000030,This association template has been deleted.,2.0,0.0,0.0,2.0,CMRabscol,COLUMNSOURCELIST,CMRabscol,COLUMNTARGETLIST,DELETED,0:m,0:m
CMRassocmgr,DELETED *** Tree IS_CONTAINED_IN_0_N Group,1290438856.02698,1303146201.29162,,,A0000001.A4000031,This association template has been deleted.,2.0,0.0,0.0,2.0,CMRtree,OWNINGTREE,CMRgroup,TREEGROUPLIST,DELETED,0:m,1:1
CMRassocmgr,DELETED *** AuxProcess HAS Process,1290438856.0297,1303146201.2918,,,A0000001.A4000032,This association template has been deleted.,2.0,0.0,0.0,2.0,CMRauxprcs,POSTPROCESSLIST,CMRprocess,AFTERPROCESS,DELETED,1:1,0:m
CMRassocmgr,DELETED *** AuxProcess HAS Process,1290438856.03015,1303146201.29196,,,A0000001.A4000033,This association template has been deleted.,2.0,0.0,0.0,2.0,CMRauxprcs,PREPROCESSLIST,CMRprocess,BEFOREPROCESS,DELETED,1:1,0:m
CMRassocmgr,DELETED *** PhysicalTable IS_RELATED_TO_1 ColumnSet,1286978388.15078,1289214752.85857,,,A0000001.A4000034,This association template has been deleted.,2.0,0.0,0.0,2.0,CMRptable,PHYSICALSTORAGE,CMRcolset,OWNINGCOLUMNSET,DELETED,1:1,0:1
CMRassocmgr,DELETED *** AbstractGroup USES Root,1290438856.03127,1303146201.29201,,,A0000001.A4000035,This association template has been deleted.,2.0,0.0,0.0,2.0,CMRabsgroup,GROUPLIST,CMRroot,MEMBERLIST,DELETED,0:m,0:m
CMRassocmgr,DELETED *** Connection IS_CONTAINED_IN_0_N Option,1290438856.03375,1303146201.29203,,,A0000001.A4000036,This association template has been deleted.,2.0,0.0,0.0,2.0,CMRcnction,OPTIONEDCONNECTION,CMRoption,OPTIONLIST,DELETED,0:m,1:1
CMRassocmgr,DELETED *** DataFile IS_CONTAINED_IN_0_N Option,1290438856.03493,1303146201.29206,,,A0000001.A4000037,This association template has been deleted.,2.0,0.0,0.0,2.0,CMRdatafile,OPTIONEDDATAFILE,CMRoption,OPTIONLIST,DELETED,0:m,1:1
CMRassocmgr,DELETED *** ResponsibleParty HAS_1_N_OF Person,1286978388.15263,1289214752.85866,,,A0000001.A4000038,This association template has been deleted.,2.0,0.0,0.0,2.0,CMRrespons,RESPONSIBILITYLIST,CMRperson,PERSONLIST,DELETED,1:m,0:m
CMRassocmgr,DELETED *** Root USES ResponsibleParty,1290438856.03148,1303146201.2921,,,A0000001.A4000039,This association template has been deleted.,2.0,0.0,0.0,2.0,CMRroot,OWNEDOBJECTLIST,CMRrespons,RESPONSIBLEPARTYLIST,DELETED,0:m,0:m
CMRassocmgr,DELETED *** Scheduler IS_CONTAINED_IN_0_N Option,1290438856.03271,1303146201.29212,,,A0000001.A400003A,This association template has been deleted.,2.0,0.0,0.0,2.0,CMRschedulr,OPTIONEDSCHEDULER,CMRoption,OPTIONLIST,DELETED,0:m,1:1
CMRassocmgr,DELETED *** TextFile IS_CONTAINED_IN_0_N Option,1290438856.03536,1303146201.29214,,,A0000001.A400003B,This association template has been deleted.,2.0,0.0,0.0,2.0,CMRtextfile,OPTIONEDTEXTFILE,CMRoption,OPTIONLIST,DELETED,0:m,1:1
CMRassocmgr,DELETED *** Transform IS_CONTAINED_IN_0_N Option,1290438856.04977,1303146201.29217,,,A0000001.A400003C,This association template has been deleted.,2.0,0.0,0.0,2.0,CMRtrnsform,OPTIONEDTRANSFORM,CMRoption,OPTIONLIST,DELETED,0:m,1:1
CMRassocmgr,DELETED *** WLibrary IS_CONTAINED_IN_0_N Option,1290438856.03117,1303146201.29222,,,A0000001.A400003D,This association template has been deleted.,2.0,0.0,0.0,2.0,CMRwlibrary,OPTIONEDLIBRARY,CMRoption,OPTIONLIST,DELETED,0:m,1:1
CMRassocmgr,DELETED *** CubeRegLevelAssoc HAS CubeRegion,1290438856.04987,1303146201.29225,,,A0000001.A400003E,This association template has been deleted.,2.0,0.0,0.0,2.0,CMRclassoc,CUBELEVELASSOCLIST,CMRcubereg,OWNINGCUBEREGION,DELETED,1:1,0:m
CMRassocmgr,DELETED *** Cube IS_CONTAINED_IN_0_N CubeRegion,1290438856.03259,1303146201.29227,,,A0000001.A400003F,This association template has been deleted.,2.0,0.0,0.0,2.0,CMRcube,OWNINGCUBE,CMRcubereg,CUBEREGIONLIST,DELETED,0:m,1:1
CMRassocmgr,DELETED *** Dimension USES Cube,1290438856.03181,1303146201.29229,,,A0000001.A400003G,This association template has been deleted.,2.0,0.0,0.0,2.0,CMRdim,DIMENSIONLIST,CMRcube,CUBELIST,DELETED,0:m,0:m
CMRassocmgr,DELETED *** Dimension IS_CONTAINED_IN_0_N Level,1290438856.03227,1303146201.29232,,,A0000001.A400003H,This association template has been deleted.,2.0,0.0,0.0,2.0,CMRdim,OWNINGDIMENSION,CMRlevel,DIMENSIONLEVELLIST,DELETED,0:m,1:1
CMRassocmgr,DELETED *** Hierarchy USES Cube,1290438856.03248,1303146201.29234,,,A0000001.A400003I,This association template has been deleted.,2.0,0.0,0.0,2.0,CMRhrarchy,CUBEHIERARCHYLIST,CMRcube,HIERARCHYCUBELIST,DELETED,0:m,0:m
CMRassocmgr,DELETED *** Hierarchy USES Level,1290438856.03238,1303146201.29237,,,A0000001.A400003J,This association template has been deleted.,2.0,0.0,0.0,2.0,CMRhrarchy,LEVELHIERARCHYLIST,CMRlevel,HIERARCHYLEVELLIST,DELETED,0:m,0:m
CMRassocmgr,DELETED *** Level IS_CONTAINED_IN_0_N CubeRegLevelAssoc,1290438856.05009,1303146201.29239,,,A0000001.A400003K,This association template has been deleted.,2.0,0.0,0.0,2.0,CMRlevel,OWNINGLEVEL,CMRclassoc,CUBERLEVELASSOCLIST,DELETED,0:m,1:1
CMRassocmgr,DELETED *** Level IS_CONTAINED_IN_0_N Member,1290438856.04998,1303146201.29241,,,A0000001.A400003L,This association template has been deleted.,2.0,0.0,0.0,2.0,CMRlevel,OWNINGLEVEL,CMRmember,LEVELMEMBERLIST,DELETED,0:m,1:1
CMRassocmgr,DELETED *** Member CONTAINS CubeRegLevelAssoc,1290438856.05019,1303146201.29244,,,A0000001.A400003M,This association template has been deleted.,2.0,0.0,0.0,2.0,CMRmember,CUBERMEMBERLIST,CMRclassoc,OWNINGCRLEVEL,DELETED,0:1,0:m
CMRassocmgr,DELETED *** Person IS_COMPOSED_OF_0_N ResponsibleParty,1290438856.02925,1303146201.2925,,,A0000001.A400003N,This association template has been deleted.,2.0,0.0,0.0,2.0,CMRperson,PERSONLIST,CMRrespons,RESPONSIBILITYLIST,DELETED,0:m,1:m
CMRassocmgr,DELETED *** SASPassword HAS PhysicalTable,1290438856.02849,1303146201.29277,,,A0000001.A400003O,This association template has been deleted.,2.0,0.0,0.0,2.0,CMRsaspass,SASPASSWORDLIST,CMRptable,SASFILE,DELETED,1:1,0:m
CMRassocmgr,DELETED *** ScheduledJob HAS Job,1290438856.02881,1303146201.2928,,,A0000001.A400003P,This association template has been deleted.,2.0,0.0,0.0,2.0,CMRschedjob,SCHEDULEDJOBLIST,CMRjob,STARTINGJOB,DELETED,1:1,0:m
CMRassocmgr,DELETED *** Scheduler IS_RELATED_TO_0_N ScheduledJob,1290438856.03284,1303146201.29282,,,A0000001.A400003Q,This association template has been deleted.,2.0,0.0,0.0,2.0,CMRschedulr,OWNINGSCHEDULER,CMRschedjob,SCHEDULEDJOBLIST,DELETED,0:m,0:1
CMRassocmgr,AuthenticationDomain IS_RELATED_TO_0_N Connection,1357142686.822,1357142686.822,,,A0000001.A400003R,Compiled by ModelCompiler on 02JAN03 16:04,2.0,0.0,0.0,2.0,CMRauthdom,DOMAIN,CMRcnction,CONNECTIONS,IS_RELATED_TO_0_N,0:m,0:1
CMRassocmgr,AuthenticationDomain IS_RELATED_TO_0_N Login,1357142686.822,1357142686.822,,,A0000001.A400003S,Compiled by ModelCompiler on 02JAN03 16:04,2.0,0.0,0.0,2.0,CMRauthdom,DOMAIN,CMRlogin,LOGINS,IS_RELATED_TO_0_N,0:m,0:1
CMRassocmgr,SASCatalog IS_RELATED_TO_0_N SASCatalogEntry,1357142686.822,1357142686.822,,,A0000001.A400003T,Compiled by ModelCompiler on 02JAN03 16:04,2.0,0.0,0.0,2.0,CMRcatalog,ASSOCIATEDSASCATALOG,CMRcatentry,SASCATALOGENTRIES,IS_RELATED_TO_0_N,0:m,0:1
CMRassocmgr,DELETED *** SASCatalogEntry IS_CONTAINED_IN_0_1 SASInformati,1316012620.55187,1317654891.66201,,,A0000001.A400003U,This association template has been deleted.,2.0,0.0,0.0,2.0,CMRcatentry,OWNINGCATALOGENTRY,CMRsasinfo,ASSOCIATEDSASINFORMATION,DELETED,0:1,1:1
CMRassocmgr,Classifier USES ClassifierMap,1357142686.822,1357142686.822,,,A0000001.A400003V,Compiled by ModelCompiler on 02JAN03 16:04,2.0,0.0,0.0,2.0,CMRclsifier,CLASSIFIERSOURCES,CMRcmap,SOURCECLASSIFIERMAPS,USES,0:m,0:m
CMRassocmgr,DELETED *** ClassifierMap USES TransformationStep,1312803217.58798,1313334683.63108,,,A0000001.A400003W,This association template has been deleted.,2.0,0.0,0.0,2.0,CMRcmap,CLASSIFIERMAPS,CMRtrnsstep,STEPS,DELETED,0:m,0:m
CMRassocmgr,DELETED *** ClassifierMap IS_RELATED_TO_0_1 CubeRegion,1311609069.8586,1312122755.65091,,,A0000001.A400003X,This association template has been deleted.,2.0,0.0,0.0,2.0,CMRcmap,CONTENTMAP,CMRcubereg,ASSOCIATEDCUBEREGION,DELETED,0:1,0:1
CMRassocmgr,ClassifierMap USES Classifier,1357142686.822,1357142686.822,,,A0000001.A400003Y,Compiled by ModelCompiler on 02JAN03 16:04,2.0,0.0,0.0,2.0,CMRcmap,TARGETCLASSIFIERMAPS,CMRclsifier,CLASSIFIERTARGETS,USES,0:m,0:m
CMRassocmgr,DELETED *** Connection IS_RELATED_TO_0_N Option,1311609069.90273,1312122755.65096,,,A0000001.A400003Z,This association template has been deleted.,2.0,0.0,0.0,2.0,CMRcnction,ASSOCIATEDCONNECTION,CMRoptions,OPTIONS,DELETED,0:m,0:1
CMRassocmgr,Connection HAS DeployedComponent,1357142686.822,1357142686.822,,,A0000001.A4000040,Compiled by ModelCompiler on 02JAN03 16:04,2.0,0.0,0.0,2.0,CMRcnction,SOURCECONNECTIONS,CMRdepcomp,SOURCE,HAS,1:1,0:m
CMRassocmgr,Cube USES Measure,1357142686.812,1357142686.812,,,A0000001.A4000041,Compiled by ModelCompiler on 02JAN03 16:04,2.0,0.0,0.0,2.0,CMRcube,CUBES,CMRomeasure,MEASURES,USES,0:m,0:m
CMRassocmgr,Cube CONTAINS OLAPSchema,1357142686.812,1357142686.812,,,A0000001.A4000042,Compiled by ModelCompiler on 02JAN03 16:04,2.0,0.0,0.0,2.0,CMRcube,CUBES,CMRoschema,ASSOCIATEDOLAPSCHEMA,CONTAINS,0:1,0:m
CMRassocmgr,DELETED *** Cube HAS Dimension,1313334681.35682,1315408742.4321,,,A0000001.A4000043,This association template has been deleted.,2.0,0.0,0.0,2.0,CMRcube,DEFAULTFORCUBES,CMRdim,DEFAULTDIMENSION,DELETED,1:1,"0:m"
CMRassocmgr,DELETED *** Cube IS_CONTAINED_IN_0_N CubeRegion,1313334681.35726,1315408742.43214,,,A0000001.A4000044,This association template has been deleted.,2.0,0.0,0.0,2.0,CMRcube,OWNINGCUBE,CMRcubereg,CUBEREGIONS,DELETED,0:m,"1:1"
CMRassocmgr,DELETED *** DeployedDataPackage USES DeployedDataPackage,1316012620.55211,1317654891.66218,,,A0000001.A4000045,This association template has been deleted.,2.0,0.0,0.0,2.0,CMRddatapkg,USEDBYPACKAGES,CMRddatapkg,USINGPACKAGES,DELETED,0:m,0:m
CMRassocmgr,DeployedDataPackage USES DeployedDataPackage,1357142686.822,1357142686.822,,,A0000001.A4000045,Compiled by ModelCompiler on 02JAN03 16:04,2.0,0.0,0.0,2.0,CMRddatapkg,USEDBYPACKAGES,CMRddatapkg,USINGPACKAGES,USES,0:m,0:m
CMRassocmgr,DELETED *** DeployedComponent IS_RELATED_TO_0_N Option,1311609069.90313,1312122755.65108,,,A0000001.A4000046,This association template has been deleted.,2.0,0.0,0.0,2.0,CMRdepcomp,ASSOCIATEDDEPLOYEDCOMPONENT,CMRoptions,OPTIONS,DELETED,0:m,0:1
CMRassocmgr,DeployedComponent USES AbstractTransformation,1357142686.822,1357142686.822,,,A0000001.A4000047,Compiled by ModelCompiler on 02JAN03 16:04,2.0,0.0,0.0,2.0,CMRdepcomp,COMPUTELOCATIONS,CMRtransfm,COMPUTETASKS,USES,0:m,0:m
CMRassocmgr,DeployedComponent USES DeployedDataPackage,1357142686.822,1357142686.822,,,A0000001.A4000048,Compiled by ModelCompiler on 02JAN03 16:04,2.0,0.0,0.0,2.0,CMRdepcomp,DEPLOYEDCOMPONENTS,CMRddatapkg,DATAPACKAGES,USES,0:m,0:m
CMRassocmgr,DeployedComponent USES AbstractTransformation,1357142686.822,1357142686.822,,,A0000001.A4000049,Compiled by ModelCompiler on 02JAN03 16:04,2.0,0.0,0.0,2.0,CMRdepcomp,DEPLOYEDCOMPONENTS,CMRtransfm,INITPROCESSES,USES,0:m,0:m
CMRassocmgr,DELETED *** DeployedComponent IS_CONTAINED_IN_0_1 InitInfo,1313334681.3797,1315408742.43223,,,A0000001.A400004A,This association template has been deleted.,2.0,0.0,0.0,2.0,CMRdepcomp,OWNINGDEPLOYEDCOMPONENT,CMRinitinfo,INITIALIZATIONINFORMATION,DELETED,0:1,"1:1"
CMRassocmgr,DeployedComponent USES Connection,1357142686.822,1357142686.822,,,A0000001.A400004B,Compiled by ModelCompiler on 02JAN03 16:04,2.0,0.0,0.0,2.0,CMRdepcomp,PROVIDERS,CMRcnction,PROVIDERCONNECTIONS,USES,0:m,0:m
CMRassocmgr,DeployedComponent USES DeployedComponent,1357142686.822,1357142686.822,,,A0000001.A400004C,Compiled by ModelCompiler on 02JAN03 16:04,2.0,0.0,0.0,2.0,CMRdepcomp,USEDBYCOMPONENTS,CMRdepcomp,USINGCOMPONENTS,USES,0:m,0:m
CMRassocmgr,Dimension USES Cube,1357142686.812,1357142686.812,,,A0000001.A400004D,Compiled by ModelCompiler on 02JAN03 16:04,2.0,0.0,0.0,2.0,CMRdim,DIMENSIONS,CMRcube,CUBES,USES,0:m,0:m
CMRassocmgr,Dimension IS_CONTAINED_IN_0_N Level,1357142686.812,1357142686.812,,,A0000001.A400004E,Compiled by ModelCompiler on 02JAN03 16:04,2.0,0.0,0.0,2.0,CMRdim,OWNINGDIMENSION,CMRlevel,LEVELS,IS_CONTAINED_IN_0_N,0:m,1:1
CMRassocmgr,Dimension IS_CONTAINED_IN_0_N Hierarchy,1357142686.812,1357142686.812,,,A0000001.A400004F,Compiled by ModelCompiler on 02JAN03 16:04,2.0,0.0,0.0,2.0,CMRdim,OWNINGDIMENSION,CMRohier,HIERARCHIES,IS_CONTAINED_IN_0_N,0:m,1:1
CMRassocmgr,Dimension IS_CONTAINED_IN_0_N Measure,1357142686.812,1357142686.812,,,A0000001.A400004G,Compiled by ModelCompiler on 02JAN03 16:04,2.0,0.0,0.0,2.0,CMRdim,OWNINGDIMENSION,CMRomeasure,MEASURES,IS_CONTAINED_IN_0_N,0:m,1:1
CMRassocmgr,DELETED *** DataTable IS_RELATED_TO_0_N Option,1311609069.90284,1312122755.65125,,,A0000001.A400004H,This association template has been deleted.,2.0,0.0,0.0,2.0,CMRdtable,ASSOCIATEDDATATABLE,CMRoptions,OPTIONS,DELETED,0:m,0:1
CMRassocmgr,DELETED *** DataTable IS_CONTAINED_IN_0_1 WATableLoadInfo,1303146197.59791,1303912046.54902,,,A0000001.A400004I,This association template has been deleted.,2.0,0.0,0.0,2.0,CMRdtable,LOADEDTABLE,CMRwaload,WALOADINFO,DELETED,0:1,1:1
CMRassocmgr,Email USES Person,1357142686.822,1357142686.822,,,A0000001.A400004J,Compiled by ModelCompiler on 02JAN03 16:04,2.0,0.0,0.0,2.0,CMRemail,EMAILADDRESSES,CMRperson,PERSONS,USES,0:m,0:m
CMRassocmgr,Feature USES FeatureMap,1357142686.822,1357142686.822,,,A0000001.A400004K,Compiled by ModelCompiler on 02JAN03 16:04,2.0,0.0,0.0,2.0,CMRfeature,FEATURESOURCES,CMRfmap,SOURCEFEATUREMAPS,USES,0:m,0:m
CMRassocmgr,DELETED *** File IS_RELATED_TO_0_N Option,1311609069.90324,1312122755.65132,,,A0000001.A400004L,This association template has been deleted.,2.0,0.0,0.0,2.0,CMRfile,ASSOCIATEDFILE,CMRoptions,OPTIONS,DELETED,0:m,0:1
CMRassocmgr,File USES Directory,1357142686.822,1357142686.822,,,A0000001.A400004M,Compiled by ModelCompiler on 02JAN03 16:04,2.0,0.0,0.0,2.0,CMRfile,FILES,CMRdirectry,DIRECTORIES,USES,0:m,0:m
CMRassocmgr,File IS_CONTAINED_IN_0_1 ExternalTable,1357142686.822,1357142686.822,,,A0000001.A400004N,Compiled by ModelCompiler on 02JAN03 16:04,2.0,0.0,0.0,2.0,CMRfile,OWNINGFILE,CMRetable,ASSOCIATEDEXTERNALTABLE,IS_CONTAINED_IN_0_1,0:1,1:1
CMRassocmgr,DELETED *** File IS_CONTAINED_IN_0_1 InformationFile,1316012620.55255,1317654891.66245,,,A0000001.A400004O,This association template has been deleted.,2.0,0.0,0.0,2.0,CMRfile,OWNINGFILE,CMRinfofile,ASSOCIATEDINFORMATIONFILE,DELETED,0:1,1:1
CMRassocmgr,File USES SASClientConnection,1357142686.822,1357142686.822,,,A0000001.A400004P,Compiled by ModelCompiler on 02JAN03 16:04,2.0,0.0,0.0,2.0,CMRfile,SCRIPTFILES,CMRscconn,SCRIPTEDCONNECTIONS,USES,0:m,0:m
CMRassocmgr,ForeignKey HAS DataTable,1357142686.822,1357142686.822,,,A0000001.A400004Q,Compiled by ModelCompiler on 02JAN03 16:04,2.0,0.0,0.0,2.0,CMRfkey,FOREIGNKEYS,CMRdtable,TABLE,HAS,1:1,0:m
CMRassocmgr,FeatureMap CONTAINS ClassifierMap,1357142686.822,1357142686.822,,,A0000001.A400004R,Compiled by ModelCompiler on 02JAN03 16:04,2.0,0.0,0.0,2.0,CMRfmap,FEATUREMAPS,CMRcmap,ASSOCIATEDCLASSIFIERMAP,CONTAINS,0:1,0:m
CMRassocmgr,FeatureMap USES Feature,1357142686.822,1357142686.822,,,A0000001.A400004S,Compiled by ModelCompiler on 02JAN03 16:04,2.0,0.0,0.0,2.0,CMRfmap,TARGETFEATUREMAPS,CMRfeature,FEATURETARGETS,USES,0:m,0:m
CMRassocmgr,Group USES SoftwareComponent,1357142686.822,1357142686.822,,,A0000001.A400004T,Compiled by ModelCompiler on 02JAN03 16:04,2.0,0.0,0.0,2.0,CMRgroup,SOFTWAREGROUPS,CMRsoftcomp,SOFTWARECOMPONENTS,USES,0:m,0:m
CMRassocmgr,DELETED *** Index IS_RELATED_TO_0_N Option,1311609069.90336,1312122755.6515,,,A0000001.A400004U,This association template has been deleted.,2.0,0.0,0.0,2.0,CMRindex,ASSOCIATEDINDEX,CMRoptions,OPTIONS,DELETED,0:m,0:1
CMRassocmgr,DELETED *** Index HAS PhysicalTable,1303912043.83547,1305552980.63824,,,A0000001.A400004V,This association template has been deleted.,2.0,0.0,0.0,2.0,CMRindex,INDEXES,CMRptable,OWNINGPHSYICALTABLE,DELETED,1:1,0:m
CMRassocmgr,JoinTable IS_CONTAINED_IN_0_1 Join,1357142686.822,1357142686.822,,,A0000001.A400004W,Compiled by ModelCompiler on 02JAN03 16:04,2.0,0.0,0.0,2.0,CMRjtable,OWNINGJOINTABLE,CMRjoin,TABLEJOIN,IS_CONTAINED_IN_0_1,0:1,1:1
CMRassocmgr,Key HAS_1_N_OF Column,1357142686.822,1357142686.822,,,A0000001.A400004X,Compiled by ModelCompiler on 02JAN03 16:04,2.0,0.0,0.0,2.0,CMRkey,KEYS,CMRwcolumn,KEYEDCOLUMNS,HAS_1_N_OF,1:m,0:m
CMRassocmgr,KeyAssociation HAS ForeignKey,1357142686.822,1357142686.822,,,A0000001.A400004Y,Compiled by ModelCompiler on 02JAN03 16:04,2.0,0.0,0.0,2.0,CMRkeyassoc,KEYASSOCIATIONS,CMRfkey,OWNINGFOREIGNKEY,HAS,1:1,0:m
CMRassocmgr,Location USES Person,1357142686.822,1357142686.822,,,A0000001.A400004Z,Compiled by ModelCompiler on 02JAN03 16:04,2.0,0.0,0.0,2.0,CMRlocation,LOCATIONS,CMRperson,PERSONS,USES,0:m,0:m
CMRassocmgr,DELETED *** Login IS_RELATED_TO_0_N InitInfo,1313334681.38025,1315408742.43263,,,A0000001.A4000050,This association template has been deleted.,2.0,0.0,0.0,2.0,CMRlogin,ASSOCIATEDINITLOGIN,CMRinitinfo,INITINFOS,DELETED,0:m,"0:1"
CMRassocmgr,DELETED *** Login USES Person,1312803217.60859,1313334683.65023,,,A0000001.A4000051,This association template has been deleted.,2.0,0.0,0.0,2.0,CMRlogin,LOGINS,CMRperson,PERSONS,DELETED,0:m,0:m
CMRassocmgr,Machine IS_RELATED_TO_0_N DeployedComponent,1357142686.822,1357142686.822,,,A0000001.A4000052,Compiled by ModelCompiler on 02JAN03 16:04,2.0,0.0,0.0,2.0,CMRmachine,ASSOCIATEDMACHINE,CMRdepcomp,DEPLOYEDCOMPONENTS,IS_RELATED_TO_0_N,0:m,0:1
CMRassocmgr,Hierarchy IS_RELATED_TO_0_1 Dimension,1357142686.812,1357142686.812,,,A0000001.A4000053,Compiled by ModelCompiler on 02JAN03 16:04,2.0,0.0,0.0,2.0,CMRohier,DEFAULTHIERARCHY,CMRdim,DEFAULTFORDIMENSION,IS_RELATED_TO_0_1,0:1,0:1
CMRassocmgr,Hierarchy USES Cube,1357142686.812,1357142686.812,,,A0000001.A4000054,Compiled by ModelCompiler on 02JAN03 16:04,2.0,0.0,0.0,2.0,CMRohier,HIERARCHIES,CMRcube,CUBES,USES,0:m,0:m
CMRassocmgr,Hierarchy USES Level,1357142686.812,1357142686.812,,,A0000001.A4000055,Compiled by ModelCompiler on 02JAN03 16:04,2.0,0.0,0.0,2.0,CMRohier,HIERARCHIES,CMRlevel,LEVELS,USES,0:m,0:m
CMRassocmgr,OnClause IS_RELATED_TO_1 Join,1357142686.822,1357142686.822,,,A0000001.A4000056,Compiled by ModelCompiler on 02JAN03 16:04,2.0,0.0,0.0,2.0,CMRon,ONFORJOIN,CMRjoin,OWNINGJOIN,IS_RELATED_TO_1,1:1,0:1
CMRassocmgr,Person USES ResponsibleParty,1357142686.822,1357142686.822,,,A0000001.A4000057,Compiled by ModelCompiler on 02JAN03 16:04,2.0,0.0,0.0,2.0,CMRperson,PERSONS,CMRrespons,RESPONSIBILITIES,USES,0:m,0:m
CMRassocmgr,Phone USES Person,1357142686.822,1357142686.822,,,A0000001.A4000058,Compiled by ModelCompiler on 02JAN03 16:04,2.0,0.0,0.0,2.0,CMRphone,PHONENUMBERS,CMRperson,PERSONS,USES,0:m,0:m
CMRassocmgr,Root USES Group,1357142686.822,1357142686.822,,,A0000001.A4000059,Compiled by ModelCompiler on 02JAN03 16:04,2.0,0.0,0.0,2.0,CMRroot,MEMBERS,CMRgroup,GROUPS,USES,0:m,0:m
CMRassocmgr,Root USES Tree,1357142686.822,1357142686.822,,,A0000001.A400005A,Compiled by ModelCompiler on 02JAN03 16:04,2.0,0.0,0.0,2.0,CMRroot,MEMBERS,CMRtree,TREES,USES,0:m,0:m
CMRassocmgr,Root USES Document,1357142686.822,1357142686.822,,,A0000001.A400005B,Compiled by ModelCompiler on 02JAN03 16:04,2.0,0.0,0.0,2.0,CMRroot,OBJECTS,CMRdocument,DOCUMENTS,USES,0:m,0:m
CMRassocmgr,Root USES ResponsibleParty,1357142686.822,1357142686.822,,,A0000001.A400005C,Compiled by ModelCompiler on 02JAN03 16:04,2.0,0.0,0.0,2.0,CMRroot,OBJECTS,CMRrespons,RESPONSIBLEPARTIES,USES,0:m,0:m
CMRassocmgr,Root IS_CONTAINED_IN_0_N AbstractExtension,1357142686.822,1357142686.822,,,A0000001.A400005D,Compiled by ModelCompiler on 02JAN03 16:04,2.0,0.0,0.0,2.0,CMRroot,OWNINGOBJECT,CMRabsext,EXTENSIONS,IS_CONTAINED_IN_0_N,0:m,1:1
CMRassocmgr,RowSelector IS_RELATED_TO_1 ClassifierMap,1357142686.822,1357142686.822,,,A0000001.A400005E,Compiled by ModelCompiler on 02JAN03 16:04,2.0,0.0,0.0,2.0,CMRrowsel,ASSOCIATEDROWSELECTOR,CMRcmap,OWNINGCLASSIFIERMAP,IS_RELATED_TO_1,1:1,0:1
CMRassocmgr,SASPassword CONTAINS PhysicalTable,1357142686.822,1357142686.822,,,A0000001.A400005F,Compiled by ModelCompiler on 02JAN03 16:04,2.0,0.0,0.0,2.0,CMRsaspass,SASPASSWORDS,CMRptable,PROTECTEDTABLE,CONTAINS,0:1,0:m
CMRassocmgr,SASClientConnection IS_RELATED_TO_0_N SASLibrary,1357142686.822,1357142686.822,,,A0000001.A400005G,Compiled by ModelCompiler on 02JAN03 16:04,2.0,0.0,0.0,2.0,CMRscconn,LIBRARYCONNECTION,CMRwlibrary,LIBRARIES,IS_RELATED_TO_0_N,0:m,0:1
CMRassocmgr,Select IS_CONTAINED_IN_0_1 GroupByClause,1357142686.822,1357142686.822,,,A0000001.A400005H,Compiled by ModelCompiler on 02JAN03 16:04,2.0,0.0,0.0,2.0,CMRslct,OWNINGSELECT,CMRgroupby,GROUPBYFORSELECT,IS_CONTAINED_IN_0_1,0:1,1:1
CMRassocmgr,Select IS_CONTAINED_IN_0_1 HavingClause,1357142686.822,1357142686.822,,,A0000001.A400005I,Compiled by ModelCompiler on 02JAN03 16:04,2.0,0.0,0.0,2.0,CMRslct,OWNINGSELECT,CMRhaving,HAVINGFORSELECT,IS_CONTAINED_IN_0_1,0:1,1:1
CMRassocmgr,Select IS_CONTAINED_IN_0_1 OrderByClause,1357142686.822,1357142686.822,,,A0000001.A400005J,Compiled by ModelCompiler on 02JAN03 16:04,2.0,0.0,0.0,2.0,CMRslct,OWNINGSELECT,CMRorderby,ORDERBYFORSELECT,IS_CONTAINED_IN_0_1,0:1,1:1
CMRassocmgr,Select IS_CONTAINED_IN_0_1 WhereClause,1357142686.822,1357142686.822,,,A0000001.A400005K,Compiled by ModelCompiler on 02JAN03 16:04,2.0,0.0,0.0,2.0,CMRslct,OWNINGSELECT,CMRwhere,WHEREFORSELECT,IS_CONTAINED_IN_0_1,0:1,1:1
CMRassocmgr,SoftwareComponent IS_RELATED_TO_0_N DeployedComponent,1357142686.822,1357142686.822,,,A0000001.A400005L,Compiled by ModelCompiler on 02JAN03 16:04,2.0,0.0,0.0,2.0,CMRsoftcomp,DESCRIPTIVECOMPONENT,CMRdepcomp,DEPLOYEDCOMPONENTS,IS_RELATED_TO_0_N,0:m,0:1
CMRassocmgr,StepPrecedence HAS_1_N_OF TransformationStep,1357142686.822,1357142686.822,,,A0000001.A400005M,Compiled by ModelCompiler on 02JAN03 16:04,2.0,0.0,0.0,2.0,CMRsteppred,PREDECESSORDEPENDENCIES,CMRtrnsstep,PREDECESSORS,HAS_1_N_OF,1:m,0:m
CMRassocmgr,StepPrecedence HAS_1_N_OF TransformationStep,1357142686.822,1357142686.822,,,A0000001.A400005N,Compiled by ModelCompiler on 02JAN03 16:04,2.0,0.0,0.0,2.0,CMRsteppred,SUCCESSORDEPENDENCIES,CMRtrnsstep,SUCCESSORS,HAS_1_N_OF,1:m,0:m
CMRassocmgr,Text IS_RELATED_TO_0_1 QueryClause,1357142686.822,1357142686.822,,,A0000001.A400005O,Compiled by ModelCompiler on 02JAN03 16:04,2.0,0.0,0.0,2.0,CMRtext,SOURCECODE,CMRqryseg,ASSOCIATEDQUERYCLAUSE,IS_RELATED_TO_0_1,0:1,0:1
CMRassocmgr,Text IS_RELATED_TO_0_1 AbstractTransformation,1357142686.822,1357142686.822,,,A0000001.A400005P,Compiled by ModelCompiler on 02JAN03 16:04,2.0,0.0,0.0,2.0,CMRtext,SOURCECODE,CMRtransfm,ASSOCIATEDTRANSFORMATION,IS_RELATED_TO_0_1,0:1,0:1
CMRassocmgr,DELETED *** TablePackage IS_RELATED_TO_0_N DataTable,1321379572.19603,1322395982.93473,,,A0000001.A400005Q,This association template has been deleted.,2.0,0.0,0.0,2.0,CMRtpkg,TABLEPACKAGES,CMRdtable,TABLES,DELETED,0:m,"0:1"
CMRassocmgr,DELETED *** AbstractTransformation IS_RELATED_TO_0_N Option,1311609069.87459,1312122755.652,,,A0000001.A400005R,This association template has been deleted.,2.0,0.0,0.0,2.0,CMRtransfm,ASSOCIATEDTRANSFORMATION,CMRoptions,OPTIONS,DELETED,0:m,0:1
CMRassocmgr,Tree IS_RELATED_TO_0_N Tree,1357142686.822,1357142686.822,,,A0000001.A400005S,Compiled by ModelCompiler on 02JAN03 16:04,2.0,0.0,0.0,2.0,CMRtree,PARENTTREE,CMRtree,SUBTREES,IS_RELATED_TO_0_N,0:m,0:1
CMRassocmgr,Tree USES SoftwareComponent,1357142686.822,1357142686.822,,,A0000001.A400005T,Compiled by ModelCompiler on 02JAN03 16:04,2.0,0.0,0.0,2.0,CMRtree,SOFTWARETREES,CMRsoftcomp,SOFTWARECOMPONENTS,USES,0:m,0:m
CMRassocmgr,DELETED *** TransformationActivity USES Root,1303912043.83063,1305552980.63882,,,A0000001.A400005U,This association template has been deleted.,2.0,0.0,0.0,2.0,CMRtrnsact,SOURCETRANSFORMATIONS,CMRroot,TRANFORMATIONSOURCES,DELETED,0:m,0:m
CMRassocmgr,DELETED *** TransformationActivity USES Root,1303912043.83075,1305552980.63884,,,A0000001.A400005V,This association template has been deleted.,2.0,0.0,0.0,2.0,CMRtrnsact,TARGETTRANSFORMATIONS,CMRroot,TRANSFORMATIONTARGETS,DELETED,0:m,0:m
CMRassocmgr,TransformationStep HAS_1_N_OF TransformationActivity,1357142686.822,1357142686.822,,,A0000001.A400005W,Compiled by ModelCompiler on 02JAN03 16:04,2.0,0.0,0.0,2.0,CMRtrnsstep,STEPS,CMRtrnsact,ACTIVITIES,HAS_1_N_OF,1:m,0:m
CMRassocmgr,TextStore USES Root,1357142686.822,1357142686.822,,,A0000001.A400005X,Compiled by ModelCompiler on 02JAN03 16:04,2.0,0.0,0.0,2.0,CMRtxtstore,NOTES,CMRroot,OBJECTS,USES,0:m,0:m
CMRassocmgr,UniqueKey IS_CONTAINED_IN_0_N ForeignKey,1357142686.822,1357142686.822,,,A0000001.A400005Y,Compiled by ModelCompiler on 02JAN03 16:04,2.0,0.0,0.0,2.0,CMRukey,PARTNERUNIQUEKEY,CMRfkey,FOREIGNKEYS,IS_CONTAINED_IN_0_N,0:m,1:1
CMRassocmgr,UniqueKey HAS DataTable,1357142686.822,1357142686.822,,,A0000001.A400005Z,Compiled by ModelCompiler on 02JAN03 16:04,2.0,0.0,0.0,2.0,CMRukey,UNIQUEKEYS,CMRdtable,TABLE,HAS,1:1,0:m
CMRassocmgr,Column HAS DataTable,1357142686.822,1357142686.822,,,A0000001.A4000060,Compiled by ModelCompiler on 02JAN03 16:04,2.0,0.0,0.0,2.0,CMRwcolumn,COLUMNS,CMRdtable,TABLE,HAS,1:1,0:m
CMRassocmgr,Column USES Index,1357142686.822,1357142686.822,,,A0000001.A4000061,Compiled by ModelCompiler on 02JAN03 16:04,2.0,0.0,0.0,2.0,CMRwcolumn,COLUMNS,CMRindex,INDEXES,USES,0:m,0:m
CMRassocmgr,Column USES QueryClause,1357142686.822,1357142686.822,,,A0000001.A4000062,Compiled by ModelCompiler on 02JAN03 16:04,2.0,0.0,0.0,2.0,CMRwcolumn,COLUMNS,CMRqryseg,QUERYCLAUSES,USES,0:m,0:m
CMRassocmgr,Column IS_CONTAINED_IN_0_N KeyAssociation,1357142686.822,1357142686.822,,,A0000001.A4000063,Compiled by ModelCompiler on 02JAN03 16:04,2.0,0.0,0.0,2.0,CMRwcolumn,FOREIGNKEYCOLUMN,CMRkeyassoc,FOREIGNKEYASSOCIATIONS,IS_CONTAINED_IN_0_N,0:m,1:1
CMRassocmgr,Column IS_CONTAINED_IN_0_N KeyAssociation,1357142686.822,1357142686.822,,,A0000001.A4000064,Compiled by ModelCompiler on 02JAN03 16:04,2.0,0.0,0.0,2.0,CMRwcolumn,UNIQUEKEYCOLUMN,CMRkeyassoc,UNIQUEKEYASSOCIATIONS,IS_CONTAINED_IN_0_N,0:m,1:1
CMRassocmgr,DELETED *** SASLibrary IS_RELATED_TO_0_N Option,1311609069.90347,1312122755.67133,,,A0000001.A4000065,This association template has been deleted.,2.0,0.0,0.0,2.0,CMRwlibrary,ASSOCIATEDSASLIBRARY,CMRoptions,OPTIONS,DELETED,0:m,0:1
CMRassocmgr,DELETED *** Job IS_RELATED_TO_0_N TransformationActivity,1303912043.83086,1305552980.63903,,,A0000001.A4000066,This association template has been deleted.,2.0,0.0,0.0,2.0,CMRjob,ASSOCIATEDJOB,CMRtrnsact,ACTIVITIES,DELETED,0:m,0:1
CMRassocmgr,ServiceType USES DeployedComponent,1357142686.822,1357142686.822,,,A0000001.A4000067,Compiled by ModelCompiler on 02JAN03 16:04,2.0,0.0,0.0,2.0,CMRsrvtype,SERVICETYPES,CMRdepcomp,DEPLOYEDCOMPONENTS,USES,0:m,0:m
CMRassocmgr,DELETED *** Aggregation USES MultidimensionalObject,1317654889.1592,1321379574.51118,,,A0000001.A4000068,This association template has been deleted.,2.0,0.0,0.0,2.0,CMRaggregat,AGGREGATIONS,CMRmddbobj,MULTIDIMENSIONALOBJECTS,DELETED,0:m,"0:m"
CMRassocmgr,Index HAS PhysicalTable,1357142686.822,1357142686.822,,,A0000001.A4000069,Compiled by ModelCompiler on 02JAN03 16:04,2.0,0.0,0.0,2.0,CMRindex,INDEXES,CMRptable,OWNINGPHYSICALTABLE,HAS,1:1,0:m
CMRassocmgr,DELETED *** WAJob IS_RELATED_TO_0_N TransformationActivity,1322395980.04362,1329824315.85768,,,A0000001.A400006A,This association template has been deleted.,2.0,0.0,0.0,2.0,CMRjob,ASSOCIATEDJOB,CMRtrnsact,WAACTIVITIES,DELETED,0:m,"0:1"
CMRassocmgr,Keyword USES Root,1357142686.822,1357142686.822,,,A0000001.A400006B,Compiled by ModelCompiler on 02JAN03 16:04,2.0,0.0,0.0,2.0,CMRkeyword,KEYWORDS,CMRroot,OBJECTS,USES,0:m,0:m
CMRassocmgr,DELETED *** Level IS_COMPOSED_OF_0_N Aggregation,1312803217.58678,1313334683.6509,,,A0000001.A400006C,This association template has been deleted.,2.0,0.0,0.0,2.0,CMRlevel,AGGREGATEDLEVELS,CMRaggregat,AGGREGATIONS,DELETED,0:m,1:m
CMRassocmgr,Root USES AbstractTransformation,1357142686.822,1357142686.822,,,A0000001.A400006D,Compiled by ModelCompiler on 02JAN03 16:04,2.0,0.0,0.0,2.0,CMRroot,TRANSFORMATIONSOURCES,CMRtransfm,SOURCETRANSFORMATIONS,USES,0:m,0:m
CMRassocmgr,AbstractTransformation USES Root,1357142686.822,1357142686.822,,,A0000001.A400006E,Compiled by ModelCompiler on 02JAN03 16:04,2.0,0.0,0.0,2.0,CMRtransfm,TARGETTRANSFORMATIONS,CMRroot,TRANSFORMATIONTARGETS,USES,0:m,0:m
CMRassocmgr,DELETED *** File IS_RELATED_TO_0_1 MultidimensionalObject,1306321959.99584,1307626874.94255,,,A0000001.A400006F,This association template has been deleted.,2.0,0.0,0.0,2.0,CMRfile,ASSOCIATEDFILE,CMRmddbobj,ASSOCIATEDMULITDIMENSIONALOBJECT,DELETED,0:1,0:1
CMRassocmgr,DELETED *** File IS_RELATED_TO_0_1 MultidimensionalObject,1317654889.1598,1321379574.53558,,,A0000001.A400006G,This association template has been deleted.,2.0,0.0,0.0,2.0,CMRfile,ASSOCIATEDFILE,CMRmddbobj,ASSOCIATEDMULTIDIMENSIONALOBJECT,DELETED,0:1,"0:1"
CMRassocmgr,Login IS_RELATED_TO_0_N SASLibrary,1357142686.822,1357142686.822,,,A0000001.A400006H,Compiled by ModelCompiler on 02JAN03 16:04,2.0,0.0,0.0,2.0,CMRlogin,DEFAULTLOGIN,CMRwlibrary,LIBRARIES,IS_RELATED_TO_0_N,0:m,0:1
CMRassocmgr,LocalizedResource HAS LocalizedType,1357142686.822,1357142686.822,,,A0000001.A400006I,Compiled by ModelCompiler on 02JAN03 16:04,2.0,0.0,0.0,2.0,CMRlrsrc,RESOURCES,CMRloctype,LOCALIZEDOBJECT,HAS,1:1,0:m
CMRassocmgr,DELETED *** Property USES SoftwareComponent,1311609070.00643,1312122755.67159,,,A0000001.A400006J,This association template has been deleted.,2.0,0.0,0.0,2.0,CMRprop,CUSTOMIZEDPROPERTIES,CMRsoftcomp,CUSTOMIZERS,DELETED,0:m,0:m
CMRassocmgr,DELETED *** Property USES SoftwareComponent,1311609070.00654,1312122755.67162,,,A0000001.A400006K,This association template has been deleted.,2.0,0.0,0.0,2.0,CMRprop,EDITEDPROPERTIES,CMRsoftcomp,EDITORS,DELETED,0:m,0:m
CMRassocmgr,DELETED *** Property CONTAINS PropertyGroup,1308162289.62847,1308163686.76534,,,A0000001.A400006L,This association template has been deleted.,2.0,0.0,0.0,2.0,CMRprop,PROPERTIES,CMRpropgrp,ASSOCPROPERTYGROUP,DELETED,0:1,0:m
CMRassocmgr,DELETED *** Property USES SoftwareComponent,1311609070.00579,1312122755.67165,,,A0000001.A400006M,This association template has been deleted.,2.0,0.0,0.0,2.0,CMRprop,VALIDATEDPROPERTIES,CMRsoftcomp,VALIDATORS,DELETED,0:m,0:m
CMRassocmgr,PropertyGroup IS_RELATED_TO_0_N PropertyGroup,1357142686.822,1357142686.822,,,A0000001.A400006N,Compiled by ModelCompiler on 02JAN03 16:04,2.0,0.0,0.0,2.0,CMRpropgrp,PARENTGROUP,CMRpropgrp,SUBPROPERTYGROUPS,IS_RELATED_TO_0_N,0:m,0:1
CMRassocmgr,PropertyType CONTAINS PropertyType,1357142686.822,1357142686.822,,,A0000001.A400006O,Compiled by ModelCompiler on 02JAN03 16:04,2.0,0.0,0.0,2.0,CMRproptype,ARRAYTYPES,CMRproptype,ELEMENTTYPE,CONTAINS,0:1,0:m
CMRassocmgr,PropertyType IS_RELATED_TO_0_1 Text,1357142686.822,1357142686.822,,,A0000001.A400006P,Compiled by ModelCompiler on 02JAN03 16:04,2.0,0.0,0.0,2.0,CMRproptype,ASSOCIATEDTYPE,CMRtext,STOREDCONFIGURATION,IS_RELATED_TO_0_1,0:1,0:1
CMRassocmgr,PropertyType USES SoftwareComponent,1357142686.822,1357142686.822,,,A0000001.A400006Q,Compiled by ModelCompiler on 02JAN03 16:04,2.0,0.0,0.0,2.0,CMRproptype,CUSTOMIZEDTYPES,CMRsoftcomp,CUSTOMIZERS,USES,0:m,0:m
CMRassocmgr,PropertyType USES SoftwareComponent,1357142686.822,1357142686.822,,,A0000001.A400006R,Compiled by ModelCompiler on 02JAN03 16:04,2.0,0.0,0.0,2.0,CMRproptype,EDITEDTYPES,CMRsoftcomp,EDITORS,USES,0:m,0:m
CMRassocmgr,PropertyType IS_CONTAINED_IN_0_N Property,1357142686.822,1357142686.822,,,A0000001.A400006S,Compiled by ModelCompiler on 02JAN03 16:04,2.0,0.0,0.0,2.0,CMRproptype,OWNINGTYPE,CMRprop,TYPEDPROPERTIES,IS_CONTAINED_IN_0_N,0:m,1:1
CMRassocmgr,PropertyType USES SoftwareComponent,1357142686.822,1357142686.822,,,A0000001.A400006T,Compiled by ModelCompiler on 02JAN03 16:04,2.0,0.0,0.0,2.0,CMRproptype,VALIDATEDTYPES,CMRsoftcomp,VALIDATORS,USES,0:m,0:m
CMRassocmgr,Root IS_RELATED_TO_0_N Property,1357142686.822,1357142686.822,,,A0000001.A400006U,Compiled by ModelCompiler on 02JAN03 16:04,2.0,0.0,0.0,2.0,CMRroot,ASSOCIATEDOBJECT,CMRprop,PROPERTIES,IS_RELATED_TO_0_N,0:m,0:1
CMRassocmgr,DELETED *** Root IS_RELATED_TO_0_1 PropertyGroup,1311609069.90246,1312122755.6718,,,A0000001.A400006V,This association template has been deleted.,2.0,0.0,0.0,2.0,CMRroot,ASSOCIATEDOBJECT,CMRpropgrp,ASSOCIATEDPROPERTYGROUP,DELETED,0:1,0:1
CMRassocmgr,Root USES AbstractTransformation,1357142686.822,1357142686.822,,,A0000001.A400006W,Compiled by ModelCompiler on 02JAN03 16:04,2.0,0.0,0.0,2.0,CMRroot,SOURCESPECIFICATIONS,CMRtransfm,SPECSOURCETRANSFORMATIONS,USES,0:m,0:m
CMRassocmgr,Root USES AbstractTransformation,1357142686.822,1357142686.822,,,A0000001.A400006X,Compiled by ModelCompiler on 02JAN03 16:04,2.0,0.0,0.0,2.0,CMRroot,TARGETSPECIFICATIONS,CMRtransfm,SPECTARGETTRANSFORMATIONS,USES,0:m,0:m
CMRassocmgr,DELETED *** Root IS_RELATED_TO_0_N Root,1311609069.88979,1312122755.67185,,,A0000001.A400006Y,This association template has been deleted.,2.0,0.0,0.0,2.0,CMRroot,USINGPROTOTYPE,CMRroot,USEDBYPROTOTYPE,DELETED,0:m,0:1
CMRassocmgr,SoftwareComponent USES PropertyGroup,1357142686.822,1357142686.822,,,A0000001.A400006Z,Compiled by ModelCompiler on 02JAN03 16:04,2.0,0.0,0.0,2.0,CMRsoftcomp,CUSTOMIZERS,CMRpropgrp,PROPERTYGROUPS,USES,0:m,0:m
CMRassocmgr,DELETED *** Text IS_RELATED_TO_0_1 Property,1308162289.61126,1308163686.78699,,,A0000001.A4000070,This association template has been deleted.,2.0,0.0,0.0,2.0,CMRtext,STOREDCONFIGURATION,CMRprop,ASSOCIATEDPROPERTY,DELETED,0:1,0:1
CMRassocmgr,DELETED *** Property CONTAINS PropertyGroup,1311609070.02082,1312122755.6719,,,A0000001.A4000071,This association template has been deleted.,2.0,0.0,0.0,2.0,CMRprop,GROUPEDPROPERTIES,CMRpropgrp,ASSOCPROPERTYGROUP,DELETED,0:1,0:m
CMRassocmgr,DELETED *** Text IS_RELATED_TO_0_1 Property,1311609069.91823,1312122755.67192,,,A0000001.A4000072,This association template has been deleted.,2.0,0.0,0.0,2.0,CMRtext,STOREDCONFIGURATION,CMRprop,ASSOCPROPERTY,DELETED,0:1,0:1
CMRassocmgr,DELETED *** RepositoryControl USES RepositoryControl,1349891806.321,1352976904.271,,,A0000001.A4000073,This association template has been deleted.,2.0,0.0,0.0,2.0,CMRrposctrl,DEPENDENCYUSEDBY,CMRrposctrl,DEPENDENCYUSES,DELETED,0:m,0:m
CMRassocmgr,RepositoryControl USES RepositoryControl,1357142686.822,1357142686.822,,,A0000001.A4000073,Compiled by ModelCompiler on 02JAN03 16:04,2.0,0.0,0.0,2.0,CMRrposctrl,DEPENDENCYUSEDBY,CMRrposctrl,DEPENDENCYUSES,USES,0:m,0:m
CMRassocmgr,AbstractProperty USES SoftwareComponent,1357142686.822,1357142686.822,,,A0000001.A4000074,Compiled by ModelCompiler on 02JAN03 16:04,2.0,0.0,0.0,2.0,CMRabstrctp,CUSTOMIZEDPROPERTIES,CMRsoftcomp,CUSTOMIZERS,USES,0:m,0:m
CMRassocmgr,AbstractProperty USES SoftwareComponent,1357142686.822,1357142686.822,,,A0000001.A4000075,Compiled by ModelCompiler on 02JAN03 16:04,2.0,0.0,0.0,2.0,CMRabstrctp,EDITEDPROPERTIES,CMRsoftcomp,EDITORS,USES,0:m,0:m
CMRassocmgr,AbstractProperty USES SoftwareComponent,1357142686.822,1357142686.822,,,A0000001.A4000076,Compiled by ModelCompiler on 02JAN03 16:04,2.0,0.0,0.0,2.0,CMRabstrctp,VALIDATEDPROPERTIES,CMRsoftcomp,VALIDATORS,USES,0:m,0:m
CMRassocmgr,AssociationProperty USES Prototype,1357142686.822,1357142686.822,,,A0000001.A4000077,Compiled by ModelCompiler on 02JAN03 16:04,2.0,0.0,0.0,2.0,CMRassctnpr,ASSOCIATIONS,CMRproto,ASSOCIATEDPROTOTYPES,USES,0:m,0:m
CMRassocmgr,Change USES Root,1357142686.822,1357142686.822,,,A0000001.A4000078,Compiled by ModelCompiler on 02JAN03 16:04,2.0,0.0,0.0,2.0,CMRchange,CHANGES,CMRroot,OBJECTS,USES,0:m,0:m
CMRassocmgr,DELETED *** Change HAS_1_N_OF ChangeUser,1312803217.61003,1313334683.6696,,,A0000001.A4000079,This association template has been deleted.,2.0,0.0,0.0,2.0,CMRchange,CHANGESBYUSER,CMRchngsr,CHANGEUSERS,DELETED,1:m,0:m
CMRassocmgr,DELETED *** ChangeInfo IS_RELATED_TO_1 Root,1312803217.59182,1313334683.66962,,,A0000001.A400007A,This association template has been deleted.,2.0,0.0,0.0,2.0,CMRchngnf,ASSOCIATEDCHANGEINFO,CMRroot,OWNINGOBJECT,DELETED,1:1,0:1
CMRassocmgr,DELETED *** Connection IS_RELATED_TO_0_N Option,1313334681.36409,1315408742.45189,,,A0000001.A400007B,This association template has been deleted.,2.0,0.0,0.0,2.0,CMRcnction,ASSOCIATEDCONNECTION,CMRoption,OPTIONS,DELETED,0:m,"0:1"
CMRassocmgr,DELETED *** DeployedComponent IS_RELATED_TO_0_N Option,1313334681.36433,1315408742.45191,,,A0000001.A400007C,This association template has been deleted.,2.0,0.0,0.0,2.0,CMRdepcomp,ASSOCIATEDDEPLOYEDCOMPONENT,CMRoption,OPTIONS,DELETED,0:m,"0:1"
CMRassocmgr,DELETED *** DataTable IS_RELATED_TO_0_N Option,1313334681.36421,1315408742.45193,,,A0000001.A400007D,This association template has been deleted.,2.0,0.0,0.0,2.0,CMRdtable,ASSOCIATEDDATATABLE,CMRoption,OPTIONS,DELETED,0:m,"0:1"
CMRassocmgr,DataTable IS_CONTAINED_IN_0_N Role,1357142686.822,1357142686.822,,,A0000001.A400007E,Compiled by ModelCompiler on 02JAN03 16:04,2.0,0.0,0.0,2.0,CMRdtable,ROLEOBJECT,CMRrole0,ROLES,IS_CONTAINED_IN_0_N,0:m,1:1
CMRassocmgr,DELETED *** File IS_RELATED_TO_0_N Option,1313334681.36444,1315408742.45197,,,A0000001.A400007F,This association template has been deleted.,2.0,0.0,0.0,2.0,CMRfile,ASSOCIATEDFILE,CMRoption,OPTIONS,DELETED,0:m,"0:1"
CMRassocmgr,DELETED *** File IS_RELATED_TO_0_1 MultidimensionalObject,1317654889.16043,1321379574.53611,,,A0000001.A400007G,This association template has been deleted.,2.0,0.0,0.0,2.0,CMRfile,LOGFILE,CMRmddbobj,LOGGEDMULTIDIMENSIONALOBJECT,DELETED,0:1,"0:1"
CMRassocmgr,File IS_RELATED_TO_0_1 OLAPSchema,1357142686.822,1357142686.822,,,A0000001.A400007H,Compiled by ModelCompiler on 02JAN03 16:04,2.0,0.0,0.0,2.0,CMRfile,LOGFILE,CMRoschema,ASSOCIATEDOLAPSCHEMA,IS_RELATED_TO_0_1,0:1,0:1
CMRassocmgr,DELETED *** Index IS_RELATED_TO_0_N Option,1313334681.36456,1315408742.45202,,,A0000001.A400007I,This association template has been deleted.,2.0,0.0,0.0,2.0,CMRindex,ASSOCIATEDINDEX,CMRoption,OPTIONS,DELETED,0:m,"0:1"
CMRassocmgr,DELETED *** InitInfo CONTAINS Text,1313334681.37677,1315408742.45204,,,A0000001.A400007J,This association template has been deleted.,2.0,0.0,0.0,2.0,CMRinitinfo,INITINFOS,CMRtext,INITTEXT,DELETED,0:1,"0:m"
CMRassocmgr,DELETED *** MultidimensionalObject IS_RELATED_TO_0_N CubeReg,1313334681.35825,1315408742.45206,,,A0000001.A400007K,This association template has been deleted.,2.0,0.0,0.0,2.0,CMRmddbobj,ASSOCIATEDMDO,CMRcubereg,CUBEREGIONS,DELETED,0:m,"0:1"
CMRassocmgr,OLAPProperty CONTAINS Level,1357142686.812,1357142686.812,,,A0000001.A400007L,Compiled by ModelCompiler on 02JAN03 16:04,2.0,0.0,0.0,2.0,CMRolapprop,OLAPPROPERTIES,CMRlevel,ASSOCIATEDLEVEL,CONTAINS,0:1,0:m
CMRassocmgr,OLAPSchema IS_RELATED_TO_0_N Dimension,1357142686.812,1357142686.812,,,A0000001.A400007M,Compiled by ModelCompiler on 02JAN03 16:04,2.0,0.0,0.0,2.0,CMRoschema,ASSOCIATEDOLAPSCHEMA,CMRdim,DIMENSIONS,IS_RELATED_TO_0_N,0:m,0:1
CMRassocmgr,DELETED *** Person IS_CONTAINED_IN_0_1 ChangeUser,1312803217.60908,1313334683.66981,,,A0000001.A400007N,This association template has been deleted.,2.0,0.0,0.0,2.0,CMRperson,OWNINGPERSON,CMRchngsr,ASSOCIATEDCHANGEUSER,DELETED,0:1,1:1
CMRassocmgr,PropertyGroup IS_RELATED_TO_0_N AbstractProperty,1357142686.822,1357142686.822,,,A0000001.A400007O,Compiled by ModelCompiler on 02JAN03 16:04,2.0,0.0,0.0,2.0,CMRpropgrp,ASSOCIATEDPROPERTYGROUP,CMRabstrctp,GROUPEDPROPERTIES,IS_RELATED_TO_0_N,0:m,0:1
CMRassocmgr,PropertyType IS_CONTAINED_IN_0_N AttributeProperty,1357142686.822,1357142686.822,,,A0000001.A400007P,Compiled by ModelCompiler on 02JAN03 16:04,2.0,0.0,0.0,2.0,CMRproptype,OWNINGTYPE,CMRattprop,TYPEDATTPROPERTIES,IS_CONTAINED_IN_0_N,0:m,1:1
CMRassocmgr,PrototypeProperty HAS Prototype,1357142686.822,1357142686.822,,,A0000001.A400007Q,Compiled by ModelCompiler on 02JAN03 16:04,2.0,0.0,0.0,2.0,CMRprttyppr,PROTOTYPEPROPERTIES,CMRproto,OWNINGPROTOTYPE,HAS,1:1,0:m
CMRassocmgr,Root IS_RELATED_TO_0_1 PropertyGroup,1357142686.822,1357142686.822,,,A0000001.A400007R,Compiled by ModelCompiler on 02JAN03 16:04,2.0,0.0,0.0,2.0,CMRroot,ASSOCIATEDOBJECT,CMRpropgrp,PRIMARYPROPERTYGROUP,IS_RELATED_TO_0_1,0:1,0:1
CMRassocmgr,DELETED *** Root USES SoftwareComponent,1313334681.36322,1315408742.45218,,,A0000001.A400007S,This association template has been deleted.,2.0,0.0,0.0,2.0,CMRroot,CONSUMEDOBJECTS,CMRsoftcomp,CONSUMERS,DELETED,0:m,"0:m"
CMRassocmgr,Root IS_RELATED_TO_0_N Root,1357142686.822,1357142686.822,,,A0000001.A400007T,Compiled by ModelCompiler on 02JAN03 16:04,2.0,0.0,0.0,2.0,CMRroot,USINGPROTOTYPE,CMRroot,USEDBYPROTOTYPES,IS_RELATED_TO_0_N,0:m,0:1
CMRassocmgr,Text IS_RELATED_TO_0_1 AbstractProperty,1357142686.822,1357142686.822,,,A0000001.A400007U,Compiled by ModelCompiler on 02JAN03 16:04,2.0,0.0,0.0,2.0,CMRtext,STOREDCONFIGURATION,CMRabstrctp,ASSOCIATEDPROPERTY,IS_RELATED_TO_0_1,0:1,0:1
CMRassocmgr,DELETED *** AbstractTransformation IS_RELATED_TO_0_N Option,1313334681.36106,1315408742.45223,,,A0000001.A400007V,This association template has been deleted.,2.0,0.0,0.0,2.0,CMRtransfm,ASSOCIATEDTRANSFORMATION,CMRoption,OPTIONS,DELETED,0:m,"0:1"
CMRassocmgr,DELETED *** SASLibrary IS_RELATED_TO_0_N Option,1313334681.36467,1315408742.45225,,,A0000001.A400007W,This association template has been deleted.,2.0,0.0,0.0,2.0,CMRwlibrary,ASSOCIATEDSASLIBRARY,CMRoption,OPTIONS,DELETED,0:m,"0:1"
CMRassocmgr,AggregateAssociation HAS Aggregation,1357142686.822,1357142686.822,,,A0000001.A400007X,Compiled by ModelCompiler on 02JAN03 16:04,2.0,0.0,0.0,2.0,CMRaggrgtss,AGGREGATEASSOCIATIONS,CMRaggregat,OWNINGAGGREGATION,HAS,1:1,0:m
CMRassocmgr,ArchiveFile IS_CONTAINED_IN_0_N ArchiveEntry,1357142686.822,1357142686.822,,,A0000001.A400007Y,Compiled by ModelCompiler on 02JAN03 16:04,2.0,0.0,0.0,2.0,CMRarchvfl,OWNINGARCHIVE,CMRarchvntr,ARCHIVEENTRIES,IS_CONTAINED_IN_0_N,0:m,1:1
CMRassocmgr,DeployedComponent IS_CONTAINED_IN_0_N NamedService,1357142686.822,1357142686.822,,,A0000001.A400007Z,Compiled by ModelCompiler on 02JAN03 16:04,2.0,0.0,0.0,2.0,CMRdepcomp,NAMEDCOMPONENT,CMRnamdsrvc,SERVICENAMES,IS_CONTAINED_IN_0_N,0:m,1:1
CMRassocmgr,DeployedComponent USES NamedService,1357142686.822,1357142686.822,,,A0000001.A4000080,Compiled by ModelCompiler on 02JAN03 16:04,2.0,0.0,0.0,2.0,CMRdepcomp,NAMINGSERVICES,CMRnamdsrvc,NAMEDSERVICES,USES,0:m,0:m
CMRassocmgr,Identity IS_RELATED_TO_0_N Login,1357142686.822,1357142686.822,,,A0000001.A4000081,Compiled by ModelCompiler on 02JAN03 16:04,2.0,0.0,0.0,2.0,CMRidentity,ASSOCIATEDIDENTITY,CMRlogin,LOGINS,IS_RELATED_TO_0_N,0:m,0:1
CMRassocmgr,DELETED *** Identity IS_CONTAINED_IN_0_N Change,1322395980.04879,1329824315.85863,,,A0000001.A4000082,This association template has been deleted.,2.0,0.0,0.0,2.0,CMRidentity,CHANGEIDENTITY,CMRchange,CHANGESBYIDENTITY,DELETED,0:m,"1:1"
CMRassocmgr,Identity USES IdentityGroup,1357142686.822,1357142686.822,,,A0000001.A4000083,Compiled by ModelCompiler on 02JAN03 16:04,2.0,0.0,0.0,2.0,CMRidentity,MEMBERIDENTITIES,CMRidnttygr,IDENTITYGROUPS,USES,0:m,0:m
CMRassocmgr,DELETED *** LogicalColumn IS_CONTAINED_IN_0_1 AggregateAssoc,1316012619.87486,1317654891.71876,,,A0000001.A4000084,This association template has been deleted.,2.0,0.0,0.0,2.0,CMRlcolumn,MEASUREORLEVEL,CMRaggrgtss,MLAGGREGATION,DELETED,0:1,1:1
CMRassocmgr,Root IS_CONTAINED_IN_0_N ExternalIdentity,1357142686.822,1357142686.822,,,A0000001.A4000085,Compiled by ModelCompiler on 02JAN03 16:04,2.0,0.0,0.0,2.0,CMRroot,OWNINGOBJECT,CMRextrnldn,EXTERNALIDENTITIES,IS_CONTAINED_IN_0_N,0:m,1:1
CMRassocmgr,Transformation USES TransformationStep,1357142686.822,1357142686.822,,,A0000001.A4000086,Compiled by ModelCompiler on 02JAN03 16:04,2.0,0.0,0.0,2.0,CMRtrnsfrm,TRANSFORMATIONS,CMRtrnsstep,STEPS,USES,0:m,0:m
CMRassocmgr,DELETED *** Column IS_CONTAINED_IN_0_1 AggregateAssociation,1317654889.16093,1321379574.5365,,,A0000001.A4000087,This association template has been deleted.,2.0,0.0,0.0,2.0,CMRwcolumn,AGGREGATEDCOLUMN,CMRaggrgtss,USINGAGGREGATION,DELETED,0:1,"1:1"
CMRassocmgr,AccessControlEntry USES Identity,1357142686.822,1357142686.822,,,A0000001.A4000088,Compiled by ModelCompiler on 02JAN03 16:04,2.0,0.0,0.0,2.0,CMRaccentry,ACCESSCONTROLENTRIES,CMRidentity,IDENTITIES,USES,0:m,0:m
CMRassocmgr,AccessControlEntry USES Permission,1357142686.822,1357142686.822,,,A0000001.A4000089,Compiled by ModelCompiler on 02JAN03 16:04,2.0,0.0,0.0,2.0,CMRaccentry,ACCESSCONTROLENTRIES,CMRperm,PERMISSIONS,USES,0:m,0:m
CMRassocmgr,AccessControlEntry IS_CONTAINED_IN_0_1 PermissionCondition,1357142686.822,1357142686.822,,,A0000001.A400008A,Compiled by ModelCompiler on 02JAN03 16:04,2.0,0.0,0.0,2.0,CMRaccentry,OWNINGACCESSCONTROLENTRY,CMRpermcond,ASSOCIATEDCONDITION,IS_CONTAINED_IN_0_1,0:1,1:1
CMRassocmgr,AccessControl USES AccessControlTemplate,1357142686.822,1357142686.822,,,A0000001.A400008B,Compiled by ModelCompiler on 02JAN03 16:04,2.0,0.0,0.0,2.0,CMRaccsscnt,ACCESSCONTROLITEMS,CMRaccsscn0,ACCESSCONTROLTEMPLATES,USES,0:m,0:m
CMRassocmgr,SASCatalog USES SASLibrary,1357142686.822,1357142686.822,,,A0000001.A400008C,Compiled by ModelCompiler on 02JAN03 16:04,2.0,0.0,0.0,2.0,CMRcatalog,SASCATALOGS,CMRwlibrary,LIBRARIES,USES,0:m,0:m
CMRassocmgr,Directory IS_RELATED_TO_0_N Directory,1357142686.822,1357142686.822,,,A0000001.A400008D,Compiled by ModelCompiler on 02JAN03 16:04,2.0,0.0,0.0,2.0,CMRdirectry,PARENT,CMRdirectry,SUBDIRECTORIES,IS_RELATED_TO_0_N,0:m,0:1
CMRassocmgr,DELETED *** MultidimensionalObject USES Cube,1317654889.15796,1321379574.53661,,,A0000001.A400008E,This association template has been deleted.,2.0,0.0,0.0,2.0,CMRmddbobj,PHYSICALOBJECTS,CMRcube,CUBES,DELETED,0:m,"0:m"
CMRassocmgr,DELETED *** Measure USES Level,1317654889.15895,1321379574.53663,,,A0000001.A400008F,This association template has been deleted.,2.0,0.0,0.0,2.0,CMRomeasure,MEASURES,CMRlevel,LEVELS,DELETED,0:m,"0:m"
CMRassocmgr,Property CONTAINS PropertySet,1357142686.822,1357142686.822,,,A0000001.A400008G,Compiled by ModelCompiler on 02JAN03 16:04,2.0,0.0,0.0,2.0,CMRprop,SETPROPERTIES,CMRprprtyst,ASSOCIATEDPROPERTYSET,CONTAINS,0:1,0:m
CMRassocmgr,Root USES SoftwareComponent,1357142686.822,1357142686.822,,,A0000001.A400008H,Compiled by ModelCompiler on 02JAN03 16:04,2.0,0.0,0.0,2.0,CMRroot,IMPLEMENTEDOBJECTS,CMRsoftcomp,IMPLEMENTORS,USES,0:m,0:m
CMRassocmgr,Root USES AccessControl,1357142686.822,1357142686.822,,,A0000001.A400008I,Compiled by ModelCompiler on 02JAN03 16:04,2.0,0.0,0.0,2.0,CMRroot,OBJECTS,CMRaccsscnt,ACCESSCONTROLS,USES,0:m,0:m
CMRassocmgr,Root USES Timestamp,1357142686.822,1357142686.822,,,A0000001.A400008J,Compiled by ModelCompiler on 02JAN03 16:04,2.0,0.0,0.0,2.0,CMRroot,OBJECTS,CMRtimstmp,TIMESTAMPS,USES,0:m,0:m
CMRassocmgr,Root IS_CONTAINED_IN_0_N PropertySet,1357142686.822,1357142686.822,,,A0000001.A400008K,Compiled by ModelCompiler on 02JAN03 16:04,2.0,0.0,0.0,2.0,CMRroot,OWNINGOBJECT,CMRprprtyst,PROPERTYSETS,IS_CONTAINED_IN_0_N,0:m,1:1
CMRassocmgr,AbstractTransformation USES SoftwareComponent,1357142686.822,1357142686.822,,,A0000001.A400008L,Compiled by ModelCompiler on 02JAN03 16:04,2.0,0.0,0.0,2.0,CMRtransfm,CUSTOMIZEDTRANSFORMATIONS,CMRsoftcomp,CUSTOMIZERS,USES,0:m,0:m
CMRassocmgr,DELETED *** TextPage HAS CommonMetadata,1349891806.321,1352976904.281,,,A0000001.A400008M,This association template has been deleted.,2.0,0.0,0.0,2.0,CMRtextpage,OVERFLOWTEXTLIST,CMRcommonmd,OBJECT,DELETED,1:1,0:m
CMRassocmgr,TextPage HAS CommonMetadata,1357142686.822,1357142686.822,,,A0000001.A400008M,Compiled by ModelCompiler on 02JAN03 16:04,2.0,0.0,0.0,2.0,CMRtextpage,OVERFLOWTEXTLIST,CMRcommonmd,OBJECT,HAS,1:1,0:m
CMRassocmgr,AnalyticColumn IS_CONTAINED_IN_0_1 Target,1357142686.822,1357142686.822,,,A0000001.A400008N,Compiled by ModelCompiler on 02JAN03 16:04,2.0,0.0,0.0,2.0,CMRanlytccl,OWNINGANALYTICCOLUMN,CMRtarget,TARGETINFORMATION,IS_CONTAINED_IN_0_1,0:1,1:1
CMRassocmgr,ArchiveFile CONTAINS ITChannel,1357142686.822,1357142686.822,,,A0000001.A400008O,Compiled by ModelCompiler on 02JAN03 16:04,2.0,0.0,0.0,2.0,CMRarchvfl,ARCHIVES,CMRitchnnl,OWNINGCHANNEL,CONTAINS,0:1,0:m
CMRassocmgr,ArchiveFile CONTAINS MiningResult,1357142686.822,1357142686.822,,,A0000001.A400008P,Compiled by ModelCompiler on 02JAN03 16:04,2.0,0.0,0.0,2.0,CMRarchvfl,MININGREPORTS,CMRminngrsl,ASSOCIATEDMININGRESULT,CONTAINS,0:1,0:m
CMRassocmgr,ContentLocation USES SASFileRef,1357142686.822,1357142686.822,,,A0000001.A400008Q,Compiled by ModelCompiler on 02JAN03 16:04,2.0,0.0,0.0,2.0,CMRcontntlc,FILEREFLOCATIONS,CMRsasflrf,FILEREFS,USES,0:m,0:m
CMRassocmgr,ContentLocation IS_RELATED_TO_0_N Report,1357142686.822,1357142686.822,,,A0000001.A400008R,Compiled by ModelCompiler on 02JAN03 16:04,2.0,0.0,0.0,2.0,CMRcontntlc,REPORTLOCATION,CMRreport,REPORTS,IS_RELATED_TO_0_N,0:m,0:1
CMRassocmgr,DeployedDataPackage CONTAINS DeployedDataPackage,1357142686.822,1357142686.822,,,A0000001.A400008S,Compiled by ModelCompiler on 02JAN03 16:04,2.0,0.0,0.0,2.0,CMRddatapkg,ALIASES,CMRddatapkg,ALIASFOR,CONTAINS,0:1,0:m
CMRassocmgr,DeployedComponent USES Event,1357142686.822,1357142686.822,,,A0000001.A400008T,Compiled by ModelCompiler on 02JAN03 16:04,2.0,0.0,0.0,2.0,CMRdepcomp,EVENTBROKERS,CMRevent,REGISTEREDEVENTS,USES,0:m,0:m
CMRassocmgr,DELETED *** DeployedComponent IS_RELATED_TO_0_N ITChannel,1317654889.18406,1321379574.5547,,,A0000001.A400008U,This association template has been deleted.,2.0,0.0,0.0,2.0,CMRdepcomp,HTTPSERVER,CMRitchnnl,CHANNELUSER,DELETED,0:m,"0:1"
CMRassocmgr,DELETED *** DeployedComponent IS_RELATED_TO_0_N ITSubscriber,1322395980.06661,1329824315.87657,,,A0000001.A400008V,This association template has been deleted.,2.0,0.0,0.0,2.0,CMRdepcomp,HTTPSERVER,CMRitsbscrb,DAVSUBSCRIBER,DELETED,0:m,"0:1"
CMRassocmgr,DELETED *** Directory IS_RELATED_TO_0_N ITChannel,1322395980.06368,1329824315.87659,,,A0000001.A400008W,This association template has been deleted.,2.0,0.0,0.0,2.0,CMRdirectry,ARCHIVEPATH,CMRitchnnl,PATHCHANNEL,DELETED,0:m,"0:1"
CMRassocmgr,DELETED *** Email IS_RELATED_TO_0_1 ITSubscriber,1333992202.679,1346943879.174,,,A0000001.A400008X,This association template has been deleted.,2.0,0.0,0.0,2.0,CMRemail,EMAILADDRESS,CMRitsbscrb,EMAILSUBSCRIBER,DELETED,0:1,0:1
CMRassocmgr,DELETED *** Feature IS_CONTAINED_IN_0_1 AggregateAssociation,1317654889.16108,1321379574.55477,,,A0000001.A400008Y,This association template has been deleted.,2.0,0.0,0.0,2.0,CMRfeature,MEASUREORLEVEL,CMRaggrgtss,MLAGGREGATION,DELETED,0:1,"1:1"
CMRassocmgr,DELETED *** File USES DeployedComponent,1346943870.031,1349891811.218,,,A0000001.A400008Z,This association template has been deleted.,2.0,0.0,0.0,2.0,CMRfile,FILES,CMRdepcomp,DEPLOYEDCOMPONENTS,DELETED,0:m,0:m
CMRassocmgr,DELETED *** FitStatistic CONTAINS Target,1317654889.18589,1321379574.55481,,,A0000001.A4000090,This association template has been deleted.,2.0,0.0,0.0,2.0,CMRfitsttst,FITSTATISTICS,CMRtarget,ASSOCIATEDTARGET,DELETED,0:1,"0:m"
CMRassocmgr,Group USES ITChannel,1357142686.822,1357142686.822,,,A0000001.A4000091,Compiled by ModelCompiler on 02JAN03 16:04,2.0,0.0,0.0,2.0,CMRgroup,SUBSCRIBERGROUPS,CMRitchnnl,GROUPSUBSCRIPTIONS,USES,0:m,0:m
CMRassocmgr,ITChannel USES ITSubscriber,1357142686.822,1357142686.822,,,A0000001.A4000092,Compiled by ModelCompiler on 02JAN03 16:04,2.0,0.0,0.0,2.0,CMRitchnnl,SUBSCRIBEDCHANNELS,CMRitsbscrb,CHANNELSUBSCRIPTIONS,USES,0:m,0:m
CMRassocmgr,DELETED *** ITContentSubscriber IS_CONTAINED_IN_0_N ITFilter,1322395980.08154,1329824315.8767,,,A0000001.A4000093,This association template has been deleted.,2.0,0.0,0.0,2.0,CMRitcntnts,FILTERSUBSCRIBER,CMRitfilter,FILTERLIST,DELETED,0:m,"1:1"
CMRassocmgr,MiningResult IS_RELATED_TO_0_1 TextStore,1357142686.822,1357142686.822,,,A0000001.A4000094,Compiled by ModelCompiler on 02JAN03 16:04,2.0,0.0,0.0,2.0,CMRminngrsl,OWNINGMININGRESULT,CMRtxtstore,RESULTPMML,IS_RELATED_TO_0_1,0:1,0:1
CMRassocmgr,MiningResult CONTAINS PhysicalTable,1357142686.822,1357142686.822,,,A0000001.A4000095,Compiled by ModelCompiler on 02JAN03 16:04,2.0,0.0,0.0,2.0,CMRminngrsl,TRAINEDMODELRESULTS,CMRptable,TRAININGTABLE,CONTAINS,0:1,0:m
CMRassocmgr,DELETED *** Person IS_CONTAINED_IN_0_N ITSubscriber,1322395980.06735,1329824315.87675,,,A0000001.A4000096,This association template has been deleted.,2.0,0.0,0.0,2.0,CMRperson,PROFILEOWNER,CMRitsbscrb,SUBSCRIBERIDENTITYLIST,DELETED,0:m,"1:1"
CMRassocmgr,Report USES SASFileRef,1357142686.822,1357142686.822,,,A0000001.A4000097,Compiled by ModelCompiler on 02JAN03 16:04,2.0,0.0,0.0,2.0,CMRreport,REPORTS,CMRsasflrf,FILEREFS,USES,0:m,0:m
CMRassocmgr,Target USES MiningResult,1357142686.822,1357142686.822,,,A0000001.A4000098,Compiled by ModelCompiler on 02JAN03 16:04,2.0,0.0,0.0,2.0,CMRtarget,TARGETS,CMRminngrsl,MODELS,USES,0:m,0:m
CMRassocmgr,TestCat IS_CONTAINED_IN_0_1 TestMouse,1357142686.822,1357142686.822,,,A0000001.A4000099,Compiled by ModelCompiler on 02JAN03 16:04,2.0,0.0,0.0,2.0,CMRtestcat,OWNINGCAT,CMRtestms,DINNER,IS_CONTAINED_IN_0_1,0:1,1:1
CMRassocmgr,TestFlea HAS TestCat,1357142686.822,1357142686.822,,,A0000001.A400009A,Compiled by ModelCompiler on 02JAN03 16:04,2.0,0.0,0.0,2.0,CMRtestflea,FLEAS,CMRtestcat,OWNINGCAT,HAS,1:1,0:m
CMRassocmgr,TestFlea HAS_1_N_OF TestLeg,1357142686.822,1357142686.822,,,A0000001.A400009B,Compiled by ModelCompiler on 02JAN03 16:04,2.0,0.0,0.0,2.0,CMRtestflea,FLEAS,CMRtestleg,ASSOCIATEDLEGS,HAS_1_N_OF,1:m,0:m
CMRassocmgr,TestFlea USES TestFlea,1357142686.822,1357142686.822,,,A0000001.A400009C,Compiled by ModelCompiler on 02JAN03 16:04,2.0,0.0,0.0,2.0,CMRtestflea,MALEMATES,CMRtestflea,FEMALEMATES,USES,0:m,0:m
CMRassocmgr,TestLeg IS_COMPOSED_OF_0_1 TestMouse,1357142686.822,1357142686.822,,,A0000001.A400009D,Compiled by ModelCompiler on 02JAN03 16:04,2.0,0.0,0.0,2.0,CMRtestleg,ASSOCIATEDLEGS,CMRtestms,ASSOCIATEDMOUSE,IS_COMPOSED_OF_0_1,0:1,1:m
CMRassocmgr,TestMouse IS_RELATED_TO_0_N TestFlea,1357142686.822,1357142686.822,,,A0000001.A400009E,Compiled by ModelCompiler on 02JAN03 16:04,2.0,0.0,0.0,2.0,CMRtestms,ASSOCIATEDMOUSE,CMRtestflea,FLEAS,IS_RELATED_TO_0_N,0:m,0:1
CMRassocmgr,TestMouse IS_RELATED_TO_0_1 TestMouse,1357142686.822,1357142686.822,,,A0000001.A400009F,Compiled by ModelCompiler on 02JAN03 16:04,2.0,0.0,0.0,2.0,CMRtestms,HUSBAND,CMRtestms,WIFE,IS_RELATED_TO_0_1,0:1,0:1
CMRassocmgr,DELETED *** Text USES Target,1322395980.06254,1329824315.87689,,,A0000001.A400009G,This association template has been deleted.,2.0,0.0,0.0,2.0,CMRtext,TEXTUALINFORMATION,CMRtarget,TARGETS,DELETED,0:m,"0:m"
CMRassocmgr,AbstractTransformation USES Event,1357142686.822,1357142686.822,,,A0000001.A400009H,Compiled by ModelCompiler on 02JAN03 16:04,2.0,0.0,0.0,2.0,CMRtransfm,TRIGGEREDTRANSFORMS,CMRevent,TRIGGERINGEVENTS,USES,0:m,0:m
CMRassocmgr,AbstractTransformation USES Event,1357142686.822,1357142686.822,,,A0000001.A400009I,Compiled by ModelCompiler on 02JAN03 16:04,2.0,0.0,0.0,2.0,CMRtransfm,TRIGGERINGTRANSFORMS,CMRevent,TRIGGEREDEVENTS,USES,0:m,0:m
CMRassocmgr,DELETED *** Column USES Key,1322395980.06059,1329824315.87694,,,A0000001.A400009J,This association template has been deleted.,2.0,0.0,0.0,2.0,CMRwcolumn,DISPLAYCOLUMNS,CMRkey,DISPLAYFORKEY,DELETED,0:m,"0:m"
CMRassocmgr,Column IS_CONTAINED_IN_0_N AnalyticColumn,1357142686.822,1357142686.822,,,A0000001.A400009K,Compiled by ModelCompiler on 02JAN03 16:04,2.0,0.0,0.0,2.0,CMRwcolumn,OWNINGCOLUMN,CMRanlytccl,ANALYTICCOLUMNS,IS_CONTAINED_IN_0_N,0:m,1:1
CMRassocmgr,DELETED *** SASLibrary USES DeployedDataPackage,1346943870.031,1349891811.228,,,A0000001.A400009L,This association template has been deleted.,2.0,0.0,0.0,2.0,CMRwlibrary,USEDBYPACKAGES,CMRddatapkg,USINGPACKAGES,DELETED,0:m,0:m
CMRassocmgr,RelationalTable IS_RELATED_TO_0_N AnalyticTable,1357142686.822,1357142686.822,,,A0000001.A400009M,Compiled by ModelCompiler on 02JAN03 16:04,2.0,0.0,0.0,2.0,CMRwtable,ANALYTICTRAININGTABLE,CMRanlytctb,ANALYTICTABLES,IS_RELATED_TO_0_N,0:m,0:1
CMRassocmgr,RelationalTable IS_RELATED_TO_0_N MiningResult,1357142686.822,1357142686.822,,,A0000001.A400009N,Compiled by ModelCompiler on 02JAN03 16:04,2.0,0.0,0.0,2.0,CMRwtable,TARGETTABLE,CMRminngrsl,MODELRESULTS,IS_RELATED_TO_0_N,0:m,0:1
CMRassocmgr,Aggregation HAS Cube,1357142686.812,1357142686.812,,,A0000001.A400009O,Compiled by ModelCompiler on 02JAN03 16:04,2.0,0.0,0.0,2.0,CMRaggregat,AGGREGATIONS,CMRcube,OWNINGCUBE,HAS,1:1,0:m
CMRassocmgr,Aggregation USES PhysicalTable,1357142686.822,1357142686.822,,,A0000001.A400009P,Compiled by ModelCompiler on 02JAN03 16:04,2.0,0.0,0.0,2.0,CMRaggregat,AGGREGATIONS,CMRptable,AGGREGATIONTABLES,USES,0:m,0:m
CMRassocmgr,Cube USES Cube,1357142686.812,1357142686.812,,,A0000001.A400009Q,Compiled by ModelCompiler on 02JAN03 16:04,2.0,0.0,0.0,2.0,CMRcube,PARENTCUBES,CMRcube,SUBCUBES,USES,0:m,0:m
CMRassocmgr,DELETED *** DeployedComponent IS_RELATED_TO_0_N ITChannel,1349891806.321,1352976904.281,,,A0000001.A400009R,This association template has been deleted.,2.0,0.0,0.0,2.0,CMRdepcomp,HTTPSERVER,CMRitchnnl,CHANNELUSERS,DELETED,0:m,0:1
CMRassocmgr,Feature IS_CONTAINED_IN_0_N AggregateAssociation,1357142686.822,1357142686.822,,,A0000001.A400009S,Compiled by ModelCompiler on 02JAN03 16:04,2.0,0.0,0.0,2.0,CMRfeature,MEASUREORLEVEL,CMRaggrgtss,MLAGGREGATIONS,IS_CONTAINED_IN_0_N,0:m,1:1
CMRassocmgr,File IS_CONTAINED_IN_0_1 Cube,1357142686.812,1357142686.812,,,A0000001.A400009T,Compiled by ModelCompiler on 02JAN03 16:04,2.0,0.0,0.0,2.0,CMRfile,ASSOCIATEDFILE,CMRcube,ASSOCIATEDCUBE,IS_CONTAINED_IN_0_1,0:1,1:1
CMRassocmgr,FitStatistic HAS Target,1357142686.822,1357142686.822,,,A0000001.A400009U,Compiled by ModelCompiler on 02JAN03 16:04,2.0,0.0,0.0,2.0,CMRfitsttst,FITSTATISTICS,CMRtarget,OWNINGTARGET,HAS,1:1,0:m
CMRassocmgr,PhysicalTable USES Cube,1357142686.812,1357142686.812,,,A0000001.A400009V,Compiled by ModelCompiler on 02JAN03 16:04,2.0,0.0,0.0,2.0,CMRptable,REACHTHRUTABLES,CMRcube,REACHTHRUCUBES,USES,0:m,0:m
CMRassocmgr,SecurityRuleScheme IS_CONTAINED_IN_0_N SecurityRule,1357142686.822,1357142686.822,,,A0000001.A400009W,Compiled by ModelCompiler on 02JAN03 16:04,2.0,0.0,0.0,2.0,CMRsecrtyrl,SECRULESCHEME,CMRsecrtyr0,SECRULES,IS_CONTAINED_IN_0_N,0:m,1:1
CMRassocmgr,Column USES AggregateAssociation,1357142686.822,1357142686.822,,,A0000001.A400009X,Compiled by ModelCompiler on 02JAN03 16:04,2.0,0.0,0.0,2.0,CMRwcolumn,AGGREGATEDCOLUMNS,CMRaggrgtss,USINGAGGREGATIONS,USES,0:m,0:m
CMRassocmgr,RelationalSchema IS_RELATED_TO_0_N DataTable,1357142686.822,1357142686.822,,,A0000001.A400009Y,Compiled by ModelCompiler on 02JAN03 16:04,2.0,0.0,0.0,2.0,CMRreltnlsc,TABLEPACKAGE,CMRdtable,TABLES,IS_RELATED_TO_0_N,0:m,0:1
CMRassocmgr,ContentLocation IS_RELATED_TO_0_N UnitofTime,1357142686.822,1357142686.822,,,A0000001.A400009Z,Compiled by ModelCompiler on 02JAN03 16:04,2.0,0.0,0.0,2.0,CMRcontntlc,ASSOCIATEDCONTENTLOCATION,CMRuntftm,UNITOFTIMES,IS_RELATED_TO_0_N,0:m,0:1
CMRassocmgr,ContentType IS_RELATED_TO_0_N ContentLocation,1357142686.822,1357142686.822,,,A0000001.A40000A0,Compiled by ModelCompiler on 02JAN03 16:04,2.0,0.0,0.0,2.0,CMRcontntty,ASSOCIATEDCONTENTTYPE,CMRcontntlc,CONTENTITEMS,IS_RELATED_TO_0_N,0:m,0:1
CMRassocmgr,DELETED *** DeployedComponent IS_RELATED_TO_0_N ITSubscriber,1349891806.321,1352976904.281,,,A0000001.A40000A1,This association template has been deleted.,2.0,0.0,0.0,2.0,CMRdepcomp,HTTPSERVER,CMRitsbscrb,DAVSUBSCRIBERS,DELETED,0:m,0:1
CMRassocmgr,DeviceType USES ContentType,1357142686.822,1357142686.822,,,A0000001.A40000A2,Compiled by ModelCompiler on 02JAN03 16:04,2.0,0.0,0.0,2.0,CMRdevctyp,DEVICEDESCRIPTORS,CMRcontntty,CONTENTTYPES,USES,0:m,0:m
CMRassocmgr,Device CONTAINS DeviceType,1357142686.822,1357142686.822,,,A0000001.A40000A3,Compiled by ModelCompiler on 02JAN03 16:04,2.0,0.0,0.0,2.0,CMRdevice,DEPLOYEDDEVICES,CMRdevctyp,ASSOCIATEDDEVICETYPE,CONTAINS,0:1,0:m
CMRassocmgr,Directory USES ITChannel,1357142686.822,1357142686.822,,,A0000001.A40000A4,Compiled by ModelCompiler on 02JAN03 16:04,2.0,0.0,0.0,2.0,CMRdirectry,ARCHIVEPATHS,CMRitchnnl,PATHCHANNELS,USES,0:m,0:m
CMRassocmgr,Identity IS_CONTAINED_IN_0_N Change,1357142686.822,1357142686.822,,,A0000001.A40000A5,Compiled by ModelCompiler on 02JAN03 16:04,2.0,0.0,0.0,2.0,CMRidentity,CHANGEIDENTITY,CMRchange,IDENTITYCHANGES,IS_CONTAINED_IN_0_N,0:m,1:1
CMRassocmgr,ITContentSubscriber IS_CONTAINED_IN_0_N ITFilter,1357142686.822,1357142686.822,,,A0000001.A40000A6,Compiled by ModelCompiler on 02JAN03 16:04,2.0,0.0,0.0,2.0,CMRitcntnts,FILTERSUBSCRIBER,CMRitfilter,FILTERS,IS_CONTAINED_IN_0_N,0:m,1:1
CMRassocmgr,JFJob CONTAINS Job,1357142686.822,1357142686.822,,,A0000001.A40000A7,Compiled by ModelCompiler on 02JAN03 16:04,2.0,0.0,0.0,2.0,CMRjfjob,JFJOBS,CMRjob,ASSOCIATEDJOB,CONTAINS,0:1,0:m
CMRassocmgr,Measure IS_RELATED_TO_0_1 Dimension,1357142686.812,1357142686.812,,,A0000001.A40000A8,Compiled by ModelCompiler on 02JAN03 16:04,2.0,0.0,0.0,2.0,CMRomeasure,DEFAULTMEASURE,CMRdim,DEFAULTFORDIMENSION,IS_RELATED_TO_0_1,0:1,0:1
CMRassocmgr,Person IS_CONTAINED_IN_0_N ITSubscriber,1357142686.822,1357142686.822,,,A0000001.A40000A9,Compiled by ModelCompiler on 02JAN03 16:04,2.0,0.0,0.0,2.0,CMRperson,PROFILEOWNER,CMRitsbscrb,SUBSCRIBERIDENTITIES,IS_CONTAINED_IN_0_N,0:m,1:1
CMRassocmgr,PSLayoutComponent USES PSPortlet,1357142686.822,1357142686.822,,,A0000001.A40000AA,Compiled by ModelCompiler on 02JAN03 16:04,2.0,0.0,0.0,2.0,CMRpslytcmp,LAYOUTCOMPONENTS,CMRpsprtlt,PORTLETS,USES,0:m,0:m
CMRassocmgr,DELETED *** PSPortalCollection IS_RELATED_TO_1 PSPortlet,1333992202.679,1346943879.174,,,A0000001.A40000AB,This association template has been deleted.,2.0,0.0,0.0,2.0,CMRpsprtlcl,ASSOCIATEDPORTALCOLLECTION,CMRpsprtlt,OWNINGPORTLET,DELETED,1:1,0:1
CMRassocmgr,PSPortalPage IS_CONTAINED_IN_0_N PSLayoutComponent,1357142686.822,1357142686.822,,,A0000001.A40000AC,Compiled by ModelCompiler on 02JAN03 16:04,2.0,0.0,0.0,2.0,CMRpsprtlpg,OWNINGPAGE,CMRpslytcmp,LAYOUTCOMPONENTS,IS_CONTAINED_IN_0_N,0:m,1:1
CMRassocmgr,PSPortalPage USES PSPortalProfile,1357142686.822,1357142686.822,,,A0000001.A40000AD,Compiled by ModelCompiler on 02JAN03 16:04,2.0,0.0,0.0,2.0,CMRpsprtlpg,PORTALPAGES,CMRpsprtlpr,PAGEPROFILES,USES,0:m,0:m
CMRassocmgr,Root IS_RELATED_TO_0_N Property,1357142686.822,1357142686.822,,,A0000001.A40000AE,Compiled by ModelCompiler on 02JAN03 16:04,2.0,0.0,0.0,2.0,CMRroot,ASSOCIATEDLOCALIZEDOBJECT,CMRprop,LOCALIZEDATTRIBUTES,IS_RELATED_TO_0_N,0:m,0:1
CMRassocmgr,Root IS_RELATED_TO_0_N Variable,1357142686.822,1357142686.822,,,A0000001.A40000AF,Compiled by ModelCompiler on 02JAN03 16:04,2.0,0.0,0.0,2.0,CMRroot,ASSOCIATEDOBJECT,CMRvariable,VARIABLES,IS_RELATED_TO_0_N,0:m,0:1
CMRassocmgr,SASPassword IS_RELATED_TO_0_N Connection,1357142686.822,1357142686.822,,,A0000001.A40000AG,Compiled by ModelCompiler on 02JAN03 16:04,2.0,0.0,0.0,2.0,CMRsaspass,PASSTHRUPASSWORD,CMRcnction,PROTECTEDPASSTHRUS,IS_RELATED_TO_0_N,0:m,0:1
CMRassocmgr,SASPassword IS_RELATED_TO_0_N Connection,1357142686.822,1357142686.822,,,A0000001.A40000AH,Compiled by ModelCompiler on 02JAN03 16:04,2.0,0.0,0.0,2.0,CMRsaspass,SAPW,CMRcnction,PROTECTEDCONNECTIONS,IS_RELATED_TO_0_N,0:m,0:1
CMRassocmgr,Text USES Target,1357142686.822,1357142686.822,,,A0000001.A40000AI,Compiled by ModelCompiler on 02JAN03 16:04,2.0,0.0,0.0,2.0,CMRtext,TEXTUALINFORMATIONOBJECTS,CMRtarget,TARGETS,USES,0:m,0:m
CMRassocmgr,AbstractTransformation IS_CONTAINED_IN_0_N Variable,1357142686.822,1357142686.822,,,A0000001.A40000AJ,Compiled by ModelCompiler on 02JAN03 16:04,2.0,0.0,0.0,2.0,CMRtransfm,OWNINGTRANSFORMATION,CMRvariable,SUBSTITUTIONVARIABLES,IS_CONTAINED_IN_0_N,0:m,1:1
CMRassocmgr,DELETED *** TransformationActivity USES Job,1352976894.762,1355335063.928,,,A0000001.A40000AK,This association template has been deleted.,2.0,0.0,0.0,2.0,CMRtrnsact,JOBACTIVITIES,CMRjob,JOBS,DELETED,0:m,0:m
CMRassocmgr,Column USES Key,1357142686.822,1357142686.822,,,A0000001.A40000AL,Compiled by ModelCompiler on 02JAN03 16:04,2.0,0.0,0.0,2.0,CMRwcolumn,DISPLAYCOLUMNS,CMRkey,DISPLAYFORKEYS,USES,0:m,0:m
CMRassocmgr,RelationalTable CONTAINS SXLEMap,1357142686.822,1357142686.822,,,A0000001.A40000AM,Compiled by ModelCompiler on 02JAN03 16:04,2.0,0.0,0.0,2.0,CMRwtable,XMLMAPTABLES,CMRsxlemap,ASSOCIATEDXMLMAP,CONTAINS,0:1,0:m
CMRassocmgr,XPath CONTAINS Column,1357142686.822,1357142686.822,,,A0000001.A40000AN,Compiled by ModelCompiler on 02JAN03 16:04,2.0,0.0,0.0,2.0,CMRxpath,XPATHS,CMRwcolumn,ASSOCIATEDMAPCOLUMN,CONTAINS,0:1,0:m
CMRassocmgr,XPath CONTAINS RelationalTable,1357142686.822,1357142686.822,,,A0000001.A40000AO,Compiled by ModelCompiler on 02JAN03 16:04,2.0,0.0,0.0,2.0,CMRxpath,XPATHS,CMRwtable,ASSOCIATEDMAPTABLE,CONTAINS,0:1,0:m
CMRassocmgr,DeployedComponent IS_RELATED_TO_0_N SASLicense,1357142686.822,1357142686.822,,,A0000001.A40000AP,Compiled by ModelCompiler on 02JAN03 16:04,2.0,0.0,0.0,2.0,CMRdepcomp,LICENSEDCOMPONENT,CMRsaslcns,LICENSES,IS_RELATED_TO_0_N,0:m,0:1
CMRassocmgr,Email IS_RELATED_TO_0_1 ITSubscriber,1357142686.822,1357142686.822,,,A0000001.A40000AQ,Compiled by ModelCompiler on 02JAN03 16:04,2.0,0.0,0.0,2.0,CMRemail,SUBSCRIBEREMAIL,CMRitsbscrb,EMAILSUBSCRIBER,IS_RELATED_TO_0_1,0:1,0:1
CMRassocmgr,Level USES Aggregation,1357142686.822,1357142686.822,,,A0000001.A40000AR,Compiled by ModelCompiler on 02JAN03 16:04,2.0,0.0,0.0,2.0,CMRlevel,LEVELS,CMRaggregat,AGGREGATIONS,USES,0:m,0:m
CMRassocmgr,Hierarchy USES OLAPProperty,1357142686.812,1357142686.812,,,A0000001.A40000AS,Compiled by ModelCompiler on 02JAN03 16:04,2.0,0.0,0.0,2.0,CMRohier,HIERARCHIES,CMRolapprop,OLAPPROPERTIES,USES,0:m,0:m
CMRassocmgr,Connection IS_RELATED_TO_0_N DataSourceName,1357142686.822,1357142686.822,,,A0000001.A40000AT,Compiled by ModelCompiler on 02JAN03 16:04,2.0,0.0,0.0,2.0,CMRcnction,DATASOURCECONNECTION,CMRdatsrcnm,DATASOURCES,IS_RELATED_TO_0_N,0:m,0:1
CMRassocmgr,DataSourceName USES DataSourceName,1357142686.822,1357142686.822,,,A0000001.A40000AU,Compiled by ModelCompiler on 02JAN03 16:04,2.0,0.0,0.0,2.0,CMRdatsrcnm,CHILDDATASOURCES,CMRdatsrcnm,PARENTDATASOURCES,USES,0:m,0:m
CMRassocmgr,DataSourceName CONTAINS Login,1357142686.822,1357142686.822,,,A0000001.A40000AV,Compiled by ModelCompiler on 02JAN03 16:04,2.0,0.0,0.0,2.0,CMRdatsrcnm,DATASOURCES,CMRlogin,DEFAULTLOGIN,CONTAINS,0:1,0:m
CMRassocmgr,PSPortlet IS_RELATED_TO_0_1 Tree,1357142686.822,1357142686.822,,,A0000001.A40000AW,Compiled by ModelCompiler on 02JAN03 16:04,2.0,0.0,0.0,2.0,CMRpsprtlt,ASSOCIATEDPSPORTLET,CMRtree,ASSOCIATEDCONTENTCOLLECTION,IS_RELATED_TO_0_1,0:1,0:1
CMRassocmgr,RelationalSchema CONTAINS DatabaseCatalog,1357142686.822,1357142686.822,,,A0000001.A40000AX,Compiled by ModelCompiler on 02JAN03 16:04,2.0,0.0,0.0,2.0,CMRreltnlsc,SCHEMAS,CMRdbcat,SCHEMAPACKAGE,CONTAINS,0:1,0:m
CMRassocmgr,DeployedDataPackage USES TableCollection,1357142686.822,1357142686.822,,,A0000001.A40000AY,Compiled by ModelCompiler on 02JAN03 16:04,2.0,0.0,0.0,2.0,CMRddatapkg,COLLECTIONLOCATIONS,CMRtablcllc,TABLECOLLECTIONS,USES,0:m,0:m
CMRassocmgr,Directory IS_RELATED_TO_0_N ITChannel,1357142686.822,1357142686.822,,,A0000001.A40000AZ,Compiled by ModelCompiler on 02JAN03 16:04,2.0,0.0,0.0,2.0,CMRdirectry,CONTENTDESTINATION,CMRitchnnl,ITCHANNELS,IS_RELATED_TO_0_N,0:m,0:1
CMRassocmgr,Directory IS_RELATED_TO_0_N ITSubscriber,1357142686.822,1357142686.822,,,A0000001.A40000B0,Compiled by ModelCompiler on 02JAN03 16:04,2.0,0.0,0.0,2.0,CMRdirectry,CONTENTDESTINATION,CMRitsbscrb,ITSUBSCRIBERS,IS_RELATED_TO_0_N,0:m,0:1
CMRassocmgr,DataTable USES TableCollection,1357142686.822,1357142686.822,,,A0000001.A40000B1,Compiled by ModelCompiler on 02JAN03 16:04,2.0,0.0,0.0,2.0,CMRdtable,TABLES,CMRtablcllc,TABLECOLLECTIONS,USES,0:m,0:m
CMRassocmgr,DELETED *** AbstractJob USES TransformationActivity,1355335060.162,1357142692.11,,,A0000001.A40000B2,This association template has been deleted.,2.0,0.0,0.0,2.0,CMRabstrctj,JOBS,CMRtrnsact,JOBACTIVITIES,DELETED,0:m,0:m
CMRassocmgr,TransformationActivity USES AbstractJob,1357142686.822,1357142686.822,,,A0000001.A40000B3,Compiled by ModelCompiler on 02JAN03 16:04,2.0,0.0,0.0,2.0,CMRtrnsact,JOBACTIVITIES,CMRabstrctj,JOBS,USES,0:m,0:m
