CLASNAME,OBJNAME,DEFCREDT,DEFMODDT,DELETED,EXPLABEL,ID,LDESC,MRACCESS,PRODFLAG,USEDFLAG,VERSION,PREDCLAS,PREDROLE,SUCCCLAS,SUCCROLE,VERB,PREDCARD,SUCCCARD
OMSassocmgr,DELETED *** LIBRARY CONTAINS TABLE,1283357743.00604,,,,A0000001.A4000001,This association template has been deleted,2.0,0.0,0.0,2.0,SASHELP.MDCLASS.LIBRARY,LOCATION,SASHELP.MDCLASS.TABLE,DATAFILE,DELETED,0:m,0:1
OMSassocmgr,DELETED *** TABLE IS_COMPOSED_OF COLUMN,1283357743.16667,,,,A0000001.A4000002,This association template has been deleted,2.0,0.0,0.0,2.0,SASHELP.MDCLASS.TABLE,TABLE,SASHELP.MDCLASS.COLUMN,COLUMN,DELETED,1:m,1:1
OMSassocmgr,DELETED *** LIBRARY CONTAINS TABLE,1283357743.29128,,,,A0000001.A4000003,This association template has been deleted,2.0,0.0,0.0,2.0,SASHELP.MDCLASS.LIBRARY,LOCATION,SASHELP.MDCLASS.TABLE,COPY,DELETED,0:m,0:1
OMSassocmgr,DELETED *** REPOSITORY USES REPOSITORY,1283357743.42387,,,,A0000001.A4000004,This association template has been deleted.,2.0,0.0,0.0,2.0,SASHELP.OBJPOOL.RPOSCTRL,INTERNAL REFERENCE,SASHELP.OBJPOOL.RPOSCTRL,EXTERNAL REFERENCE,DELETED,0:m,0:m
OMSassocmgr,DELETED *** COLUMN USES SUBSET,1285523425.90424,,,,A0000001.A4000005,This association template has been deleted.,2.0,0.0,0.0,2.0,SASHELP.MDCLASS.COLUMN,INPUT SOURCE,SASHELP.MDCLASS.SUBSET,TARGET,DELETED,0:m,0:m
OMSassocmgr,DELETED *** COLUMN USES INDEX,1285523427.57239,,,,A0000001.A4000006,This association template has been deleted.,2.0,0.0,0.0,2.0,SASHELP.MDCLASS.COLUMN,COLUMN,SASHELP.MDCLASS.INDEX,TARGET,DELETED,0:m,0:m
OMSassocmgr,DELETED *** CONNECT CONTAINS P_TABLE,1285523428.51033,,,,A0000001.A4000007,This association template has been deleted.,2.0,0.0,0.0,2.0,SASHELP.MDCLASS.CONNECT,CONNECT,SASHELP.MDCLASS.P_TABLE,CONNECTION,DELETED,0:m,0:1
OMSassocmgr,DELETED *** TABLE CONTAINS TABLE,1285523428.59335,,,,A0000001.A4000008,This association template has been deleted.,2.0,0.0,0.0,2.0,SASHELP.MDCLASS.TABLE,PARENT,SASHELP.MDCLASS.TABLE,CHILD,DELETED,0:m,0:1
OMSassocmgr,DELETED *** TABLE USES TABLE,1285523428.6763,,,,A0000001.A4000009,This association template has been deleted.,2.0,0.0,0.0,2.0,SASHELP.MDCLASS.TABLE,INPUT SOURCE,SASHELP.MDCLASS.TABLE,TARGET,DELETED,0:m,0:m
OMSassocmgr,DELETED *** LIBRARY CONTAINS P_TABLE,1285523428.75933,,,,A0000001.A400000A,This association template has been deleted.,2.0,0.0,0.0,2.0,SASHELP.MDCLASS.LIBRARY,LIBRARY,SASHELP.MDCLASS.P_TABLE,DATAFILE,DELETED,0:m,0:1
OMSassocmgr,DELETED *** P_TABLE CONTAINS TABLE,1285523428.84223,,,,A0000001.A400000B,This association template has been deleted.,2.0,0.0,0.0,2.0,SASHELP.MDCLASS.P_TABLE,STORE,SASHELP.MDCLASS.TABLE,LEVEL,DELETED,0:m,0:1
OMSassocmgr,DELETED *** P_TABLE CONTAINS TBLSECUR,1285523429.37396,,,,A0000001.A400000C,This association template has been deleted.,2.0,0.0,0.0,2.0,SASHELP.MDCLASS.P_TABLE,OBJECT,SASHELP.MDCLASS.TBLSECUR,SECURITY,DELETED,0:m,1:1
OMSassocmgr,DELETED *** P_TABLE CONTAINS INDEX,1285523429.45689,,,,A0000001.A400000D,This association template has been deleted.,2.0,0.0,0.0,2.0,SASHELP.MDCLASS.P_TABLE,TABLE,SASHELP.MDCLASS.INDEX,INDEX,DELETED,0:m,1:1
OMSassocmgr,DELETED *** PERSON CONTAINS TABLE,1285523429.76365,,,,A0000001.A400000E,This association template has been deleted.,2.0,0.0,0.0,2.0,SASHELP.MDCLASS.PERSON,CUSTODIAN,SASHELP.MDCLASS.TABLE,OBJECT,DELETED,0:m,0:1
OMSassocmgr,DELETED *** PERSON CONTAINS TABLE,1285523429.84663,,,,A0000001.A400000F,This association template has been deleted.,2.0,0.0,0.0,2.0,SASHELP.MDCLASS.PERSON,OWNER,SASHELP.MDCLASS.TABLE,OBJECT,DELETED,0:m,0:1
OMSassocmgr,DELETED *** PERSON USES REMOTE,1285523429.92997,,,,A0000001.A400000G,This association template has been deleted.,2.0,0.0,0.0,2.0,SASHELP.MDCLASS.PERSON,PERSON,SASHELP.MDCLASS.REMOTE,HOST,DELETED,0:m,0:m
OMSassocmgr,DELETED *** PERSON USES CONNECT,1285523430.01268,,,,A0000001.A400000H,This association template has been deleted.,2.0,0.0,0.0,2.0,SASHELP.MDCLASS.PERSON,PERSON,SASHELP.MDCLASS.CONNECT,DBMS,DELETED,0:m,0:m
OMSassocmgr,DELETED *** PROCESS CONTAINS TABLE,1285523430.25329,,,,A0000001.A400000I,This association template has been deleted.,2.0,0.0,0.0,2.0,SASHELP.MDCLASS.PROCESS,PROCESS,SASHELP.MDCLASS.TABLE,OUTPUT_DATA,DELETED,0:m,0:1
OMSassocmgr,DELETED *** PROCESS CONTAINS PROCESS,1285523430.33621,,,,A0000001.A400000J,This association template has been deleted.,2.0,0.0,0.0,2.0,SASHELP.MDCLASS.PROCESS,POSTPROCESS,SASHELP.MDCLASS.PROCESS,PREPROCESS,DELETED,0:m,0:1
OMSassocmgr,DELETED *** PROCESS CONTAINS SRCCODE,1285523430.6102,,,,A0000001.A400000K,This association template has been deleted.,2.0,0.0,0.0,2.0,SASHELP.MDCLASS.PROCESS,PROCESS,SASHELP.MDCLASS.SRCCODE,SRCCODE,DELETED,0:m,0:1
OMSassocmgr,DELETED *** PROCESS CONTAINS SUBSET,1285523430.69317,,,,A0000001.A400000L,This association template has been deleted.,2.0,0.0,0.0,2.0,SASHELP.MDCLASS.PROCESS,PROCESS,SASHELP.MDCLASS.SUBSET,SUBSET,DELETED,0:m,0:1
OMSassocmgr,DELETED *** PROCESS CONTAINS TRNSFORM,1285523430.93413,,,,A0000001.A400000M,This association template has been deleted.,2.0,0.0,0.0,2.0,SASHELP.MDCLASS.PROCESS,PROCESS,SASHELP.MDCLASS.TRNSFORM,TRANSFORM,DELETED,0:m,0:1
OMSassocmgr,DELETED *** REMOTE CONTAINS P_TABLE,1285523431.01688,,,,A0000001.A400000N,This association template has been deleted.,2.0,0.0,0.0,2.0,SASHELP.MDCLASS.REMOTE,HOST,SASHELP.MDCLASS.P_TABLE,FILE,DELETED,0:m,0:1
OMSassocmgr,DELETED *** REMOTE CONTAINS TABLE,1285523431.09992,,,,A0000001.A400000O,This association template has been deleted.,2.0,0.0,0.0,2.0,SASHELP.MDCLASS.REMOTE,HOST,SASHELP.MDCLASS.TABLE,FILE,DELETED,0:m,0:1
OMSassocmgr,DELETED *** REMOTE CONTAINS PROCESS,1285523431.18334,,,,A0000001.A400000P,This association template has been deleted.,2.0,0.0,0.0,2.0,SASHELP.MDCLASS.REMOTE,HOST,SASHELP.MDCLASS.PROCESS,FILE,DELETED,0:m,0:1
OMSassocmgr,DELETED *** TRNSFORM USES COLUMN,1285523431.26589,,,,A0000001.A400000Q,This association template has been deleted.,2.0,0.0,0.0,2.0,SASHELP.MDCLASS.TRNSFORM,INPUT SOURCE,SASHELP.MDCLASS.COLUMN,TARGET,DELETED,0:m,0:m
OMSassocmgr,DELETED *** TRNSFORM USES COLUMN,1285523431.34897,,,,A0000001.A400000R,This association template has been deleted.,2.0,0.0,0.0,2.0,SASHELP.MDCLASS.TRNSFORM,TARGET,SASHELP.MDCLASS.COLUMN,INPUT SOURCE,DELETED,0:m,0:m
OMSassocmgr,DELETED *** COMMONMD HAS NOTE,1285523431.58964,,,,A0000001.A400000S,This association template has been deleted.,2.0,0.0,0.0,2.0,SASHELP.OBJPOOL.COMMONMD,OBJECT,SASHELP.MDCLASS.NOTE,NOTE,DELETED,0:m,1:1
OMSassocmgr,,1285538520.02694,1357142923.82,,,A0000001.A400000T,,2.0,0.0,0.0,2.0,,,,,VERSION NUMBER,005.4,
OMSassocmgr,DELETED *** Group USES Root,1286210512.81551,,,,A0000001.A400000U,This association template has been deleted.,2.0,0.0,0.0,2.0,OMSgroup,GROUPLIST,OMSroot,MEMBERLIST,DELETED,0:m,0:m
OMSassocmgr,DELETED *** JobFlow USES JobFlow,1290438856.02717,,,,A0000001.A400000V,This association template has been deleted.,2.0,0.0,0.0,2.0,OMSjobflow,JOBFLOWSOURCELIST,OMSjobflow,JOBFLOWTARGETLIST,DELETED,0:m,0:m
OMSassocmgr,DELETED *** WColumn HAS DataFile,1290438856.02728,,,,A0000001.A400000W,This association template has been deleted.,2.0,0.0,0.0,2.0,OMSwcolumn,COLUMNLIST,OMSdatafile,TABLE,DELETED,1:1,0:m
OMSassocmgr,DELETED *** Key HAS_1_N_OF WColumn,1290438856.02739,,,,A0000001.A400000X,This association template has been deleted.,2.0,0.0,0.0,2.0,OMSkey,KEYLIST,OMSwcolumn,KEYCOLUMNLIST,DELETED,1:m,0:m
OMSassocmgr,DELETED *** WColumn IS_CONTAINED_IN_0_N KeyAssociation,1290438856.02751,,,,A0000001.A400000Y,This association template has been deleted.,2.0,0.0,0.0,2.0,OMSwcolumn,FKEYCOLUMN,OMSkeyassoc,FKEYASSOCIATIONLIST,DELETED,0:m,1:1
OMSassocmgr,DELETED *** WColumn USES Index,1290438856.02762,,,,A0000001.A400000Z,This association template has been deleted.,2.0,0.0,0.0,2.0,OMSwcolumn,INDEXCOLUMNLIST,OMSindex,INDEXLIST,DELETED,0:m,0:m
OMSassocmgr,DELETED *** WColumn USES Hierarchy,1286978388.1443,,,,A0000001.A4000010,This association template has been deleted.,2.0,0.0,0.0,2.0,OMSwcolumn,HIERARCHYCOLUMNLIST,OMShrarchy,HIERARCHYLIST,DELETED,0:m,0:m
OMSassocmgr,DELETED *** WColumn USES Crossing,1290438856.02773,,,,A0000001.A4000011,This association template has been deleted.,2.0,0.0,0.0,2.0,OMSwcolumn,CROSSINGCOLUMNLIST,OMScrossing,CROSSINGLIST,DELETED,0:m,0:m
OMSassocmgr,DELETED *** WColumn USES Query,1290438856.02784,,,,A0000001.A4000012,This association template has been deleted.,2.0,0.0,0.0,2.0,OMSwcolumn,GROUPBYCOLUMNLIST,OMSquery,GROUPBYTARGETLIST,DELETED,0:m,0:m
OMSassocmgr,DELETED *** RowSelector USES WColumn,1290438856.02794,,,,A0000001.A4000013,This association template has been deleted.,2.0,0.0,0.0,2.0,OMSrowsel,ROWSELTARGETLIST,OMSwcolumn,COLUMNLIST,DELETED,0:m,0:m
OMSassocmgr,DELETED *** CategoryMember HAS WColumn,1290438856.02805,,,,A0000001.A4000014,This association template has been deleted.,2.0,0.0,0.0,2.0,OMScatmem,VALUELIST,OMSwcolumn,COLUMNFORVALUE,DELETED,1:1,0:m
OMSassocmgr,DELETED *** WColumn IS_CONTAINED_IN_0_N KeyAssociation,1290438856.02817,,,,A0000001.A4000015,This association template has been deleted.,2.0,0.0,0.0,2.0,OMSwcolumn,UKEYCOLUMN,OMSkeyassoc,UKEYASSOCIATIONLIST,DELETED,0:m,1:1
OMSassocmgr,DELETED *** Extension HAS Root,1290438856.02828,,,,A0000001.A4000016,This association template has been deleted.,2.0,0.0,0.0,2.0,OMSxtension,EXTENSIONLIST,OMSroot,OBJECT,DELETED,1:1,0:m
OMSassocmgr,DELETED *** Index HAS PhysicalTable,1290438856.02838,,,,A0000001.A4000017,This association template has been deleted.,2.0,0.0,0.0,2.0,OMSindex,INDEXLIST,OMSptable,INDEXEDTABLE,DELETED,1:1,0:m
OMSassocmgr,DELETED *** PhysicalTable IS_RELATED_TO_1 ColumnSet,1286191898.61738,,,,A0000001.A4000018,This association template has been deleted.,2.0,0.0,0.0,2.0,OMSptable,PHYSICALSTORAGE,OMScolset,COLUMNSET,DELETED,1:1,0:1
OMSassocmgr,DELETED *** JobFile HAS Job,1290438856.0286,,,,A0000001.A4000019,This association template has been deleted.,2.0,0.0,0.0,2.0,OMSjobfile,JOBFILELIST,OMSjob,OWNINGJOB,DELETED,1:1,0:m
OMSassocmgr,DELETED *** DataFile CONTAINS Job,1290438856.0287,,,,A0000001.A400001A,This association template has been deleted.,2.0,0.0,0.0,2.0,OMSdatafile,CREATEFILELIST,OMSjob,CREATIONJOB,DELETED,0:1,0:m
OMSassocmgr,DELETED *** Subset IS_RELATED_TO_1 LoaderProcess,1290438856.02892,,,,A0000001.A400001B,This association template has been deleted.,2.0,0.0,0.0,2.0,OMSsubset,PROCESSSUBSET,OMSldproc,SUBSETPROCESS,DELETED,1:1,0:1
OMSassocmgr,DELETED *** Note IS_RELATED_TO_1 Root,1290438856.02903,,,,A0000001.A400001C,This association template has been deleted.,2.0,0.0,0.0,2.0,OMSnote,OBJECTNOTE,OMSroot,OBJECT,DELETED,1:1,0:1
OMSassocmgr,DELETED *** Person IS_RELATED_TO_0_N Root,1286210512.81857,,,,A0000001.A400001D,This association template has been deleted.,2.0,0.0,0.0,2.0,OMSperson,OWNER,OMSroot,OWNEDOBJECTLIST,DELETED,0:m,0:1
OMSassocmgr,DELETED *** Person IS_RELATED_TO_0_N Root,1286210512.81872,,,,A0000001.A400001E,This association template has been deleted.,2.0,0.0,0.0,2.0,OMSperson,ADMINISTRATOR,OMSroot,ADMINISTEREDOBJECTLIST,DELETED,0:m,0:1
OMSassocmgr,DELETED *** Login USES Person,1290438856.02913,,,,A0000001.A400001F,This association template has been deleted.,2.0,0.0,0.0,2.0,OMSlogin,LOGINLIST,OMSperson,PERSONLIST,DELETED,0:m,0:m
OMSassocmgr,DELETED *** WTable IS_COMPOSED_OF_0_N Query,1290438856.02937,,,,A0000001.A400001G,This association template has been deleted.,2.0,0.0,0.0,2.0,OMSwtable,QUERYTABLESOURCELIST,OMSquery,QUERYTARGETLIST,DELETED,0:m,1:m
OMSassocmgr,DELETED *** WTable IS_COMPOSED_OF_0_N Join,1290438856.02948,,,,A0000001.A400001H,This association template has been deleted.,2.0,0.0,0.0,2.0,OMSwtable,JOINSOURCELIST,OMSjoin,JOINTARGETLIST,DELETED,0:m,1:m
OMSassocmgr,DELETED *** Cube IS_RELATED_TO_1 WTable,1286978388.15311,,,,A0000001.A400001I,This association template has been deleted.,2.0,0.0,0.0,2.0,OMScube,OLAPCUBE,OMSwtable,CUBESTRUCTURE,DELETED,1:1,0:1
OMSassocmgr,DELETED *** Crossing HAS WTable,1286978388.15326,,,,A0000001.A400001J,This association template has been deleted.,2.0,0.0,0.0,2.0,OMScrossing,CROSSINGLIST,OMSwtable,CROSSINGSTRUCTURE,DELETED,1:1,0:m
OMSassocmgr,DELETED *** SourceCode IS_RELATED_TO_1 Process,1290438856.0296,,,,A0000001.A400001K,This association template has been deleted.,2.0,0.0,0.0,2.0,OMSsrccode,CODESOURCE,OMSprocess,SOURCECODEPROCESS,DELETED,1:1,0:1
OMSassocmgr,DELETED *** AuxProcess HAS Process,1286191898.61937,,,,A0000001.A400001L,This association template has been deleted.,2.0,0.0,0.0,2.0,OMSauxprcs,POSTPROCESS,OMSprocess,AFTERPROCESS,DELETED,1:1,0:m
OMSassocmgr,DELETED *** SourceStore IS_RELATED_TO_1 Process,1290438856.02982,,,,A0000001.A400001M,This association template has been deleted.,2.0,0.0,0.0,2.0,OMSsrcstore,STOREDCODESOURCE,OMSprocess,SOURCECODEPROCESS,DELETED,1:1,0:1
OMSassocmgr,DELETED *** Query IS_RELATED_TO_1 Process,1290438856.02993,,,,A0000001.A400001N,This association template has been deleted.,2.0,0.0,0.0,2.0,OMSquery,PROCESSQUERY,OMSprocess,PROCESSOBJECT,DELETED,1:1,0:1
OMSassocmgr,DELETED *** DeployedComponent USES Process,1290438856.03005,,,,A0000001.A400001O,This association template has been deleted.,2.0,0.0,0.0,2.0,OMSdepcomp,COMPUTELOCATIONLIST,OMSprocess,COMPUTETASKLIST,DELETED,0:m,0:m
OMSassocmgr,DELETED *** AuxProcess HAS Process,1286191898.61997,,,,A0000001.A400001P,This association template has been deleted.,2.0,0.0,0.0,2.0,OMSauxprcs,PREPROCESS,OMSprocess,BEFOREPROCESS,DELETED,1:1,0:m
OMSassocmgr,DELETED *** Process IS_CONTAINED_IN_0_N Transform,1290438856.03027,,,,A0000001.A400001Q,This association template has been deleted.,2.0,0.0,0.0,2.0,OMSprocess,PROCESSOBJECT,OMStrnsform,TRANSFORMLIST,DELETED,0:m,1:1
OMSassocmgr,DELETED *** RowSelector IS_RELATED_TO_1_N WorkTable,1290438856.03039,,,,A0000001.A400001R,This association template has been deleted.,2.0,0.0,0.0,2.0,OMSrowsel,ROWSELECT,OMSwrktable,SELECTEDTABLELIST,DELETED,1:m,0:1
OMSassocmgr,DELETED *** SASPassword HAS SASStore,1286978388.15489,,,,A0000001.A400001S,This association template has been deleted.,2.0,0.0,0.0,2.0,OMSsaspass,SASPASSWORDLIST,OMSpsas,SASFILE,DELETED,1:1,0:m
OMSassocmgr,DELETED *** ColumnTransform HAS Mapping,1290438856.03049,,,,A0000001.A400001T,This association template has been deleted.,2.0,0.0,0.0,2.0,OMSctrnfm,COLTRANSFORMLIST,OMSmapping,MAP,DELETED,1:1,0:m
OMSassocmgr,DELETED *** ColumnTransform IS_COMPOSED_OF_0_1 Query,1290438856.0306,,,,A0000001.A400001U,This association template has been deleted.,2.0,0.0,0.0,2.0,OMSctrnfm,SELECTCOLUMNLIST,OMSquery,SELECTQUERY,DELETED,0:1,1:m
OMSassocmgr,DELETED *** ColumnTransform CONTAINS Query,1290438856.03071,,,,A0000001.A400001V,This association template has been deleted.,2.0,0.0,0.0,2.0,OMSctrnfm,ORDERBYCOLUMNLIST,OMSquery,ORDERBYQUERY,DELETED,0:1,0:m
OMSassocmgr,DELETED *** SourceStore CONTAINS ColumnTransform,1290438856.03083,,,,A0000001.A400001W,This association template has been deleted.,2.0,0.0,0.0,2.0,OMSsrcstore,STOREDCODELIST,OMSctrnfm,COLUMNTRANSFORMOBJECT,DELETED,0:1,0:m
OMSassocmgr,DELETED *** SASDBMSConnection IS_RELATED_TO_0_N WLibrary,1290438856.03095,,,,A0000001.A400001X,This association template has been deleted.,2.0,0.0,0.0,2.0,OMSdbmsconn,DBMSCONNECTION,OMSwlibrary,LIBRARYLIST,DELETED,0:m,0:1
OMSassocmgr,DELETED *** WLibrary USES SourceCatEntry,1290438856.03105,,,,A0000001.A400001Y,This association template has been deleted.,2.0,0.0,0.0,2.0,OMSwlibrary,LIBRARYLIST,OMSsrccat,SOURCECATENTRYLIST,DELETED,0:m,0:m
OMSassocmgr,DELETED *** Root USES Document,1290438856.03138,,,,A0000001.A400001Z,This association template has been deleted.,2.0,0.0,0.0,2.0,OMSroot,DOCUMENTEDOBJECTLIST,OMSdocument,DOCUMENTLIST,DELETED,0:m,0:m
OMSassocmgr,DELETED *** Hierarchy IS_RELATED_TO_1 Dimension,1290438856.0316,,,,A0000001.A4000020,This association template has been deleted.,2.0,0.0,0.0,2.0,OMShrarchy,DEFAULTHIERARCHY,OMSdim,DEFAULTFORDIMENSION,DELETED,1:1,0:1
OMSassocmgr,DELETED *** Cube IS_CONTAINED_IN_0_1 Dimension,1290438856.03171,,,,A0000001.A4000021,This association template has been deleted.,2.0,0.0,0.0,2.0,OMScube,DEFAULTFORCUBE,OMSdim,DEFAULTDIMENSION,DELETED,0:1,1:1
OMSassocmgr,DELETED *** Dimension HAS Cube,1286978388.15682,,,,A0000001.A4000022,This association template has been deleted.,2.0,0.0,0.0,2.0,OMSdim,DIMENSIONLIST,OMScube,OWNINGCUBE,DELETED,1:1,0:m
OMSassocmgr,DELETED *** Dimension IS_CONTAINED_IN_0_N Hierarchy,1290438856.03193,,,,A0000001.A4000023,This association template has been deleted.,2.0,0.0,0.0,2.0,OMSdim,OWNINGDIMENSION,OMShrarchy,HIERARCHYLIST,DELETED,0:m,1:1
OMSassocmgr,DELETED *** Dimension IS_CONTAINED_IN_0_N CategoryHierarchy,1290438856.03204,,,,A0000001.A4000024,This association template has been deleted.,2.0,0.0,0.0,2.0,OMSdim,DIMENSION,OMScathier,CATEGORYHIERARCHYLIST,DELETED,0:m,1:1
OMSassocmgr,DELETED *** Dimension IS_CONTAINED_IN_0_N CategoricalAttribu,1290438856.03216,,,,A0000001.A4000025,This association template has been deleted.,2.0,0.0,0.0,2.0,OMSdim,DIMENSION,OMScatatt,CATEGORICALATTRIBUTELIST,DELETED,0:m,1:1
OMSassocmgr,DELETED *** Connection HAS DeployedComponent,1290438856.03295,,,,A0000001.A4000026,This association template has been deleted.,2.0,0.0,0.0,2.0,OMScnction,SOURCECONNECTIONLIST,OMSdepcomp,SOURCE,DELETED,1:1,0:m
OMSassocmgr,DELETED *** DeployedComponent USES Connection,1290438856.03306,,,,A0000001.A4000027,This association template has been deleted.,2.0,0.0,0.0,2.0,OMSdepcomp,PROVIDERLIST,OMScnction,PROVIDERCONNECTIONLIST,DELETED,0:m,0:m
OMSassocmgr,DELETED *** Machine IS_RELATED_TO_0_N DeployedComponent,1290438856.03317,,,,A0000001.A4000028,This association template has been deleted.,2.0,0.0,0.0,2.0,OMSmachine,OWNINGMACHINE,OMSdepcomp,DEPCOMPONENTLIST,DELETED,0:m,0:1
OMSassocmgr,DELETED *** DeployedComponent USES DeployedDataPackage,1290438856.03329,,,,A0000001.A4000029,This association template has been deleted.,2.0,0.0,0.0,2.0,OMSdepcomp,LINKEDTOCOMPONENTLIST,OMSddatapkg,AVAILABLEPACKAGELIST,DELETED,0:m,0:m
OMSassocmgr,DELETED *** DeployedComponent IS_COMPOSED_OF_0_N LocalizedPr,1290438856.03341,,,,A0000001.A400002A,This association template has been deleted.,2.0,0.0,0.0,2.0,OMSdepcomp,DEPLOYEDCOMPONENTLIST,OMSlproc,INITPROCESSLIST,DELETED,0:m,1:m
OMSassocmgr,DELETED *** DeployedComponent IS_CONTAINED_IN_0_1 InitInfo,1290438856.03352,,,,A0000001.A400002B,This association template has been deleted.,2.0,0.0,0.0,2.0,OMSdepcomp,INITCOMPONENT,OMSinitinfo,INITINFORMATION,DELETED,0:1,1:1
OMSassocmgr,DELETED *** AuthDomain IS_RELATED_TO_0_N Connection,1290438856.03364,,,,A0000001.A400002C,This association template has been deleted.,2.0,0.0,0.0,2.0,OMSauthdom,CONNECTIONDOMAIN,OMScnction,DOMAINCONNECTIONLIST,DELETED,0:m,0:1
OMSassocmgr,DELETED *** DeployedDataPackage USES DataFile,1290438856.03386,,,,A0000001.A400002D,This association template has been deleted.,2.0,0.0,0.0,2.0,OMSddatapkg,DATAPACKAGELIST,OMSdatafile,DATAFILELIST,DELETED,0:m,0:m
OMSassocmgr,DELETED *** DeployedDataPackage USES DeployedDataPackage,1290438856.03397,,,,A0000001.A400002E,This association template has been deleted.,2.0,0.0,0.0,2.0,OMSddatapkg,USEDPACKAGELIST,OMSddatapkg,USINGPACKAGELIST,DELETED,0:m,0:m
OMSassocmgr,DELETED *** SourceFile USES Directory,1290438856.03407,,,,A0000001.A400002F,This association template has been deleted.,2.0,0.0,0.0,2.0,OMSsrcfile,SOURCEFILELIST,OMSdirectry,DIRLIST,DELETED,0:m,0:m
OMSassocmgr,DELETED *** KeyAssociation IS_COMPOSED_OF ForeignKey,1290438856.03418,,,,A0000001.A400002G,This association template has been deleted.,2.0,0.0,0.0,2.0,OMSkeyassoc,KEYASSOCIATIONLIST,OMSfkey,ASSOCIATEDFOREIGNKEY,DELETED,1:1,1:m
OMSassocmgr,DELETED *** ForeignKey HAS DataFile,1290438856.03428,,,,A0000001.A400002H,This association template has been deleted.,2.0,0.0,0.0,2.0,OMSfkey,FOREIGNKEYLIST,OMSdatafile,FKTABLE,DELETED,1:1,0:m
OMSassocmgr,DELETED *** UniqueKey IS_CONTAINED_IN_0_N ForeignKey,1290438856.0344,,,,A0000001.A400002I,This association template has been deleted.,2.0,0.0,0.0,2.0,OMSukey,PARTNERUNIQUEKEY,OMSfkey,FOREIGNKEYLIST,DELETED,0:m,1:1
OMSassocmgr,DELETED *** UniqueKey HAS DataFile,1290438856.03449,,,,A0000001.A400002J,This association template has been deleted.,2.0,0.0,0.0,2.0,OMSukey,UNIQUEKEYLIST,OMSdatafile,UKTABLE,DELETED,1:1,0:m
OMSassocmgr,DELETED *** DataFile USES DataFile,1290438856.0346,,,,A0000001.A400002K,This association template has been deleted.,2.0,0.0,0.0,2.0,OMSdatafile,INPUTSOURCELIST,OMSdatafile,OUTPUTTARGETLIST,DELETED,0:m,0:m
OMSassocmgr,DELETED *** PrimaryKey HAS DataFile,1286210512.82532,,,,A0000001.A400002L,This association template has been deleted.,2.0,0.0,0.0,2.0,OMSprimkey,PRIMARYKEYLIST,OMSdatafile,PKTABLE,DELETED,1:1,0:m
OMSassocmgr,DELETED *** DataFile IS_COMPOSED_OF_0_1 LoaderProcess,1290438856.03471,,,,A0000001.A400002M,This association template has been deleted.,2.0,0.0,0.0,2.0,OMSdatafile,OUTPUTTABLELIST,OMSldproc,LOADPROCESS,DELETED,0:1,1:m
OMSassocmgr,DELETED *** DataFile IS_RELATED_TO_0_N DataFile,1290438856.03482,,,,A0000001.A400002N,This association template has been deleted.,2.0,0.0,0.0,2.0,OMSdatafile,DATAGROUP,OMSdatafile,DATAMEMBERLIST,DELETED,0:m,0:1
OMSassocmgr,DELETED *** ScriptFile IS_RELATED_TO_0_N SASConnect,1290438856.03504,,,,A0000001.A400002O,This association template has been deleted.,2.0,0.0,0.0,2.0,OMSscrfile,USESCRIPT,OMSsasconn,SCRIPTCONNECTIONLIST,DELETED,0:m,0:1
OMSassocmgr,DELETED *** AuthDomain IS_RELATED_TO_0_N Login,1290438856.03515,,,,A0000001.A400002P,This association template has been deleted.,2.0,0.0,0.0,2.0,OMSauthdom,LOGINDOMAIN,OMSlogin,LOGINLIST,DELETED,0:m,0:1
OMSassocmgr,DELETED *** Login IS_RELATED_TO_0_N InitInfo,1290438856.03525,,,,A0000001.A400002Q,This association template has been deleted.,2.0,0.0,0.0,2.0,OMSlogin,INITLOGIN,OMSinitinfo,INITLIST,DELETED,0:m,0:1
OMSassocmgr,DELETED *** SourceStore IS_RELATED_TO_0_N Transform,1290438856.03547,,,,A0000001.A400002R,This association template has been deleted.,2.0,0.0,0.0,2.0,OMSsrcstore,STOREDCODELIST,OMStrnsform,TRANSFORMOBJECT,DELETED,0:m,0:1
OMSassocmgr,DELETED *** Where IS_RELATED_TO_1 Query,1290438856.04878,,,,A0000001.A400002S,This association template has been deleted.,2.0,0.0,0.0,2.0,OMSwhere,WHERECLAUSE,OMSquery,QUERYOBJECT,DELETED,1:1,0:1
OMSassocmgr,DELETED *** Having IS_RELATED_TO_1 Query,1290438856.04892,,,,A0000001.A400002T,This association template has been deleted.,2.0,0.0,0.0,2.0,OMShaving,HAVINGCLAUSE,OMSquery,QUERYOBJECT,DELETED,1:1,0:1
OMSassocmgr,DELETED *** AbstractColumn USES Where,1290438856.04902,,,,A0000001.A400002U,This association template has been deleted.,2.0,0.0,0.0,2.0,OMSabscol,ACOLUMNLIST,OMSwhere,WHERETARGETLIST,DELETED,0:m,0:m
OMSassocmgr,DELETED *** AbstractColumn USES Having,1290438856.04912,,,,A0000001.A400002V,This association template has been deleted.,2.0,0.0,0.0,2.0,OMSabscol,ACOLUMNLIST,OMShaving,HAVINGTARGETLIST,DELETED,0:m,0:m
OMSassocmgr,DELETED *** On IS_RELATED_TO_1 Join,1290438856.04922,,,,A0000001.A400002W,This association template has been deleted.,2.0,0.0,0.0,2.0,OMSon,ONCLAUSE,OMSjoin,JOINOBJECT,DELETED,1:1,0:1
OMSassocmgr,DELETED *** AbstractColumn USES On,1290438856.04932,,,,A0000001.A400002X,This association template has been deleted.,2.0,0.0,0.0,2.0,OMSabscol,ACOLUMNLIST,OMSon,ONCLAUSETARGETLIST,DELETED,0:m,0:m
OMSassocmgr,DELETED *** CategoricalAttribute IS_CONTAINED_IN_0_N Categor,1290438856.04944,,,,A0000001.A400002Y,This association template has been deleted.,2.0,0.0,0.0,2.0,OMScatatt,CATEGORICALATTRIBUTE,OMScatmem,CATEGORYMEMBERLIST,DELETED,0:m,1:1
OMSassocmgr,DELETED *** CategoryHierarchy USES CategoricalAttribute,1290438856.04955,,,,A0000001.A400002Z,This association template has been deleted.,2.0,0.0,0.0,2.0,OMScathier,CATEGORYLHIERARCHYLIST,OMScatatt,CATEGORICALATTRIBUTELIST,DELETED,0:m,0:m
OMSassocmgr,DELETED *** AbstractColumn USES AbstractColumn,1290438856.04966,,,,A0000001.A4000030,This association template has been deleted.,2.0,0.0,0.0,2.0,OMSabscol,COLUMNSOURCELIST,OMSabscol,COLUMNTARGETLIST,DELETED,0:m,0:m
OMSassocmgr,DELETED *** Tree IS_CONTAINED_IN_0_N Group,1290438856.02698,,,,A0000001.A4000031,This association template has been deleted.,2.0,0.0,0.0,2.0,OMStree,OWNINGTREE,OMSgroup,TREEGROUPLIST,DELETED,0:m,1:1
OMSassocmgr,DELETED *** AuxProcess HAS Process,1290438856.0297,,,,A0000001.A4000032,This association template has been deleted.,2.0,0.0,0.0,2.0,OMSauxprcs,POSTPROCESSLIST,OMSprocess,AFTERPROCESS,DELETED,1:1,0:m
OMSassocmgr,DELETED *** AuxProcess HAS Process,1290438856.03015,,,,A0000001.A4000033,This association template has been deleted.,2.0,0.0,0.0,2.0,OMSauxprcs,PREPROCESSLIST,OMSprocess,BEFOREPROCESS,DELETED,1:1,0:m
OMSassocmgr,DELETED *** PhysicalTable IS_RELATED_TO_1 ColumnSet,1286978388.15078,,,,A0000001.A4000034,This association template has been deleted.,2.0,0.0,0.0,2.0,OMSptable,PHYSICALSTORAGE,OMScolset,OWNINGCOLUMNSET,DELETED,1:1,0:1
OMSassocmgr,DELETED *** AbstractGroup USES Root,1290438856.03127,,,,A0000001.A4000035,This association template has been deleted.,2.0,0.0,0.0,2.0,OMSabsgroup,GROUPLIST,OMSroot,MEMBERLIST,DELETED,0:m,0:m
OMSassocmgr,DELETED *** Connection IS_CONTAINED_IN_0_N Option,1290438856.03375,,,,A0000001.A4000036,This association template has been deleted.,2.0,0.0,0.0,2.0,OMScnction,OPTIONEDCONNECTION,OMSoption,OPTIONLIST,DELETED,0:m,1:1
OMSassocmgr,DELETED *** DataFile IS_CONTAINED_IN_0_N Option,1290438856.03493,,,,A0000001.A4000037,This association template has been deleted.,2.0,0.0,0.0,2.0,OMSdatafile,OPTIONEDDATAFILE,OMSoption,OPTIONLIST,DELETED,0:m,1:1
OMSassocmgr,DELETED *** ResponsibleParty HAS_1_N_OF Person,1286978388.15263,,,,A0000001.A4000038,This association template has been deleted.,2.0,0.0,0.0,2.0,OMSrespons,RESPONSIBILITYLIST,OMSperson,PERSONLIST,DELETED,1:m,0:m
OMSassocmgr,DELETED *** Root USES ResponsibleParty,1290438856.03148,,,,A0000001.A4000039,This association template has been deleted.,2.0,0.0,0.0,2.0,OMSroot,OWNEDOBJECTLIST,OMSrespons,RESPONSIBLEPARTYLIST,DELETED,0:m,0:m
OMSassocmgr,DELETED *** Scheduler IS_CONTAINED_IN_0_N Option,1290438856.03271,,,,A0000001.A400003A,This association template has been deleted.,2.0,0.0,0.0,2.0,OMSschedulr,OPTIONEDSCHEDULER,OMSoption,OPTIONLIST,DELETED,0:m,1:1
OMSassocmgr,DELETED *** TextFile IS_CONTAINED_IN_0_N Option,1290438856.03536,,,,A0000001.A400003B,This association template has been deleted.,2.0,0.0,0.0,2.0,OMStextfile,OPTIONEDTEXTFILE,OMSoption,OPTIONLIST,DELETED,0:m,1:1
OMSassocmgr,DELETED *** Transform IS_CONTAINED_IN_0_N Option,1290438856.04977,,,,A0000001.A400003C,This association template has been deleted.,2.0,0.0,0.0,2.0,OMStrnsform,OPTIONEDTRANSFORM,OMSoption,OPTIONLIST,DELETED,0:m,1:1
OMSassocmgr,DELETED *** WLibrary IS_CONTAINED_IN_0_N Option,1290438856.03117,,,,A0000001.A400003D,This association template has been deleted.,2.0,0.0,0.0,2.0,OMSwlibrary,OPTIONEDLIBRARY,OMSoption,OPTIONLIST,DELETED,0:m,1:1
OMSassocmgr,DELETED *** CubeRegLevelAssoc HAS CubeRegion,1290438856.04987,,,,A0000001.A400003E,This association template has been deleted.,2.0,0.0,0.0,2.0,OMSclassoc,CUBELEVELASSOCLIST,OMScubereg,OWNINGCUBEREGION,DELETED,1:1,0:m
OMSassocmgr,DELETED *** Cube IS_CONTAINED_IN_0_N CubeRegion,1290438856.03259,,,,A0000001.A400003F,This association template has been deleted.,2.0,0.0,0.0,2.0,OMScube,OWNINGCUBE,OMScubereg,CUBEREGIONLIST,DELETED,0:m,1:1
OMSassocmgr,DELETED *** Dimension USES Cube,1290438856.03181,,,,A0000001.A400003G,This association template has been deleted.,2.0,0.0,0.0,2.0,OMSdim,DIMENSIONLIST,OMScube,CUBELIST,DELETED,0:m,0:m
OMSassocmgr,DELETED *** Dimension IS_CONTAINED_IN_0_N Level,1290438856.03227,,,,A0000001.A400003H,This association template has been deleted.,2.0,0.0,0.0,2.0,OMSdim,OWNINGDIMENSION,OMSlevel,DIMENSIONLEVELLIST,DELETED,0:m,1:1
OMSassocmgr,DELETED *** Hierarchy USES Cube,1290438856.03248,,,,A0000001.A400003I,This association template has been deleted.,2.0,0.0,0.0,2.0,OMShrarchy,CUBEHIERARCHYLIST,OMScube,HIERARCHYCUBELIST,DELETED,0:m,0:m
OMSassocmgr,DELETED *** Hierarchy USES Level,1290438856.03238,,,,A0000001.A400003J,This association template has been deleted.,2.0,0.0,0.0,2.0,OMShrarchy,LEVELHIERARCHYLIST,OMSlevel,HIERARCHYLEVELLIST,DELETED,0:m,0:m
OMSassocmgr,DELETED *** Level IS_CONTAINED_IN_0_N CubeRegLevelAssoc,1290438856.05009,,,,A0000001.A400003K,This association template has been deleted.,2.0,0.0,0.0,2.0,OMSlevel,OWNINGLEVEL,OMSclassoc,CUBERLEVELASSOCLIST,DELETED,0:m,1:1
OMSassocmgr,DELETED *** Level IS_CONTAINED_IN_0_N Member,1290438856.04998,,,,A0000001.A400003L,This association template has been deleted.,2.0,0.0,0.0,2.0,OMSlevel,OWNINGLEVEL,OMSmember,LEVELMEMBERLIST,DELETED,0:m,1:1
OMSassocmgr,DELETED *** Member CONTAINS CubeRegLevelAssoc,1290438856.05019,,,,A0000001.A400003M,This association template has been deleted.,2.0,0.0,0.0,2.0,OMSmember,CUBERMEMBERLIST,OMSclassoc,OWNINGCRLEVEL,DELETED,0:1,0:m
OMSassocmgr,DELETED *** Person IS_COMPOSED_OF_0_N ResponsibleParty,1290438856.02925,,,,A0000001.A400003N,This association template has been deleted.,2.0,0.0,0.0,2.0,OMSperson,PERSONLIST,OMSrespons,RESPONSIBILITYLIST,DELETED,0:m,1:m
OMSassocmgr,DELETED *** SASPassword HAS PhysicalTable,1290438856.02849,,,,A0000001.A400003O,This association template has been deleted.,2.0,0.0,0.0,2.0,OMSsaspass,SASPASSWORDLIST,OMSptable,SASFILE,DELETED,1:1,0:m
OMSassocmgr,DELETED *** ScheduledJob HAS Job,1290438856.02881,,,,A0000001.A400003P,This association template has been deleted.,2.0,0.0,0.0,2.0,OMSschedjob,SCHEDULEDJOBLIST,OMSjob,STARTINGJOB,DELETED,1:1,0:m
OMSassocmgr,DELETED *** Scheduler IS_RELATED_TO_0_N ScheduledJob,1290438856.03284,,,,A0000001.A400003Q,This association template has been deleted.,2.0,0.0,0.0,2.0,OMSschedulr,OWNINGSCHEDULER,OMSschedjob,SCHEDULEDJOBLIST,DELETED,0:m,0:1
OMSassocmgr,AuthenticationDomain IS_RELATED_TO_0_N Connection,1357142922.638,1357142922.638,,,A0000001.A400003R,Compiled by ModelCompiler on 02JAN03 16:08,2.0,0.0,0.0,2.0,OMSauthdom,DOMAIN,OMScnction,CONNECTIONS,IS_RELATED_TO_0_N,0:m,0:1
OMSassocmgr,AuthenticationDomain IS_RELATED_TO_0_N Login,1357142922.638,1357142922.638,,,A0000001.A400003S,Compiled by ModelCompiler on 02JAN03 16:08,2.0,0.0,0.0,2.0,OMSauthdom,DOMAIN,OMSlogin,LOGINS,IS_RELATED_TO_0_N,0:m,0:1
OMSassocmgr,SASCatalog IS_RELATED_TO_0_N SASCatalogEntry,1357142922.638,1357142922.638,,,A0000001.A400003T,Compiled by ModelCompiler on 02JAN03 16:08,2.0,0.0,0.0,2.0,OMScatalog,ASSOCIATEDSASCATALOG,OMScatentry,SASCATALOGENTRIES,IS_RELATED_TO_0_N,0:m,0:1
OMSassocmgr,DELETED *** SASCatalogEntry IS_CONTAINED_IN_0_1 SASInformati,1316012620.55187,,,,A0000001.A400003U,This association template has been deleted.,2.0,0.0,0.0,2.0,OMScatentry,OWNINGCATALOGENTRY,OMSsasinfo,ASSOCIATEDSASINFORMATION,DELETED,0:1,1:1
OMSassocmgr,Classifier USES ClassifierMap,1357142922.628,1357142922.628,,,A0000001.A400003V,Compiled by ModelCompiler on 02JAN03 16:08,2.0,0.0,0.0,2.0,OMSclsifier,CLASSIFIERSOURCES,OMScmap,SOURCECLASSIFIERMAPS,USES,0:m,0:m
OMSassocmgr,DELETED *** ClassifierMap USES TransformationStep,1312803217.58798,,,,A0000001.A400003W,This association template has been deleted.,2.0,0.0,0.0,2.0,OMScmap,CLASSIFIERMAPS,OMStrnsstep,STEPS,DELETED,0:m,0:m
OMSassocmgr,DELETED *** ClassifierMap IS_RELATED_TO_0_1 CubeRegion,1311609069.8586,,,,A0000001.A400003X,This association template has been deleted.,2.0,0.0,0.0,2.0,OMScmap,CONTENTMAP,OMScubereg,ASSOCIATEDCUBEREGION,DELETED,0:1,0:1
OMSassocmgr,ClassifierMap USES Classifier,1357142922.628,1357142922.628,,,A0000001.A400003Y,Compiled by ModelCompiler on 02JAN03 16:08,2.0,0.0,0.0,2.0,OMScmap,TARGETCLASSIFIERMAPS,OMSclsifier,CLASSIFIERTARGETS,USES,0:m,0:m
OMSassocmgr,DELETED *** Connection IS_RELATED_TO_0_N Option,1311609069.90273,,,,A0000001.A400003Z,This association template has been deleted.,2.0,0.0,0.0,2.0,OMScnction,ASSOCIATEDCONNECTION,OMSoptions,OPTIONS,DELETED,0:m,0:1
OMSassocmgr,Connection HAS DeployedComponent,1357142922.638,1357142922.638,,,A0000001.A4000040,Compiled by ModelCompiler on 02JAN03 16:08,2.0,0.0,0.0,2.0,OMScnction,SOURCECONNECTIONS,OMSdepcomp,SOURCE,HAS,1:1,0:m
OMSassocmgr,Cube USES Measure,1357142922.628,1357142922.628,,,A0000001.A4000041,Compiled by ModelCompiler on 02JAN03 16:08,2.0,0.0,0.0,2.0,OMScube,CUBES,OMSomeasure,MEASURES,USES,0:m,0:m
OMSassocmgr,Cube CONTAINS OLAPSchema,1357142922.628,1357142922.628,,,A0000001.A4000042,Compiled by ModelCompiler on 02JAN03 16:08,2.0,0.0,0.0,2.0,OMScube,CUBES,OMSoschema,ASSOCIATEDOLAPSCHEMA,CONTAINS,0:1,0:m
OMSassocmgr,DELETED *** Cube HAS Dimension,1313334681.35682,,,,A0000001.A4000043,This association template has been deleted.,2.0,0.0,0.0,2.0,OMScube,DEFAULTFORCUBES,OMSdim,DEFAULTDIMENSION,DELETED,1:1,0:m
OMSassocmgr,DELETED *** Cube IS_CONTAINED_IN_0_N CubeRegion,1313334681.35726,,,,A0000001.A4000044,This association template has been deleted.,2.0,0.0,0.0,2.0,OMScube,OWNINGCUBE,OMScubereg,CUBEREGIONS,DELETED,0:m,1:1
OMSassocmgr,DeployedDataPackage USES DeployedDataPackage,1357142922.638,1357142922.638,,,A0000001.A4000045,Compiled by ModelCompiler on 02JAN03 16:08,2.0,0.0,0.0,2.0,OMSddatapkg,USEDBYPACKAGES,OMSddatapkg,USINGPACKAGES,USES,0:m,0:m
OMSassocmgr,DELETED *** DeployedComponent IS_RELATED_TO_0_N Option,1311609069.90313,,,,A0000001.A4000046,This association template has been deleted.,2.0,0.0,0.0,2.0,OMSdepcomp,ASSOCIATEDDEPLOYEDCOMPONENT,OMSoptions,OPTIONS,DELETED,0:m,0:1
OMSassocmgr,DeployedComponent USES AbstractTransformation,1357142922.628,1357142922.628,,,A0000001.A4000047,Compiled by ModelCompiler on 02JAN03 16:08,2.0,0.0,0.0,2.0,OMSdepcomp,COMPUTELOCATIONS,OMStransfm,COMPUTETASKS,USES,0:m,0:m
OMSassocmgr,DeployedComponent USES DeployedDataPackage,1357142922.638,1357142922.638,,,A0000001.A4000048,Compiled by ModelCompiler on 02JAN03 16:08,2.0,0.0,0.0,2.0,OMSdepcomp,DEPLOYEDCOMPONENTS,OMSddatapkg,DATAPACKAGES,USES,0:m,0:m
OMSassocmgr,DeployedComponent USES AbstractTransformation,1357142922.628,1357142922.628,,,A0000001.A4000049,Compiled by ModelCompiler on 02JAN03 16:08,2.0,0.0,0.0,2.0,OMSdepcomp,DEPLOYEDCOMPONENTS,OMStransfm,INITPROCESSES,USES,0:m,0:m
OMSassocmgr,DELETED *** DeployedComponent IS_CONTAINED_IN_0_1 InitInfo,1313334681.3797,,,,A0000001.A400004A,This association template has been deleted.,2.0,0.0,0.0,2.0,OMSdepcomp,OWNINGDEPLOYEDCOMPONENT,OMSinitinfo,INITIALIZATIONINFORMATION,DELETED,0:1,1:1
OMSassocmgr,DeployedComponent USES Connection,1357142922.638,1357142922.638,,,A0000001.A400004B,Compiled by ModelCompiler on 02JAN03 16:08,2.0,0.0,0.0,2.0,OMSdepcomp,PROVIDERS,OMScnction,PROVIDERCONNECTIONS,USES,0:m,0:m
OMSassocmgr,DeployedComponent USES DeployedComponent,1357142922.638,1357142922.638,,,A0000001.A400004C,Compiled by ModelCompiler on 02JAN03 16:08,2.0,0.0,0.0,2.0,OMSdepcomp,USEDBYCOMPONENTS,OMSdepcomp,USINGCOMPONENTS,USES,0:m,0:m
OMSassocmgr,Dimension USES Cube,1357142922.628,1357142922.628,,,A0000001.A400004D,Compiled by ModelCompiler on 02JAN03 16:08,2.0,0.0,0.0,2.0,OMSdim,DIMENSIONS,OMScube,CUBES,USES,0:m,0:m
OMSassocmgr,Dimension IS_CONTAINED_IN_0_N Level,1357142922.628,1357142922.628,,,A0000001.A400004E,Compiled by ModelCompiler on 02JAN03 16:08,2.0,0.0,0.0,2.0,OMSdim,OWNINGDIMENSION,OMSlevel,LEVELS,IS_CONTAINED_IN_0_N,0:m,1:1
OMSassocmgr,Dimension IS_CONTAINED_IN_0_N Hierarchy,1357142922.628,1357142922.628,,,A0000001.A400004F,Compiled by ModelCompiler on 02JAN03 16:08,2.0,0.0,0.0,2.0,OMSdim,OWNINGDIMENSION,OMSohier,HIERARCHIES,IS_CONTAINED_IN_0_N,0:m,1:1
OMSassocmgr,Dimension IS_CONTAINED_IN_0_N Measure,1357142922.628,1357142922.628,,,A0000001.A400004G,Compiled by ModelCompiler on 02JAN03 16:08,2.0,0.0,0.0,2.0,OMSdim,OWNINGDIMENSION,OMSomeasure,MEASURES,IS_CONTAINED_IN_0_N,0:m,1:1
OMSassocmgr,DELETED *** DataTable IS_RELATED_TO_0_N Option,1311609069.90284,,,,A0000001.A400004H,This association template has been deleted.,2.0,0.0,0.0,2.0,OMSdtable,ASSOCIATEDDATATABLE,OMSoptions,OPTIONS,DELETED,0:m,0:1
OMSassocmgr,DELETED *** DataTable IS_CONTAINED_IN_0_1 WATableLoadInfo,1303146197.59791,,,,A0000001.A400004I,This association template has been deleted.,2.0,0.0,0.0,2.0,OMSdtable,LOADEDTABLE,OMSwaload,WALOADINFO,DELETED,0:1,1:1
OMSassocmgr,Email USES Person,1357142922.638,1357142922.638,,,A0000001.A400004J,Compiled by ModelCompiler on 02JAN03 16:08,2.0,0.0,0.0,2.0,OMSemail,EMAILADDRESSES,OMSperson,PERSONS,USES,0:m,0:m
OMSassocmgr,Feature USES FeatureMap,1357142922.628,1357142922.628,,,A0000001.A400004K,Compiled by ModelCompiler on 02JAN03 16:08,2.0,0.0,0.0,2.0,OMSfeature,FEATURESOURCES,OMSfmap,SOURCEFEATUREMAPS,USES,0:m,0:m
OMSassocmgr,DELETED *** File IS_RELATED_TO_0_N Option,1311609069.90324,,,,A0000001.A400004L,This association template has been deleted.,2.0,0.0,0.0,2.0,OMSfile,ASSOCIATEDFILE,OMSoptions,OPTIONS,DELETED,0:m,0:1
OMSassocmgr,File USES Directory,1357142922.638,1357142922.638,,,A0000001.A400004M,Compiled by ModelCompiler on 02JAN03 16:08,2.0,0.0,0.0,2.0,OMSfile,FILES,OMSdirectry,DIRECTORIES,USES,0:m,0:m
OMSassocmgr,File IS_CONTAINED_IN_0_1 ExternalTable,1357142922.628,1357142922.628,,,A0000001.A400004N,Compiled by ModelCompiler on 02JAN03 16:08,2.0,0.0,0.0,2.0,OMSfile,OWNINGFILE,OMSetable,ASSOCIATEDEXTERNALTABLE,IS_CONTAINED_IN_0_1,0:1,1:1
OMSassocmgr,DELETED *** File IS_CONTAINED_IN_0_1 InformationFile,1316012620.55255,,,,A0000001.A400004O,This association template has been deleted.,2.0,0.0,0.0,2.0,OMSfile,OWNINGFILE,OMSinfofile,ASSOCIATEDINFORMATIONFILE,DELETED,0:1,1:1
OMSassocmgr,File USES SASClientConnection,1357142922.638,1357142922.638,,,A0000001.A400004P,Compiled by ModelCompiler on 02JAN03 16:08,2.0,0.0,0.0,2.0,OMSfile,SCRIPTFILES,OMSscconn,SCRIPTEDCONNECTIONS,USES,0:m,0:m
OMSassocmgr,ForeignKey HAS DataTable,1357142922.628,1357142922.628,,,A0000001.A400004Q,Compiled by ModelCompiler on 02JAN03 16:08,2.0,0.0,0.0,2.0,OMSfkey,FOREIGNKEYS,OMSdtable,TABLE,HAS,1:1,0:m
OMSassocmgr,FeatureMap CONTAINS ClassifierMap,1357142922.628,1357142922.628,,,A0000001.A400004R,Compiled by ModelCompiler on 02JAN03 16:08,2.0,0.0,0.0,2.0,OMSfmap,FEATUREMAPS,OMScmap,ASSOCIATEDCLASSIFIERMAP,CONTAINS,0:1,0:m
OMSassocmgr,FeatureMap USES Feature,1357142922.628,1357142922.628,,,A0000001.A400004S,Compiled by ModelCompiler on 02JAN03 16:08,2.0,0.0,0.0,2.0,OMSfmap,TARGETFEATUREMAPS,OMSfeature,FEATURETARGETS,USES,0:m,0:m
OMSassocmgr,Group USES SoftwareComponent,1357142922.638,1357142922.638,,,A0000001.A400004T,Compiled by ModelCompiler on 02JAN03 16:08,2.0,0.0,0.0,2.0,OMSgroup,SOFTWAREGROUPS,OMSsoftcomp,SOFTWARECOMPONENTS,USES,0:m,0:m
OMSassocmgr,DELETED *** Index IS_RELATED_TO_0_N Option,1311609069.90336,,,,A0000001.A400004U,This association template has been deleted.,2.0,0.0,0.0,2.0,OMSindex,ASSOCIATEDINDEX,OMSoptions,OPTIONS,DELETED,0:m,0:1
OMSassocmgr,DELETED *** Index HAS PhysicalTable,1303912043.83547,,,,A0000001.A400004V,This association template has been deleted.,2.0,0.0,0.0,2.0,OMSindex,INDEXES,OMSptable,OWNINGPHSYICALTABLE,DELETED,1:1,0:m
OMSassocmgr,JoinTable IS_CONTAINED_IN_0_1 Join,1357142922.628,1357142922.628,,,A0000001.A400004W,Compiled by ModelCompiler on 02JAN03 16:08,2.0,0.0,0.0,2.0,OMSjtable,OWNINGJOINTABLE,OMSjoin,TABLEJOIN,IS_CONTAINED_IN_0_1,0:1,1:1
OMSassocmgr,Key HAS_1_N_OF Column,1357142922.628,1357142922.628,,,A0000001.A400004X,Compiled by ModelCompiler on 02JAN03 16:08,2.0,0.0,0.0,2.0,OMSkey,KEYS,OMSwcolumn,KEYEDCOLUMNS,HAS_1_N_OF,1:m,0:m
OMSassocmgr,KeyAssociation HAS ForeignKey,1357142922.628,1357142922.628,,,A0000001.A400004Y,Compiled by ModelCompiler on 02JAN03 16:08,2.0,0.0,0.0,2.0,OMSkeyassoc,KEYASSOCIATIONS,OMSfkey,OWNINGFOREIGNKEY,HAS,1:1,0:m
OMSassocmgr,Location USES Person,1357142922.638,1357142922.638,,,A0000001.A400004Z,Compiled by ModelCompiler on 02JAN03 16:08,2.0,0.0,0.0,2.0,OMSlocation,LOCATIONS,OMSperson,PERSONS,USES,0:m,0:m
OMSassocmgr,DELETED *** Login IS_RELATED_TO_0_N InitInfo,1313334681.38025,,,,A0000001.A4000050,This association template has been deleted.,2.0,0.0,0.0,2.0,OMSlogin,ASSOCIATEDINITLOGIN,OMSinitinfo,INITINFOS,DELETED,0:m,0:1
OMSassocmgr,DELETED *** Login USES Person,1312803217.60859,,,,A0000001.A4000051,This association template has been deleted.,2.0,0.0,0.0,2.0,OMSlogin,LOGINS,OMSperson,PERSONS,DELETED,0:m,0:m
OMSassocmgr,Machine IS_RELATED_TO_0_N DeployedComponent,1357142922.638,1357142922.638,,,A0000001.A4000052,Compiled by ModelCompiler on 02JAN03 16:08,2.0,0.0,0.0,2.0,OMSmachine,ASSOCIATEDMACHINE,OMSdepcomp,DEPLOYEDCOMPONENTS,IS_RELATED_TO_0_N,0:m,0:1
OMSassocmgr,Hierarchy IS_RELATED_TO_0_1 Dimension,1357142922.628,1357142922.628,,,A0000001.A4000053,Compiled by ModelCompiler on 02JAN03 16:08,2.0,0.0,0.0,2.0,OMSohier,DEFAULTHIERARCHY,OMSdim,DEFAULTFORDIMENSION,IS_RELATED_TO_0_1,0:1,0:1
OMSassocmgr,Hierarchy USES Cube,1357142922.628,1357142922.628,,,A0000001.A4000054,Compiled by ModelCompiler on 02JAN03 16:08,2.0,0.0,0.0,2.0,OMSohier,HIERARCHIES,OMScube,CUBES,USES,0:m,0:m
OMSassocmgr,Hierarchy USES Level,1357142922.628,1357142922.628,,,A0000001.A4000055,Compiled by ModelCompiler on 02JAN03 16:08,2.0,0.0,0.0,2.0,OMSohier,HIERARCHIES,OMSlevel,LEVELS,USES,0:m,0:m
OMSassocmgr,OnClause IS_RELATED_TO_1 Join,1357142922.628,1357142922.628,,,A0000001.A4000056,Compiled by ModelCompiler on 02JAN03 16:08,2.0,0.0,0.0,2.0,OMSon,ONFORJOIN,OMSjoin,OWNINGJOIN,IS_RELATED_TO_1,1:1,0:1
OMSassocmgr,Person USES ResponsibleParty,1357142922.638,1357142922.638,,,A0000001.A4000057,Compiled by ModelCompiler on 02JAN03 16:08,2.0,0.0,0.0,2.0,OMSperson,PERSONS,OMSrespons,RESPONSIBILITIES,USES,0:m,0:m
OMSassocmgr,Phone USES Person,1357142922.638,1357142922.638,,,A0000001.A4000058,Compiled by ModelCompiler on 02JAN03 16:08,2.0,0.0,0.0,2.0,OMSphone,PHONENUMBERS,OMSperson,PERSONS,USES,0:m,0:m
OMSassocmgr,Root USES Group,1357142922.628,1357142922.628,,,A0000001.A4000059,Compiled by ModelCompiler on 02JAN03 16:08,2.0,0.0,0.0,2.0,OMSroot,MEMBERS,OMSgroup,GROUPS,USES,0:m,0:m
OMSassocmgr,Root USES Tree,1357142922.628,1357142922.628,,,A0000001.A400005A,Compiled by ModelCompiler on 02JAN03 16:08,2.0,0.0,0.0,2.0,OMSroot,MEMBERS,OMStree,TREES,USES,0:m,0:m
OMSassocmgr,Root USES Document,1357142922.628,1357142922.628,,,A0000001.A400005B,Compiled by ModelCompiler on 02JAN03 16:08,2.0,0.0,0.0,2.0,OMSroot,OBJECTS,OMSdocument,DOCUMENTS,USES,0:m,0:m
OMSassocmgr,Root USES ResponsibleParty,1357142922.628,1357142922.628,,,A0000001.A400005C,Compiled by ModelCompiler on 02JAN03 16:08,2.0,0.0,0.0,2.0,OMSroot,OBJECTS,OMSrespons,RESPONSIBLEPARTIES,USES,0:m,0:m
OMSassocmgr,Root IS_CONTAINED_IN_0_N AbstractExtension,1357142922.628,1357142922.628,,,A0000001.A400005D,Compiled by ModelCompiler on 02JAN03 16:08,2.0,0.0,0.0,2.0,OMSroot,OWNINGOBJECT,OMSabsext,EXTENSIONS,IS_CONTAINED_IN_0_N,0:m,1:1
OMSassocmgr,RowSelector IS_RELATED_TO_1 ClassifierMap,1357142922.628,1357142922.628,,,A0000001.A400005E,Compiled by ModelCompiler on 02JAN03 16:08,2.0,0.0,0.0,2.0,OMSrowsel,ASSOCIATEDROWSELECTOR,OMScmap,OWNINGCLASSIFIERMAP,IS_RELATED_TO_1,1:1,0:1
OMSassocmgr,SASPassword CONTAINS PhysicalTable,1357142922.628,1357142922.628,,,A0000001.A400005F,Compiled by ModelCompiler on 02JAN03 16:08,2.0,0.0,0.0,2.0,OMSsaspass,SASPASSWORDS,OMSptable,PROTECTEDTABLE,CONTAINS,0:1,0:m
OMSassocmgr,SASClientConnection IS_RELATED_TO_0_N SASLibrary,1357142922.638,1357142922.638,,,A0000001.A400005G,Compiled by ModelCompiler on 02JAN03 16:08,2.0,0.0,0.0,2.0,OMSscconn,LIBRARYCONNECTION,OMSwlibrary,LIBRARIES,IS_RELATED_TO_0_N,0:m,0:1
OMSassocmgr,Select IS_CONTAINED_IN_0_1 GroupByClause,1357142922.628,1357142922.628,,,A0000001.A400005H,Compiled by ModelCompiler on 02JAN03 16:08,2.0,0.0,0.0,2.0,OMSslct,OWNINGSELECT,OMSgroupby,GROUPBYFORSELECT,IS_CONTAINED_IN_0_1,0:1,1:1
OMSassocmgr,Select IS_CONTAINED_IN_0_1 HavingClause,1357142922.628,1357142922.628,,,A0000001.A400005I,Compiled by ModelCompiler on 02JAN03 16:08,2.0,0.0,0.0,2.0,OMSslct,OWNINGSELECT,OMShaving,HAVINGFORSELECT,IS_CONTAINED_IN_0_1,0:1,1:1
OMSassocmgr,Select IS_CONTAINED_IN_0_1 OrderByClause,1357142922.628,1357142922.628,,,A0000001.A400005J,Compiled by ModelCompiler on 02JAN03 16:08,2.0,0.0,0.0,2.0,OMSslct,OWNINGSELECT,OMSorderby,ORDERBYFORSELECT,IS_CONTAINED_IN_0_1,0:1,1:1
OMSassocmgr,Select IS_CONTAINED_IN_0_1 WhereClause,1357142922.628,1357142922.628,,,A0000001.A400005K,Compiled by ModelCompiler on 02JAN03 16:08,2.0,0.0,0.0,2.0,OMSslct,OWNINGSELECT,OMSwhere,WHEREFORSELECT,IS_CONTAINED_IN_0_1,0:1,1:1
OMSassocmgr,SoftwareComponent IS_RELATED_TO_0_N DeployedComponent,1357142922.638,1357142922.638,,,A0000001.A400005L,Compiled by ModelCompiler on 02JAN03 16:08,2.0,0.0,0.0,2.0,OMSsoftcomp,DESCRIPTIVECOMPONENT,OMSdepcomp,DEPLOYEDCOMPONENTS,IS_RELATED_TO_0_N,0:m,0:1
OMSassocmgr,StepPrecedence HAS_1_N_OF TransformationStep,1357142922.628,1357142922.628,,,A0000001.A400005M,Compiled by ModelCompiler on 02JAN03 16:08,2.0,0.0,0.0,2.0,OMSsteppred,PREDECESSORDEPENDENCIES,OMStrnsstep,PREDECESSORS,HAS_1_N_OF,1:m,0:m
OMSassocmgr,StepPrecedence HAS_1_N_OF TransformationStep,1357142922.628,1357142922.628,,,A0000001.A400005N,Compiled by ModelCompiler on 02JAN03 16:08,2.0,0.0,0.0,2.0,OMSsteppred,SUCCESSORDEPENDENCIES,OMStrnsstep,SUCCESSORS,HAS_1_N_OF,1:m,0:m
OMSassocmgr,Text IS_RELATED_TO_0_1 QueryClause,1357142922.628,1357142922.628,,,A0000001.A400005O,Compiled by ModelCompiler on 02JAN03 16:08,2.0,0.0,0.0,2.0,OMStext,SOURCECODE,OMSqryseg,ASSOCIATEDQUERYCLAUSE,IS_RELATED_TO_0_1,0:1,0:1
OMSassocmgr,Text IS_RELATED_TO_0_1 AbstractTransformation,1357142922.628,1357142922.628,,,A0000001.A400005P,Compiled by ModelCompiler on 02JAN03 16:08,2.0,0.0,0.0,2.0,OMStext,SOURCECODE,OMStransfm,ASSOCIATEDTRANSFORMATION,IS_RELATED_TO_0_1,0:1,0:1
OMSassocmgr,DELETED *** TablePackage IS_RELATED_TO_0_N DataTable,1321813297.521,,,,A0000001.A400005Q,This association template has been deleted.,2.0,0.0,0.0,2.0,OMStpkg,TABLEPACKAGES,OMSdtable,TABLES,DELETED,0:m,0:1
OMSassocmgr,DELETED *** AbstractTransformation IS_RELATED_TO_0_N Option,1311609069.87459,,,,A0000001.A400005R,This association template has been deleted.,2.0,0.0,0.0,2.0,OMStransfm,ASSOCIATEDTRANSFORMATION,OMSoptions,OPTIONS,DELETED,0:m,0:1
OMSassocmgr,Tree IS_RELATED_TO_0_N Tree,1357142922.638,1357142922.638,,,A0000001.A400005S,Compiled by ModelCompiler on 02JAN03 16:08,2.0,0.0,0.0,2.0,OMStree,PARENTTREE,OMStree,SUBTREES,IS_RELATED_TO_0_N,0:m,0:1
OMSassocmgr,Tree USES SoftwareComponent,1357142922.638,1357142922.638,,,A0000001.A400005T,Compiled by ModelCompiler on 02JAN03 16:08,2.0,0.0,0.0,2.0,OMStree,SOFTWARETREES,OMSsoftcomp,SOFTWARECOMPONENTS,USES,0:m,0:m
OMSassocmgr,DELETED *** TransformationActivity USES Root,1303912043.83063,,,,A0000001.A400005U,This association template has been deleted.,2.0,0.0,0.0,2.0,OMStrnsact,SOURCETRANSFORMATIONS,OMSroot,TRANFORMATIONSOURCES,DELETED,0:m,0:m
OMSassocmgr,DELETED *** TransformationActivity USES Root,1303912043.83075,,,,A0000001.A400005V,This association template has been deleted.,2.0,0.0,0.0,2.0,OMStrnsact,TARGETTRANSFORMATIONS,OMSroot,TRANSFORMATIONTARGETS,DELETED,0:m,0:m
OMSassocmgr,TransformationStep HAS_1_N_OF TransformationActivity,1357142922.628,1357142922.628,,,A0000001.A400005W,Compiled by ModelCompiler on 02JAN03 16:08,2.0,0.0,0.0,2.0,OMStrnsstep,STEPS,OMStrnsact,ACTIVITIES,HAS_1_N_OF,1:m,0:m
OMSassocmgr,TextStore USES Root,1357142922.628,1357142922.628,,,A0000001.A400005X,Compiled by ModelCompiler on 02JAN03 16:08,2.0,0.0,0.0,2.0,OMStxtstore,NOTES,OMSroot,OBJECTS,USES,0:m,0:m
OMSassocmgr,UniqueKey IS_CONTAINED_IN_0_N ForeignKey,1357142922.628,1357142922.628,,,A0000001.A400005Y,Compiled by ModelCompiler on 02JAN03 16:08,2.0,0.0,0.0,2.0,OMSukey,PARTNERUNIQUEKEY,OMSfkey,FOREIGNKEYS,IS_CONTAINED_IN_0_N,0:m,1:1
OMSassocmgr,UniqueKey HAS DataTable,1357142922.628,1357142922.628,,,A0000001.A400005Z,Compiled by ModelCompiler on 02JAN03 16:08,2.0,0.0,0.0,2.0,OMSukey,UNIQUEKEYS,OMSdtable,TABLE,HAS,1:1,0:m
OMSassocmgr,Column HAS DataTable,1357142922.628,1357142922.628,,,A0000001.A4000060,Compiled by ModelCompiler on 02JAN03 16:08,2.0,0.0,0.0,2.0,OMSwcolumn,COLUMNS,OMSdtable,TABLE,HAS,1:1,0:m
OMSassocmgr,Column USES Index,1357142922.628,1357142922.628,,,A0000001.A4000061,Compiled by ModelCompiler on 02JAN03 16:08,2.0,0.0,0.0,2.0,OMSwcolumn,COLUMNS,OMSindex,INDEXES,USES,0:m,0:m
OMSassocmgr,Column USES QueryClause,1357142922.628,1357142922.628,,,A0000001.A4000062,Compiled by ModelCompiler on 02JAN03 16:08,2.0,0.0,0.0,2.0,OMSwcolumn,COLUMNS,OMSqryseg,QUERYCLAUSES,USES,0:m,0:m
OMSassocmgr,Column IS_CONTAINED_IN_0_N KeyAssociation,1357142922.628,1357142922.628,,,A0000001.A4000063,Compiled by ModelCompiler on 02JAN03 16:08,2.0,0.0,0.0,2.0,OMSwcolumn,FOREIGNKEYCOLUMN,OMSkeyassoc,FOREIGNKEYASSOCIATIONS,IS_CONTAINED_IN_0_N,0:m,1:1
OMSassocmgr,Column IS_CONTAINED_IN_0_N KeyAssociation,1357142922.628,1357142922.628,,,A0000001.A4000064,Compiled by ModelCompiler on 02JAN03 16:08,2.0,0.0,0.0,2.0,OMSwcolumn,UNIQUEKEYCOLUMN,OMSkeyassoc,UNIQUEKEYASSOCIATIONS,IS_CONTAINED_IN_0_N,0:m,1:1
OMSassocmgr,DELETED *** SASLibrary IS_RELATED_TO_0_N Option,1311609069.90347,,,,A0000001.A4000065,This association template has been deleted.,2.0,0.0,0.0,2.0,OMSwlibrary,ASSOCIATEDSASLIBRARY,OMSoptions,OPTIONS,DELETED,0:m,0:1
OMSassocmgr,DELETED *** Job IS_RELATED_TO_0_N TransformationActivity,1303912043.83086,,,,A0000001.A4000066,This association template has been deleted.,2.0,0.0,0.0,2.0,OMSjob,ASSOCIATEDJOB,OMStrnsact,ACTIVITIES,DELETED,0:m,0:1
OMSassocmgr,ServiceType USES DeployedComponent,1357142922.638,1357142922.638,,,A0000001.A4000067,Compiled by ModelCompiler on 02JAN03 16:08,2.0,0.0,0.0,2.0,OMSsrvtype,SERVICETYPES,OMSdepcomp,DEPLOYEDCOMPONENTS,USES,0:m,0:m
OMSassocmgr,DELETED *** Aggregation USES MultidimensionalObject,1320849349.704,,,,A0000001.A4000068,This association template has been deleted.,2.0,0.0,0.0,2.0,OMSaggregat,AGGREGATIONS,OMSmddbobj,MULTIDIMENSIONALOBJECTS,DELETED,0:m,0:m
OMSassocmgr,Index HAS PhysicalTable,1357142922.628,1357142922.628,,,A0000001.A4000069,Compiled by ModelCompiler on 02JAN03 16:08,2.0,0.0,0.0,2.0,OMSindex,INDEXES,OMSptable,OWNINGPHYSICALTABLE,HAS,1:1,0:m
OMSassocmgr,DELETED *** WAJob IS_RELATED_TO_0_N TransformationActivity,1322573112.261,,,,A0000001.A400006A,This association template has been deleted.,2.0,0.0,0.0,2.0,OMSjob,ASSOCIATEDJOB,OMStrnsact,WAACTIVITIES,DELETED,0:m,0:1
OMSassocmgr,Keyword USES Root,1357142922.628,1357142922.628,,,A0000001.A400006B,Compiled by ModelCompiler on 02JAN03 16:08,2.0,0.0,0.0,2.0,OMSkeyword,KEYWORDS,OMSroot,OBJECTS,USES,0:m,0:m
OMSassocmgr,DELETED *** Level IS_COMPOSED_OF_0_N Aggregation,1312803217.58678,,,,A0000001.A400006C,This association template has been deleted.,2.0,0.0,0.0,2.0,OMSlevel,AGGREGATEDLEVELS,OMSaggregat,AGGREGATIONS,DELETED,0:m,1:m
OMSassocmgr,Root USES AbstractTransformation,1357142922.628,1357142922.628,,,A0000001.A400006D,Compiled by ModelCompiler on 02JAN03 16:08,2.0,0.0,0.0,2.0,OMSroot,TRANSFORMATIONSOURCES,OMStransfm,SOURCETRANSFORMATIONS,USES,0:m,0:m
OMSassocmgr,AbstractTransformation USES Root,1357142922.628,1357142922.628,,,A0000001.A400006E,Compiled by ModelCompiler on 02JAN03 16:08,2.0,0.0,0.0,2.0,OMStransfm,TARGETTRANSFORMATIONS,OMSroot,TRANSFORMATIONTARGETS,USES,0:m,0:m
OMSassocmgr,DELETED *** File IS_RELATED_TO_0_1 MultidimensionalObject,1306321959.99584,,,,A0000001.A400006F,This association template has been deleted.,2.0,0.0,0.0,2.0,OMSfile,ASSOCIATEDFILE,OMSmddbobj,ASSOCIATEDMULITDIMENSIONALOBJECT,DELETED,0:1,0:1
OMSassocmgr,DELETED *** File IS_RELATED_TO_0_1 MultidimensionalObject,1320849349.704,,,,A0000001.A400006G,This association template has been deleted.,2.0,0.0,0.0,2.0,OMSfile,ASSOCIATEDFILE,OMSmddbobj,ASSOCIATEDMULTIDIMENSIONALOBJECT,DELETED,0:1,0:1
OMSassocmgr,Login IS_RELATED_TO_0_N SASLibrary,1357142922.638,1357142922.638,,,A0000001.A400006H,Compiled by ModelCompiler on 02JAN03 16:08,2.0,0.0,0.0,2.0,OMSlogin,DEFAULTLOGIN,OMSwlibrary,LIBRARIES,IS_RELATED_TO_0_N,0:m,0:1
OMSassocmgr,LocalizedResource HAS LocalizedType,1357142922.638,1357142922.638,,,A0000001.A400006I,Compiled by ModelCompiler on 02JAN03 16:08,2.0,0.0,0.0,2.0,OMSlrsrc,RESOURCES,OMSloctype,LOCALIZEDOBJECT,HAS,1:1,0:m
OMSassocmgr,DELETED *** Property USES SoftwareComponent,1311609070.00643,,,,A0000001.A400006J,This association template has been deleted.,2.0,0.0,0.0,2.0,OMSprop,CUSTOMIZEDPROPERTIES,OMSsoftcomp,CUSTOMIZERS,DELETED,0:m,0:m
OMSassocmgr,DELETED *** Property USES SoftwareComponent,1311609070.00654,,,,A0000001.A400006K,This association template has been deleted.,2.0,0.0,0.0,2.0,OMSprop,EDITEDPROPERTIES,OMSsoftcomp,EDITORS,DELETED,0:m,0:m
OMSassocmgr,DELETED *** Property CONTAINS PropertyGroup,1308162289.62847,,,,A0000001.A400006L,This association template has been deleted.,2.0,0.0,0.0,2.0,OMSprop,PROPERTIES,OMSpropgrp,ASSOCPROPERTYGROUP,DELETED,0:1,0:m
OMSassocmgr,DELETED *** Property USES SoftwareComponent,1311609070.00579,,,,A0000001.A400006M,This association template has been deleted.,2.0,0.0,0.0,2.0,OMSprop,VALIDATEDPROPERTIES,OMSsoftcomp,VALIDATORS,DELETED,0:m,0:m
OMSassocmgr,PropertyGroup IS_RELATED_TO_0_N PropertyGroup,1357142922.638,1357142922.638,,,A0000001.A400006N,Compiled by ModelCompiler on 02JAN03 16:08,2.0,0.0,0.0,2.0,OMSpropgrp,PARENTGROUP,OMSpropgrp,SUBPROPERTYGROUPS,IS_RELATED_TO_0_N,0:m,0:1
OMSassocmgr,PropertyType CONTAINS PropertyType,1357142922.638,1357142922.638,,,A0000001.A400006O,Compiled by ModelCompiler on 02JAN03 16:08,2.0,0.0,0.0,2.0,OMSproptype,ARRAYTYPES,OMSproptype,ELEMENTTYPE,CONTAINS,0:1,0:m
OMSassocmgr,PropertyType IS_RELATED_TO_0_1 Text,1357142922.638,1357142922.638,,,A0000001.A400006P,Compiled by ModelCompiler on 02JAN03 16:08,2.0,0.0,0.0,2.0,OMSproptype,ASSOCIATEDTYPE,OMStext,STOREDCONFIGURATION,IS_RELATED_TO_0_1,0:1,0:1
OMSassocmgr,PropertyType USES SoftwareComponent,1357142922.638,1357142922.638,,,A0000001.A400006Q,Compiled by ModelCompiler on 02JAN03 16:08,2.0,0.0,0.0,2.0,OMSproptype,CUSTOMIZEDTYPES,OMSsoftcomp,CUSTOMIZERS,USES,0:m,0:m
OMSassocmgr,PropertyType USES SoftwareComponent,1357142922.638,1357142922.638,,,A0000001.A400006R,Compiled by ModelCompiler on 02JAN03 16:08,2.0,0.0,0.0,2.0,OMSproptype,EDITEDTYPES,OMSsoftcomp,EDITORS,USES,0:m,0:m
OMSassocmgr,PropertyType IS_CONTAINED_IN_0_N Property,1357142922.638,1357142922.638,,,A0000001.A400006S,Compiled by ModelCompiler on 02JAN03 16:08,2.0,0.0,0.0,2.0,OMSproptype,OWNINGTYPE,OMSprop,TYPEDPROPERTIES,IS_CONTAINED_IN_0_N,0:m,1:1
OMSassocmgr,PropertyType USES SoftwareComponent,1357142922.638,1357142922.638,,,A0000001.A400006T,Compiled by ModelCompiler on 02JAN03 16:08,2.0,0.0,0.0,2.0,OMSproptype,VALIDATEDTYPES,OMSsoftcomp,VALIDATORS,USES,0:m,0:m
OMSassocmgr,Root IS_RELATED_TO_0_N Property,1357142922.628,1357142922.628,,,A0000001.A400006U,Compiled by ModelCompiler on 02JAN03 16:08,2.0,0.0,0.0,2.0,OMSroot,ASSOCIATEDOBJECT,OMSprop,PROPERTIES,IS_RELATED_TO_0_N,0:m,0:1
OMSassocmgr,DELETED *** Root IS_RELATED_TO_0_1 PropertyGroup,1311609069.90246,,,,A0000001.A400006V,This association template has been deleted.,2.0,0.0,0.0,2.0,OMSroot,ASSOCIATEDOBJECT,OMSpropgrp,ASSOCIATEDPROPERTYGROUP,DELETED,0:1,0:1
OMSassocmgr,Root USES AbstractTransformation,1357142922.628,1357142922.628,,,A0000001.A400006W,Compiled by ModelCompiler on 02JAN03 16:08,2.0,0.0,0.0,2.0,OMSroot,SOURCESPECIFICATIONS,OMStransfm,SPECSOURCETRANSFORMATIONS,USES,0:m,0:m
OMSassocmgr,Root USES AbstractTransformation,1357142922.628,1357142922.628,,,A0000001.A400006X,Compiled by ModelCompiler on 02JAN03 16:08,2.0,0.0,0.0,2.0,OMSroot,TARGETSPECIFICATIONS,OMStransfm,SPECTARGETTRANSFORMATIONS,USES,0:m,0:m
OMSassocmgr,DELETED *** Root IS_RELATED_TO_0_N Root,1311609069.88979,,,,A0000001.A400006Y,This association template has been deleted.,2.0,0.0,0.0,2.0,OMSroot,USINGPROTOTYPE,OMSroot,USEDBYPROTOTYPE,DELETED,0:m,0:1
OMSassocmgr,SoftwareComponent USES PropertyGroup,1357142922.638,1357142922.638,,,A0000001.A400006Z,Compiled by ModelCompiler on 02JAN03 16:08,2.0,0.0,0.0,2.0,OMSsoftcomp,CUSTOMIZERS,OMSpropgrp,PROPERTYGROUPS,USES,0:m,0:m
OMSassocmgr,DELETED *** Text IS_RELATED_TO_0_1 Property,1308162289.61126,,,,A0000001.A4000070,This association template has been deleted.,2.0,0.0,0.0,2.0,OMStext,STOREDCONFIGURATION,OMSprop,ASSOCIATEDPROPERTY,DELETED,0:1,0:1
OMSassocmgr,DELETED *** Property CONTAINS PropertyGroup,1311609070.02082,,,,A0000001.A4000071,This association template has been deleted.,2.0,0.0,0.0,2.0,OMSprop,GROUPEDPROPERTIES,OMSpropgrp,ASSOCPROPERTYGROUP,DELETED,0:1,0:m
OMSassocmgr,DELETED *** Text IS_RELATED_TO_0_1 Property,1311609069.91823,,,,A0000001.A4000072,This association template has been deleted.,2.0,0.0,0.0,2.0,OMStext,STOREDCONFIGURATION,OMSprop,ASSOCPROPERTY,DELETED,0:1,0:1
OMSassocmgr,RepositoryControl USES RepositoryControl,1357142922.638,1357142922.638,,,A0000001.A4000073,Compiled by ModelCompiler on 02JAN03 16:08,2.0,0.0,0.0,2.0,OMSrposctrl,DEPENDENCYUSEDBY,OMSrposctrl,DEPENDENCYUSES,USES,0:m,0:m
OMSassocmgr,AbstractProperty USES SoftwareComponent,1357142922.638,1357142922.638,,,A0000001.A4000074,Compiled by ModelCompiler on 02JAN03 16:08,2.0,0.0,0.0,2.0,OMSabstrctp,CUSTOMIZEDPROPERTIES,OMSsoftcomp,CUSTOMIZERS,USES,0:m,0:m
OMSassocmgr,AbstractProperty USES SoftwareComponent,1357142922.638,1357142922.638,,,A0000001.A4000075,Compiled by ModelCompiler on 02JAN03 16:08,2.0,0.0,0.0,2.0,OMSabstrctp,EDITEDPROPERTIES,OMSsoftcomp,EDITORS,USES,0:m,0:m
OMSassocmgr,AbstractProperty USES SoftwareComponent,1357142922.638,1357142922.638,,,A0000001.A4000076,Compiled by ModelCompiler on 02JAN03 16:08,2.0,0.0,0.0,2.0,OMSabstrctp,VALIDATEDPROPERTIES,OMSsoftcomp,VALIDATORS,USES,0:m,0:m
OMSassocmgr,AssociationProperty USES Prototype,1357142922.638,1357142922.638,,,A0000001.A4000077,Compiled by ModelCompiler on 02JAN03 16:08,2.0,0.0,0.0,2.0,OMSassctnpr,ASSOCIATIONS,OMSproto,ASSOCIATEDPROTOTYPES,USES,0:m,0:m
OMSassocmgr,Change USES Root,1357142922.628,1357142922.628,,,A0000001.A4000078,Compiled by ModelCompiler on 02JAN03 16:08,2.0,0.0,0.0,2.0,OMSchange,CHANGES,OMSroot,OBJECTS,USES,0:m,0:m
OMSassocmgr,DELETED *** Change HAS_1_N_OF ChangeUser,1312803217.61003,,,,A0000001.A4000079,This association template has been deleted.,2.0,0.0,0.0,2.0,OMSchange,CHANGESBYUSER,OMSchngsr,CHANGEUSERS,DELETED,1:m,0:m
OMSassocmgr,DELETED *** ChangeInfo IS_RELATED_TO_1 Root,1312803217.59182,,,,A0000001.A400007A,This association template has been deleted.,2.0,0.0,0.0,2.0,OMSchngnf,ASSOCIATEDCHANGEINFO,OMSroot,OWNINGOBJECT,DELETED,1:1,0:1
OMSassocmgr,DELETED *** Connection IS_RELATED_TO_0_N Option,1313334681.36409,,,,A0000001.A400007B,This association template has been deleted.,2.0,0.0,0.0,2.0,OMScnction,ASSOCIATEDCONNECTION,OMSoption,OPTIONS,DELETED,0:m,0:1
OMSassocmgr,DELETED *** DeployedComponent IS_RELATED_TO_0_N Option,1313334681.36433,,,,A0000001.A400007C,This association template has been deleted.,2.0,0.0,0.0,2.0,OMSdepcomp,ASSOCIATEDDEPLOYEDCOMPONENT,OMSoption,OPTIONS,DELETED,0:m,0:1
OMSassocmgr,DELETED *** DataTable IS_RELATED_TO_0_N Option,1313334681.36421,,,,A0000001.A400007D,This association template has been deleted.,2.0,0.0,0.0,2.0,OMSdtable,ASSOCIATEDDATATABLE,OMSoption,OPTIONS,DELETED,0:m,0:1
OMSassocmgr,DataTable IS_CONTAINED_IN_0_N Role,1357142922.628,1357142922.628,,,A0000001.A400007E,Compiled by ModelCompiler on 02JAN03 16:08,2.0,0.0,0.0,2.0,OMSdtable,ROLEOBJECT,OMSrole0,ROLES,IS_CONTAINED_IN_0_N,0:m,1:1
OMSassocmgr,DELETED *** File IS_RELATED_TO_0_N Option,1313334681.36444,,,,A0000001.A400007F,This association template has been deleted.,2.0,0.0,0.0,2.0,OMSfile,ASSOCIATEDFILE,OMSoption,OPTIONS,DELETED,0:m,0:1
OMSassocmgr,DELETED *** File IS_RELATED_TO_0_1 MultidimensionalObject,1320849349.704,,,,A0000001.A400007G,This association template has been deleted.,2.0,0.0,0.0,2.0,OMSfile,LOGFILE,OMSmddbobj,LOGGEDMULTIDIMENSIONALOBJECT,DELETED,0:1,0:1
OMSassocmgr,File IS_RELATED_TO_0_1 OLAPSchema,1357142922.628,1357142922.628,,,A0000001.A400007H,Compiled by ModelCompiler on 02JAN03 16:08,2.0,0.0,0.0,2.0,OMSfile,LOGFILE,OMSoschema,ASSOCIATEDOLAPSCHEMA,IS_RELATED_TO_0_1,0:1,0:1
OMSassocmgr,DELETED *** Index IS_RELATED_TO_0_N Option,1313334681.36456,,,,A0000001.A400007I,This association template has been deleted.,2.0,0.0,0.0,2.0,OMSindex,ASSOCIATEDINDEX,OMSoption,OPTIONS,DELETED,0:m,0:1
OMSassocmgr,DELETED *** InitInfo CONTAINS Text,1313334681.37677,,,,A0000001.A400007J,This association template has been deleted.,2.0,0.0,0.0,2.0,OMSinitinfo,INITINFOS,OMStext,INITTEXT,DELETED,0:1,0:m
OMSassocmgr,DELETED *** MultidimensionalObject IS_RELATED_TO_0_N CubeReg,1313334681.35825,,,,A0000001.A400007K,This association template has been deleted.,2.0,0.0,0.0,2.0,OMSmddbobj,ASSOCIATEDMDO,OMScubereg,CUBEREGIONS,DELETED,0:m,0:1
OMSassocmgr,OLAPProperty CONTAINS Level,1357142922.628,1357142922.628,,,A0000001.A400007L,Compiled by ModelCompiler on 02JAN03 16:08,2.0,0.0,0.0,2.0,OMSolapprop,OLAPPROPERTIES,OMSlevel,ASSOCIATEDLEVEL,CONTAINS,0:1,0:m
OMSassocmgr,OLAPSchema IS_RELATED_TO_0_N Dimension,1357142922.628,1357142922.628,,,A0000001.A400007M,Compiled by ModelCompiler on 02JAN03 16:08,2.0,0.0,0.0,2.0,OMSoschema,ASSOCIATEDOLAPSCHEMA,OMSdim,DIMENSIONS,IS_RELATED_TO_0_N,0:m,0:1
OMSassocmgr,DELETED *** Person IS_CONTAINED_IN_0_1 ChangeUser,1312803217.60908,,,,A0000001.A400007N,This association template has been deleted.,2.0,0.0,0.0,2.0,OMSperson,OWNINGPERSON,OMSchngsr,ASSOCIATEDCHANGEUSER,DELETED,0:1,1:1
OMSassocmgr,PropertyGroup IS_RELATED_TO_0_N AbstractProperty,1357142922.638,1357142922.638,,,A0000001.A400007O,Compiled by ModelCompiler on 02JAN03 16:08,2.0,0.0,0.0,2.0,OMSpropgrp,ASSOCIATEDPROPERTYGROUP,OMSabstrctp,GROUPEDPROPERTIES,IS_RELATED_TO_0_N,0:m,0:1
OMSassocmgr,PropertyType IS_CONTAINED_IN_0_N AttributeProperty,1357142922.638,1357142922.638,,,A0000001.A400007P,Compiled by ModelCompiler on 02JAN03 16:08,2.0,0.0,0.0,2.0,OMSproptype,OWNINGTYPE,OMSattprop,TYPEDATTPROPERTIES,IS_CONTAINED_IN_0_N,0:m,1:1
OMSassocmgr,PrototypeProperty HAS Prototype,1357142922.638,1357142922.638,,,A0000001.A400007Q,Compiled by ModelCompiler on 02JAN03 16:08,2.0,0.0,0.0,2.0,OMSprttyppr,PROTOTYPEPROPERTIES,OMSproto,OWNINGPROTOTYPE,HAS,1:1,0:m
OMSassocmgr,Root IS_RELATED_TO_0_1 PropertyGroup,1357142922.628,1357142922.628,,,A0000001.A400007R,Compiled by ModelCompiler on 02JAN03 16:08,2.0,0.0,0.0,2.0,OMSroot,ASSOCIATEDOBJECT,OMSpropgrp,PRIMARYPROPERTYGROUP,IS_RELATED_TO_0_1,0:1,0:1
OMSassocmgr,DELETED *** Root USES SoftwareComponent,1313334681.36322,,,,A0000001.A400007S,This association template has been deleted.,2.0,0.0,0.0,2.0,OMSroot,CONSUMEDOBJECTS,OMSsoftcomp,CONSUMERS,DELETED,0:m,0:m
OMSassocmgr,Root IS_RELATED_TO_0_N Root,1357142922.628,1357142922.628,,,A0000001.A400007T,Compiled by ModelCompiler on 02JAN03 16:08,2.0,0.0,0.0,2.0,OMSroot,USINGPROTOTYPE,OMSroot,USEDBYPROTOTYPES,IS_RELATED_TO_0_N,0:m,0:1
OMSassocmgr,Text IS_RELATED_TO_0_1 AbstractProperty,1357142922.638,1357142922.638,,,A0000001.A400007U,Compiled by ModelCompiler on 02JAN03 16:08,2.0,0.0,0.0,2.0,OMStext,STOREDCONFIGURATION,OMSabstrctp,ASSOCIATEDPROPERTY,IS_RELATED_TO_0_1,0:1,0:1
OMSassocmgr,DELETED *** AbstractTransformation IS_RELATED_TO_0_N Option,1313334681.36106,,,,A0000001.A400007V,This association template has been deleted.,2.0,0.0,0.0,2.0,OMStransfm,ASSOCIATEDTRANSFORMATION,OMSoption,OPTIONS,DELETED,0:m,0:1
OMSassocmgr,DELETED *** SASLibrary IS_RELATED_TO_0_N Option,1313334681.36467,,,,A0000001.A400007W,This association template has been deleted.,2.0,0.0,0.0,2.0,OMSwlibrary,ASSOCIATEDSASLIBRARY,OMSoption,OPTIONS,DELETED,0:m,0:1
OMSassocmgr,AggregateAssociation HAS Aggregation,1357142922.628,1357142922.628,,,A0000001.A400007X,Compiled by ModelCompiler on 02JAN03 16:08,2.0,0.0,0.0,2.0,OMSaggrgtss,AGGREGATEASSOCIATIONS,OMSaggregat,OWNINGAGGREGATION,HAS,1:1,0:m
OMSassocmgr,ArchiveFile IS_CONTAINED_IN_0_N ArchiveEntry,1357142922.638,1357142922.638,,,A0000001.A400007Y,Compiled by ModelCompiler on 02JAN03 16:08,2.0,0.0,0.0,2.0,OMSarchvfl,OWNINGARCHIVE,OMSarchvntr,ARCHIVEENTRIES,IS_CONTAINED_IN_0_N,0:m,1:1
OMSassocmgr,DeployedComponent IS_CONTAINED_IN_0_N NamedService,1357142922.638,1357142922.638,,,A0000001.A400007Z,Compiled by ModelCompiler on 02JAN03 16:08,2.0,0.0,0.0,2.0,OMSdepcomp,NAMEDCOMPONENT,OMSnamdsrvc,SERVICENAMES,IS_CONTAINED_IN_0_N,0:m,1:1
OMSassocmgr,DeployedComponent USES NamedService,1357142922.638,1357142922.638,,,A0000001.A4000080,Compiled by ModelCompiler on 02JAN03 16:08,2.0,0.0,0.0,2.0,OMSdepcomp,NAMINGSERVICES,OMSnamdsrvc,NAMEDSERVICES,USES,0:m,0:m
OMSassocmgr,Identity IS_RELATED_TO_0_N Login,1357142922.628,1357142922.628,,,A0000001.A4000081,Compiled by ModelCompiler on 02JAN03 16:08,2.0,0.0,0.0,2.0,OMSidentity,ASSOCIATEDIDENTITY,OMSlogin,LOGINS,IS_RELATED_TO_0_N,0:m,0:1
OMSassocmgr,DELETED *** Identity IS_CONTAINED_IN_0_N Change,1322573112.261,,,,A0000001.A4000082,This association template has been deleted.,2.0,0.0,0.0,2.0,OMSidentity,CHANGEIDENTITY,OMSchange,CHANGESBYIDENTITY,DELETED,0:m,1:1
OMSassocmgr,Identity USES IdentityGroup,1357142922.628,1357142922.628,,,A0000001.A4000083,Compiled by ModelCompiler on 02JAN03 16:08,2.0,0.0,0.0,2.0,OMSidentity,MEMBERIDENTITIES,OMSidnttygr,IDENTITYGROUPS,USES,0:m,0:m
OMSassocmgr,DELETED *** LogicalColumn IS_CONTAINED_IN_0_1 AggregateAssoc,1316012619.87486,,,,A0000001.A4000084,This association template has been deleted.,2.0,0.0,0.0,2.0,OMSlcolumn,MEASUREORLEVEL,OMSaggrgtss,MLAGGREGATION,DELETED,0:1,1:1
OMSassocmgr,Root IS_CONTAINED_IN_0_N ExternalIdentity,1357142922.628,1357142922.628,,,A0000001.A4000085,Compiled by ModelCompiler on 02JAN03 16:08,2.0,0.0,0.0,2.0,OMSroot,OWNINGOBJECT,OMSextrnldn,EXTERNALIDENTITIES,IS_CONTAINED_IN_0_N,0:m,1:1
OMSassocmgr,Transformation USES TransformationStep,1357142922.628,1357142922.628,,,A0000001.A4000086,Compiled by ModelCompiler on 02JAN03 16:08,2.0,0.0,0.0,2.0,OMStrnsfrm,TRANSFORMATIONS,OMStrnsstep,STEPS,USES,0:m,0:m
OMSassocmgr,DELETED *** Column IS_CONTAINED_IN_0_1 AggregateAssociation,1320849349.704,,,,A0000001.A4000087,This association template has been deleted.,2.0,0.0,0.0,2.0,OMSwcolumn,AGGREGATEDCOLUMN,OMSaggrgtss,USINGAGGREGATION,DELETED,0:1,1:1
OMSassocmgr,AccessControlEntry USES Identity,1357142922.628,1357142922.628,,,A0000001.A4000088,Compiled by ModelCompiler on 02JAN03 16:08,2.0,0.0,0.0,2.0,OMSaccentry,ACCESSCONTROLENTRIES,OMSidentity,IDENTITIES,USES,0:m,0:m
OMSassocmgr,AccessControlEntry USES Permission,1357142922.638,1357142922.638,,,A0000001.A4000089,Compiled by ModelCompiler on 02JAN03 16:08,2.0,0.0,0.0,2.0,OMSaccentry,ACCESSCONTROLENTRIES,OMSperm,PERMISSIONS,USES,0:m,0:m
OMSassocmgr,AccessControlEntry IS_CONTAINED_IN_0_1 PermissionCondition,1357142922.638,1357142922.638,,,A0000001.A400008A,Compiled by ModelCompiler on 02JAN03 16:08,2.0,0.0,0.0,2.0,OMSaccentry,OWNINGACCESSCONTROLENTRY,OMSpermcond,ASSOCIATEDCONDITION,IS_CONTAINED_IN_0_1,0:1,1:1
OMSassocmgr,AccessControl USES AccessControlTemplate,1357142922.638,1357142922.638,,,A0000001.A400008B,Compiled by ModelCompiler on 02JAN03 16:08,2.0,0.0,0.0,2.0,OMSaccsscnt,ACCESSCONTROLITEMS,OMSaccsscn0,ACCESSCONTROLTEMPLATES,USES,0:m,0:m
OMSassocmgr,SASCatalog USES SASLibrary,1357142922.638,1357142922.638,,,A0000001.A400008C,Compiled by ModelCompiler on 02JAN03 16:08,2.0,0.0,0.0,2.0,OMScatalog,SASCATALOGS,OMSwlibrary,LIBRARIES,USES,0:m,0:m
OMSassocmgr,Directory IS_RELATED_TO_0_N Directory,1357142922.638,1357142922.638,,,A0000001.A400008D,Compiled by ModelCompiler on 02JAN03 16:08,2.0,0.0,0.0,2.0,OMSdirectry,PARENT,OMSdirectry,SUBDIRECTORIES,IS_RELATED_TO_0_N,0:m,0:1
OMSassocmgr,DELETED *** MultidimensionalObject USES Cube,1320849349.694,,,,A0000001.A400008E,This association template has been deleted.,2.0,0.0,0.0,2.0,OMSmddbobj,PHYSICALOBJECTS,OMScube,CUBES,DELETED,0:m,0:m
OMSassocmgr,DELETED *** Measure USES Level,1320849349.704,,,,A0000001.A400008F,This association template has been deleted.,2.0,0.0,0.0,2.0,OMSomeasure,MEASURES,OMSlevel,LEVELS,DELETED,0:m,0:m
OMSassocmgr,Property CONTAINS PropertySet,1357142922.638,1357142922.638,,,A0000001.A400008G,Compiled by ModelCompiler on 02JAN03 16:08,2.0,0.0,0.0,2.0,OMSprop,SETPROPERTIES,OMSprprtyst,ASSOCIATEDPROPERTYSET,CONTAINS,0:1,0:m
OMSassocmgr,Root USES SoftwareComponent,1357142922.628,1357142922.628,,,A0000001.A400008H,Compiled by ModelCompiler on 02JAN03 16:08,2.0,0.0,0.0,2.0,OMSroot,IMPLEMENTEDOBJECTS,OMSsoftcomp,IMPLEMENTORS,USES,0:m,0:m
OMSassocmgr,Root USES AccessControl,1357142922.628,1357142922.628,,,A0000001.A400008I,Compiled by ModelCompiler on 02JAN03 16:08,2.0,0.0,0.0,2.0,OMSroot,OBJECTS,OMSaccsscnt,ACCESSCONTROLS,USES,0:m,0:m
OMSassocmgr,Root USES Timestamp,1357142922.628,1357142922.628,,,A0000001.A400008J,Compiled by ModelCompiler on 02JAN03 16:08,2.0,0.0,0.0,2.0,OMSroot,OBJECTS,OMStimstmp,TIMESTAMPS,USES,0:m,0:m
OMSassocmgr,Root IS_CONTAINED_IN_0_N PropertySet,1357142922.628,1357142922.628,,,A0000001.A400008K,Compiled by ModelCompiler on 02JAN03 16:08,2.0,0.0,0.0,2.0,OMSroot,OWNINGOBJECT,OMSprprtyst,PROPERTYSETS,IS_CONTAINED_IN_0_N,0:m,1:1
OMSassocmgr,AbstractTransformation USES SoftwareComponent,1357142922.628,1357142922.628,,,A0000001.A400008L,Compiled by ModelCompiler on 02JAN03 16:08,2.0,0.0,0.0,2.0,OMStransfm,CUSTOMIZEDTRANSFORMATIONS,OMSsoftcomp,CUSTOMIZERS,USES,0:m,0:m
OMSassocmgr,TextPage HAS CommonMetadata,1357142922.638,1357142922.638,,,A0000001.A400008M,Compiled by ModelCompiler on 02JAN03 16:08,2.0,0.0,0.0,2.0,OMStextpage,OVERFLOWTEXTLIST,OMScommonmd,OBJECT,HAS,1:1,0:m
OMSassocmgr,AnalyticColumn IS_CONTAINED_IN_0_1 Target,1357142922.638,1357142922.638,,,A0000001.A400008N,Compiled by ModelCompiler on 02JAN03 16:08,2.0,0.0,0.0,2.0,OMSanlytccl,OWNINGANALYTICCOLUMN,OMStarget,TARGETINFORMATION,IS_CONTAINED_IN_0_1,0:1,1:1
OMSassocmgr,ArchiveFile CONTAINS ITChannel,1357142922.638,1357142922.638,,,A0000001.A400008O,Compiled by ModelCompiler on 02JAN03 16:08,2.0,0.0,0.0,2.0,OMSarchvfl,ARCHIVES,OMSitchnnl,OWNINGCHANNEL,CONTAINS,0:1,0:m
OMSassocmgr,ArchiveFile CONTAINS MiningResult,1357142922.638,1357142922.638,,,A0000001.A400008P,Compiled by ModelCompiler on 02JAN03 16:08,2.0,0.0,0.0,2.0,OMSarchvfl,MININGREPORTS,OMSminngrsl,ASSOCIATEDMININGRESULT,CONTAINS,0:1,0:m
OMSassocmgr,ContentLocation USES SASFileRef,1357142922.638,1357142922.638,,,A0000001.A400008Q,Compiled by ModelCompiler on 02JAN03 16:08,2.0,0.0,0.0,2.0,OMScontntlc,FILEREFLOCATIONS,OMSsasflrf,FILEREFS,USES,0:m,0:m
OMSassocmgr,ContentLocation IS_RELATED_TO_0_N Report,1357142922.638,1357142922.638,,,A0000001.A400008R,Compiled by ModelCompiler on 02JAN03 16:08,2.0,0.0,0.0,2.0,OMScontntlc,REPORTLOCATION,OMSreport,REPORTS,IS_RELATED_TO_0_N,0:m,0:1
OMSassocmgr,DeployedDataPackage CONTAINS DeployedDataPackage,1357142922.638,1357142922.638,,,A0000001.A400008S,Compiled by ModelCompiler on 02JAN03 16:08,2.0,0.0,0.0,2.0,OMSddatapkg,ALIASES,OMSddatapkg,ALIASFOR,CONTAINS,0:1,0:m
OMSassocmgr,DeployedComponent USES Event,1357142922.628,1357142922.628,,,A0000001.A400008T,Compiled by ModelCompiler on 02JAN03 16:08,2.0,0.0,0.0,2.0,OMSdepcomp,EVENTBROKERS,OMSevent,REGISTEREDEVENTS,USES,0:m,0:m
OMSassocmgr,DELETED *** DeployedComponent IS_RELATED_TO_0_N ITChannel,1320849349.724,,,,A0000001.A400008U,This association template has been deleted.,2.0,0.0,0.0,2.0,OMSdepcomp,HTTPSERVER,OMSitchnnl,CHANNELUSER,DELETED,0:m,0:1
OMSassocmgr,DELETED *** DeployedComponent IS_RELATED_TO_0_N ITSubscriber,1322573112.271,,,,A0000001.A400008V,This association template has been deleted.,2.0,0.0,0.0,2.0,OMSdepcomp,HTTPSERVER,OMSitsbscrb,DAVSUBSCRIBER,DELETED,0:m,0:1
OMSassocmgr,DELETED *** Directory IS_RELATED_TO_0_N ITChannel,1322573112.271,,,,A0000001.A400008W,This association template has been deleted.,2.0,0.0,0.0,2.0,OMSdirectry,ARCHIVEPATH,OMSitchnnl,PATHCHANNEL,DELETED,0:m,0:1
OMSassocmgr,DELETED *** Email IS_RELATED_TO_0_1 ITSubscriber,1334139291.575,,,,A0000001.A400008X,This association template has been deleted.,2.0,0.0,0.0,2.0,OMSemail,EMAILADDRESS,OMSitsbscrb,EMAILSUBSCRIBER,DELETED,0:1,0:1
OMSassocmgr,DELETED *** Feature IS_CONTAINED_IN_0_1 AggregateAssociation,1320849349.704,,,,A0000001.A400008Y,This association template has been deleted.,2.0,0.0,0.0,2.0,OMSfeature,MEASUREORLEVEL,OMSaggrgtss,MLAGGREGATION,DELETED,0:1,1:1
OMSassocmgr,DELETED *** File USES DeployedComponent,1346944811.144,,,,A0000001.A400008Z,This association template has been deleted.,2.0,0.0,0.0,2.0,OMSfile,FILES,OMSdepcomp,DEPLOYEDCOMPONENTS,DELETED,0:m,0:m
OMSassocmgr,DELETED *** FitStatistic CONTAINS Target,1320849349.724,,,,A0000001.A4000090,This association template has been deleted.,2.0,0.0,0.0,2.0,OMSfitsttst,FITSTATISTICS,OMStarget,ASSOCIATEDTARGET,DELETED,0:1,0:m
OMSassocmgr,Group USES ITChannel,1357142922.638,1357142922.638,,,A0000001.A4000091,Compiled by ModelCompiler on 02JAN03 16:08,2.0,0.0,0.0,2.0,OMSgroup,SUBSCRIBERGROUPS,OMSitchnnl,GROUPSUBSCRIPTIONS,USES,0:m,0:m
OMSassocmgr,ITChannel USES ITSubscriber,1357142922.638,1357142922.638,,,A0000001.A4000092,Compiled by ModelCompiler on 02JAN03 16:08,2.0,0.0,0.0,2.0,OMSitchnnl,SUBSCRIBEDCHANNELS,OMSitsbscrb,CHANNELSUBSCRIPTIONS,USES,0:m,0:m
OMSassocmgr,DELETED *** ITContentSubscriber IS_CONTAINED_IN_0_N ITFilter,1322573112.281,,,,A0000001.A4000093,This association template has been deleted.,2.0,0.0,0.0,2.0,OMSitcntnts,FILTERSUBSCRIBER,OMSitfilter,FILTERLIST,DELETED,0:m,1:1
OMSassocmgr,MiningResult IS_RELATED_TO_0_1 TextStore,1357142922.638,1357142922.638,,,A0000001.A4000094,Compiled by ModelCompiler on 02JAN03 16:08,2.0,0.0,0.0,2.0,OMSminngrsl,OWNINGMININGRESULT,OMStxtstore,RESULTPMML,IS_RELATED_TO_0_1,0:1,0:1
OMSassocmgr,MiningResult CONTAINS PhysicalTable,1357142922.628,1357142922.628,,,A0000001.A4000095,Compiled by ModelCompiler on 02JAN03 16:08,2.0,0.0,0.0,2.0,OMSminngrsl,TRAINEDMODELRESULTS,OMSptable,TRAININGTABLE,CONTAINS,0:1,0:m
OMSassocmgr,DELETED *** Person IS_CONTAINED_IN_0_N ITSubscriber,1322573112.271,,,,A0000001.A4000096,This association template has been deleted.,2.0,0.0,0.0,2.0,OMSperson,PROFILEOWNER,OMSitsbscrb,SUBSCRIBERIDENTITYLIST,DELETED,0:m,1:1
OMSassocmgr,Report USES SASFileRef,1357142922.638,1357142922.638,,,A0000001.A4000097,Compiled by ModelCompiler on 02JAN03 16:08,2.0,0.0,0.0,2.0,OMSreport,REPORTS,OMSsasflrf,FILEREFS,USES,0:m,0:m
OMSassocmgr,Target USES MiningResult,1357142922.638,1357142922.638,,,A0000001.A4000098,Compiled by ModelCompiler on 02JAN03 16:08,2.0,0.0,0.0,2.0,OMStarget,TARGETS,OMSminngrsl,MODELS,USES,0:m,0:m
OMSassocmgr,TestCat IS_CONTAINED_IN_0_1 TestMouse,1357142922.638,1357142922.638,,,A0000001.A4000099,Compiled by ModelCompiler on 02JAN03 16:08,2.0,0.0,0.0,2.0,OMStestcat,OWNINGCAT,OMStestms,DINNER,IS_CONTAINED_IN_0_1,0:1,1:1
OMSassocmgr,TestFlea HAS TestCat,1357142922.638,1357142922.638,,,A0000001.A400009A,Compiled by ModelCompiler on 02JAN03 16:08,2.0,0.0,0.0,2.0,OMStestflea,FLEAS,OMStestcat,OWNINGCAT,HAS,1:1,0:m
OMSassocmgr,TestFlea HAS_1_N_OF TestLeg,1357142922.638,1357142922.638,,,A0000001.A400009B,Compiled by ModelCompiler on 02JAN03 16:08,2.0,0.0,0.0,2.0,OMStestflea,FLEAS,OMStestleg,ASSOCIATEDLEGS,HAS_1_N_OF,1:m,0:m
OMSassocmgr,TestFlea USES TestFlea,1357142922.638,1357142922.638,,,A0000001.A400009C,Compiled by ModelCompiler on 02JAN03 16:08,2.0,0.0,0.0,2.0,OMStestflea,MALEMATES,OMStestflea,FEMALEMATES,USES,0:m,0:m
OMSassocmgr,TestLeg IS_COMPOSED_OF_0_1 TestMouse,1357142922.638,1357142922.638,,,A0000001.A400009D,Compiled by ModelCompiler on 02JAN03 16:08,2.0,0.0,0.0,2.0,OMStestleg,ASSOCIATEDLEGS,OMStestms,ASSOCIATEDMOUSE,IS_COMPOSED_OF_0_1,0:1,1:m
OMSassocmgr,TestMouse IS_RELATED_TO_0_N TestFlea,1357142922.638,1357142922.638,,,A0000001.A400009E,Compiled by ModelCompiler on 02JAN03 16:08,2.0,0.0,0.0,2.0,OMStestms,ASSOCIATEDMOUSE,OMStestflea,FLEAS,IS_RELATED_TO_0_N,0:m,0:1
OMSassocmgr,TestMouse IS_RELATED_TO_0_1 TestMouse,1357142922.638,1357142922.638,,,A0000001.A400009F,Compiled by ModelCompiler on 02JAN03 16:08,2.0,0.0,0.0,2.0,OMStestms,HUSBAND,OMStestms,WIFE,IS_RELATED_TO_0_1,0:1,0:1
OMSassocmgr,DELETED *** Text USES Target,1322573112.271,,,,A0000001.A400009G,This association template has been deleted.,2.0,0.0,0.0,2.0,OMStext,TEXTUALINFORMATION,OMStarget,TARGETS,DELETED,0:m,0:m
OMSassocmgr,AbstractTransformation USES Event,1357142922.628,1357142922.628,,,A0000001.A400009H,Compiled by ModelCompiler on 02JAN03 16:08,2.0,0.0,0.0,2.0,OMStransfm,TRIGGEREDTRANSFORMS,OMSevent,TRIGGERINGEVENTS,USES,0:m,0:m
OMSassocmgr,AbstractTransformation USES Event,1357142922.628,1357142922.628,,,A0000001.A400009I,Compiled by ModelCompiler on 02JAN03 16:08,2.0,0.0,0.0,2.0,OMStransfm,TRIGGERINGTRANSFORMS,OMSevent,TRIGGEREDEVENTS,USES,0:m,0:m
OMSassocmgr,DELETED *** Column USES Key,1322573112.271,,,,A0000001.A400009J,This association template has been deleted.,2.0,0.0,0.0,2.0,OMSwcolumn,DISPLAYCOLUMNS,OMSkey,DISPLAYFORKEY,DELETED,0:m,0:m
OMSassocmgr,Column IS_CONTAINED_IN_0_N AnalyticColumn,1357142922.628,1357142922.628,,,A0000001.A400009K,Compiled by ModelCompiler on 02JAN03 16:08,2.0,0.0,0.0,2.0,OMSwcolumn,OWNINGCOLUMN,OMSanlytccl,ANALYTICCOLUMNS,IS_CONTAINED_IN_0_N,0:m,1:1
OMSassocmgr,DELETED *** SASLibrary USES DeployedDataPackage,1346944811.144,,,,A0000001.A400009L,This association template has been deleted.,2.0,0.0,0.0,2.0,OMSwlibrary,USEDBYPACKAGES,OMSddatapkg,USINGPACKAGES,DELETED,0:m,0:m
OMSassocmgr,RelationalTable IS_RELATED_TO_0_N AnalyticTable,1357142922.628,1357142922.628,,,A0000001.A400009M,Compiled by ModelCompiler on 02JAN03 16:08,2.0,0.0,0.0,2.0,OMSwtable,ANALYTICTRAININGTABLE,OMSanlytctb,ANALYTICTABLES,IS_RELATED_TO_0_N,0:m,0:1
OMSassocmgr,RelationalTable IS_RELATED_TO_0_N MiningResult,1357142922.628,1357142922.628,,,A0000001.A400009N,Compiled by ModelCompiler on 02JAN03 16:08,2.0,0.0,0.0,2.0,OMSwtable,TARGETTABLE,OMSminngrsl,MODELRESULTS,IS_RELATED_TO_0_N,0:m,0:1
OMSassocmgr,Aggregation HAS Cube,1357142922.628,1357142922.628,,,A0000001.A400009O,Compiled by ModelCompiler on 02JAN03 16:08,2.0,0.0,0.0,2.0,OMSaggregat,AGGREGATIONS,OMScube,OWNINGCUBE,HAS,1:1,0:m
OMSassocmgr,Aggregation USES PhysicalTable,1357142922.628,1357142922.628,,,A0000001.A400009P,Compiled by ModelCompiler on 02JAN03 16:08,2.0,0.0,0.0,2.0,OMSaggregat,AGGREGATIONS,OMSptable,AGGREGATIONTABLES,USES,0:m,0:m
OMSassocmgr,Cube USES Cube,1357142922.628,1357142922.628,,,A0000001.A400009Q,Compiled by ModelCompiler on 02JAN03 16:08,2.0,0.0,0.0,2.0,OMScube,PARENTCUBES,OMScube,SUBCUBES,USES,0:m,0:m
OMSassocmgr,DELETED *** DeployedComponent IS_RELATED_TO_0_N ITChannel,1349892778.599,,,,A0000001.A400009R,This association template has been deleted.,2.0,0.0,0.0,2.0,OMSdepcomp,HTTPSERVER,OMSitchnnl,CHANNELUSERS,DELETED,0:m,0:1
OMSassocmgr,Feature IS_CONTAINED_IN_0_N AggregateAssociation,1357142922.628,1357142922.628,,,A0000001.A400009S,Compiled by ModelCompiler on 02JAN03 16:08,2.0,0.0,0.0,2.0,OMSfeature,MEASUREORLEVEL,OMSaggrgtss,MLAGGREGATIONS,IS_CONTAINED_IN_0_N,0:m,1:1
OMSassocmgr,File IS_CONTAINED_IN_0_1 Cube,1357142922.628,1357142922.628,,,A0000001.A400009T,Compiled by ModelCompiler on 02JAN03 16:08,2.0,0.0,0.0,2.0,OMSfile,ASSOCIATEDFILE,OMScube,ASSOCIATEDCUBE,IS_CONTAINED_IN_0_1,0:1,1:1
OMSassocmgr,FitStatistic HAS Target,1357142922.638,1357142922.638,,,A0000001.A400009U,Compiled by ModelCompiler on 02JAN03 16:08,2.0,0.0,0.0,2.0,OMSfitsttst,FITSTATISTICS,OMStarget,OWNINGTARGET,HAS,1:1,0:m
OMSassocmgr,PhysicalTable USES Cube,1357142922.628,1357142922.628,,,A0000001.A400009V,Compiled by ModelCompiler on 02JAN03 16:08,2.0,0.0,0.0,2.0,OMSptable,REACHTHRUTABLES,OMScube,REACHTHRUCUBES,USES,0:m,0:m
OMSassocmgr,SecurityRuleScheme IS_CONTAINED_IN_0_N SecurityRule,1357142922.638,1357142922.638,,,A0000001.A400009W,Compiled by ModelCompiler on 02JAN03 16:08,2.0,0.0,0.0,2.0,OMSsecrtyrl,SECRULESCHEME,OMSsecrtyr0,SECRULES,IS_CONTAINED_IN_0_N,0:m,1:1
OMSassocmgr,Column USES AggregateAssociation,1357142922.628,1357142922.628,,,A0000001.A400009X,Compiled by ModelCompiler on 02JAN03 16:08,2.0,0.0,0.0,2.0,OMSwcolumn,AGGREGATEDCOLUMNS,OMSaggrgtss,USINGAGGREGATIONS,USES,0:m,0:m
OMSassocmgr,RelationalSchema IS_RELATED_TO_0_N DataTable,1357142922.628,1357142922.628,,,A0000001.A400009Y,Compiled by ModelCompiler on 02JAN03 16:08,2.0,0.0,0.0,2.0,OMSreltnlsc,TABLEPACKAGE,OMSdtable,TABLES,IS_RELATED_TO_0_N,0:m,0:1
OMSassocmgr,ContentLocation IS_RELATED_TO_0_N UnitofTime,1357142922.638,1357142922.638,,,A0000001.A400009Z,Compiled by ModelCompiler on 02JAN03 16:08,2.0,0.0,0.0,2.0,OMScontntlc,ASSOCIATEDCONTENTLOCATION,OMSuntftm,UNITOFTIMES,IS_RELATED_TO_0_N,0:m,0:1
OMSassocmgr,ContentType IS_RELATED_TO_0_N ContentLocation,1357142922.638,1357142922.638,,,A0000001.A40000A0,Compiled by ModelCompiler on 02JAN03 16:08,2.0,0.0,0.0,2.0,OMScontntty,ASSOCIATEDCONTENTTYPE,OMScontntlc,CONTENTITEMS,IS_RELATED_TO_0_N,0:m,0:1
OMSassocmgr,DELETED *** DeployedComponent IS_RELATED_TO_0_N ITSubscriber,1349892778.599,,,,A0000001.A40000A1,This association template has been deleted.,2.0,0.0,0.0,2.0,OMSdepcomp,HTTPSERVER,OMSitsbscrb,DAVSUBSCRIBERS,DELETED,0:m,0:1
OMSassocmgr,DeviceType USES ContentType,1357142922.638,1357142922.638,,,A0000001.A40000A2,Compiled by ModelCompiler on 02JAN03 16:08,2.0,0.0,0.0,2.0,OMSdevctyp,DEVICEDESCRIPTORS,OMScontntty,CONTENTTYPES,USES,0:m,0:m
OMSassocmgr,Device CONTAINS DeviceType,1357142922.638,1357142922.638,,,A0000001.A40000A3,Compiled by ModelCompiler on 02JAN03 16:08,2.0,0.0,0.0,2.0,OMSdevice,DEPLOYEDDEVICES,OMSdevctyp,ASSOCIATEDDEVICETYPE,CONTAINS,0:1,0:m
OMSassocmgr,Directory USES ITChannel,1357142922.638,1357142922.638,,,A0000001.A40000A4,Compiled by ModelCompiler on 02JAN03 16:08,2.0,0.0,0.0,2.0,OMSdirectry,ARCHIVEPATHS,OMSitchnnl,PATHCHANNELS,USES,0:m,0:m
OMSassocmgr,Identity IS_CONTAINED_IN_0_N Change,1357142922.628,1357142922.628,,,A0000001.A40000A5,Compiled by ModelCompiler on 02JAN03 16:08,2.0,0.0,0.0,2.0,OMSidentity,CHANGEIDENTITY,OMSchange,IDENTITYCHANGES,IS_CONTAINED_IN_0_N,0:m,1:1
OMSassocmgr,ITContentSubscriber IS_CONTAINED_IN_0_N ITFilter,1357142922.638,1357142922.638,,,A0000001.A40000A6,Compiled by ModelCompiler on 02JAN03 16:08,2.0,0.0,0.0,2.0,OMSitcntnts,FILTERSUBSCRIBER,OMSitfilter,FILTERS,IS_CONTAINED_IN_0_N,0:m,1:1
OMSassocmgr,JFJob CONTAINS Job,1357142922.628,1357142922.628,,,A0000001.A40000A7,Compiled by ModelCompiler on 02JAN03 16:08,2.0,0.0,0.0,2.0,OMSjfjob,JFJOBS,OMSjob,ASSOCIATEDJOB,CONTAINS,0:1,0:m
OMSassocmgr,Measure IS_RELATED_TO_0_1 Dimension,1357142922.628,1357142922.628,,,A0000001.A40000A8,Compiled by ModelCompiler on 02JAN03 16:08,2.0,0.0,0.0,2.0,OMSomeasure,DEFAULTMEASURE,OMSdim,DEFAULTFORDIMENSION,IS_RELATED_TO_0_1,0:1,0:1
OMSassocmgr,Person IS_CONTAINED_IN_0_N ITSubscriber,1357142922.638,1357142922.638,,,A0000001.A40000A9,Compiled by ModelCompiler on 02JAN03 16:08,2.0,0.0,0.0,2.0,OMSperson,PROFILEOWNER,OMSitsbscrb,SUBSCRIBERIDENTITIES,IS_CONTAINED_IN_0_N,0:m,1:1
OMSassocmgr,PSLayoutComponent USES PSPortlet,1357142922.638,1357142922.638,,,A0000001.A40000AA,Compiled by ModelCompiler on 02JAN03 16:08,2.0,0.0,0.0,2.0,OMSpslytcmp,LAYOUTCOMPONENTS,OMSpsprtlt,PORTLETS,USES,0:m,0:m
OMSassocmgr,DELETED *** PSPortalCollection IS_RELATED_TO_1 PSPortlet,1334139291.575,,,,A0000001.A40000AB,This association template has been deleted.,2.0,0.0,0.0,2.0,OMSpsprtlcl,ASSOCIATEDPORTALCOLLECTION,OMSpsprtlt,OWNINGPORTLET,DELETED,1:1,0:1
OMSassocmgr,PSPortalPage IS_CONTAINED_IN_0_N PSLayoutComponent,1357142922.638,1357142922.638,,,A0000001.A40000AC,Compiled by ModelCompiler on 02JAN03 16:08,2.0,0.0,0.0,2.0,OMSpsprtlpg,OWNINGPAGE,OMSpslytcmp,LAYOUTCOMPONENTS,IS_CONTAINED_IN_0_N,0:m,1:1
OMSassocmgr,PSPortalPage USES PSPortalProfile,1357142922.638,1357142922.638,,,A0000001.A40000AD,Compiled by ModelCompiler on 02JAN03 16:08,2.0,0.0,0.0,2.0,OMSpsprtlpg,PORTALPAGES,OMSpsprtlpr,PAGEPROFILES,USES,0:m,0:m
OMSassocmgr,Root IS_RELATED_TO_0_N Property,1357142922.628,1357142922.628,,,A0000001.A40000AE,Compiled by ModelCompiler on 02JAN03 16:08,2.0,0.0,0.0,2.0,OMSroot,ASSOCIATEDLOCALIZEDOBJECT,OMSprop,LOCALIZEDATTRIBUTES,IS_RELATED_TO_0_N,0:m,0:1
OMSassocmgr,Root IS_RELATED_TO_0_N Variable,1357142922.628,1357142922.628,,,A0000001.A40000AF,Compiled by ModelCompiler on 02JAN03 16:08,2.0,0.0,0.0,2.0,OMSroot,ASSOCIATEDOBJECT,OMSvariable,VARIABLES,IS_RELATED_TO_0_N,0:m,0:1
OMSassocmgr,SASPassword IS_RELATED_TO_0_N Connection,1357142922.628,1357142922.628,,,A0000001.A40000AG,Compiled by ModelCompiler on 02JAN03 16:08,2.0,0.0,0.0,2.0,OMSsaspass,PASSTHRUPASSWORD,OMScnction,PROTECTEDPASSTHRUS,IS_RELATED_TO_0_N,0:m,0:1
OMSassocmgr,SASPassword IS_RELATED_TO_0_N Connection,1357142922.628,1357142922.628,,,A0000001.A40000AH,Compiled by ModelCompiler on 02JAN03 16:08,2.0,0.0,0.0,2.0,OMSsaspass,SAPW,OMScnction,PROTECTEDCONNECTIONS,IS_RELATED_TO_0_N,0:m,0:1
OMSassocmgr,Text USES Target,1357142922.638,1357142922.638,,,A0000001.A40000AI,Compiled by ModelCompiler on 02JAN03 16:08,2.0,0.0,0.0,2.0,OMStext,TEXTUALINFORMATIONOBJECTS,OMStarget,TARGETS,USES,0:m,0:m
OMSassocmgr,AbstractTransformation IS_CONTAINED_IN_0_N Variable,1357142922.628,1357142922.628,,,A0000001.A40000AJ,Compiled by ModelCompiler on 02JAN03 16:08,2.0,0.0,0.0,2.0,OMStransfm,OWNINGTRANSFORMATION,OMSvariable,SUBSTITUTIONVARIABLES,IS_CONTAINED_IN_0_N,0:m,1:1
OMSassocmgr,DELETED *** TransformationActivity USES Job,1352977116.436,,,,A0000001.A40000AK,This association template has been deleted.,2.0,0.0,0.0,2.0,OMStrnsact,JOBACTIVITIES,OMSjob,JOBS,DELETED,0:m,0:m
OMSassocmgr,Column USES Key,1357142922.628,1357142922.628,,,A0000001.A40000AL,Compiled by ModelCompiler on 02JAN03 16:08,2.0,0.0,0.0,2.0,OMSwcolumn,DISPLAYCOLUMNS,OMSkey,DISPLAYFORKEYS,USES,0:m,0:m
OMSassocmgr,RelationalTable CONTAINS SXLEMap,1357142922.628,1357142922.628,,,A0000001.A40000AM,Compiled by ModelCompiler on 02JAN03 16:08,2.0,0.0,0.0,2.0,OMSwtable,XMLMAPTABLES,OMSsxlemap,ASSOCIATEDXMLMAP,CONTAINS,0:1,0:m
OMSassocmgr,XPath CONTAINS Column,1357142922.628,1357142922.628,,,A0000001.A40000AN,Compiled by ModelCompiler on 02JAN03 16:08,2.0,0.0,0.0,2.0,OMSxpath,XPATHS,OMSwcolumn,ASSOCIATEDMAPCOLUMN,CONTAINS,0:1,0:m
OMSassocmgr,XPath CONTAINS RelationalTable,1357142922.628,1357142922.628,,,A0000001.A40000AO,Compiled by ModelCompiler on 02JAN03 16:08,2.0,0.0,0.0,2.0,OMSxpath,XPATHS,OMSwtable,ASSOCIATEDMAPTABLE,CONTAINS,0:1,0:m
OMSassocmgr,DeployedComponent IS_RELATED_TO_0_N SASLicense,1357142922.638,1357142922.638,,,A0000001.A40000AP,Compiled by ModelCompiler on 02JAN03 16:08,2.0,0.0,0.0,2.0,OMSdepcomp,LICENSEDCOMPONENT,OMSsaslcns,LICENSES,IS_RELATED_TO_0_N,0:m,0:1
OMSassocmgr,Email IS_RELATED_TO_0_1 ITSubscriber,1357142922.638,1357142922.638,,,A0000001.A40000AQ,Compiled by ModelCompiler on 02JAN03 16:08,2.0,0.0,0.0,2.0,OMSemail,SUBSCRIBEREMAIL,OMSitsbscrb,EMAILSUBSCRIBER,IS_RELATED_TO_0_1,0:1,0:1
OMSassocmgr,Level USES Aggregation,1357142922.628,1357142922.628,,,A0000001.A40000AR,Compiled by ModelCompiler on 02JAN03 16:08,2.0,0.0,0.0,2.0,OMSlevel,LEVELS,OMSaggregat,AGGREGATIONS,USES,0:m,0:m
OMSassocmgr,Hierarchy USES OLAPProperty,1357142922.628,1357142922.628,,,A0000001.A40000AS,Compiled by ModelCompiler on 02JAN03 16:08,2.0,0.0,0.0,2.0,OMSohier,HIERARCHIES,OMSolapprop,OLAPPROPERTIES,USES,0:m,0:m
OMSassocmgr,Connection IS_RELATED_TO_0_N DataSourceName,1357142922.628,1357142922.628,,,A0000001.A40000AT,Compiled by ModelCompiler on 02JAN03 16:08,2.0,0.0,0.0,2.0,OMScnction,DATASOURCECONNECTION,OMSdatsrcnm,DATASOURCES,IS_RELATED_TO_0_N,0:m,0:1
OMSassocmgr,DataSourceName USES DataSourceName,1357142922.628,1357142922.628,,,A0000001.A40000AU,Compiled by ModelCompiler on 02JAN03 16:08,2.0,0.0,0.0,2.0,OMSdatsrcnm,CHILDDATASOURCES,OMSdatsrcnm,PARENTDATASOURCES,USES,0:m,0:m
OMSassocmgr,DataSourceName CONTAINS Login,1357142922.628,1357142922.628,,,A0000001.A40000AV,Compiled by ModelCompiler on 02JAN03 16:08,2.0,0.0,0.0,2.0,OMSdatsrcnm,DATASOURCES,OMSlogin,DEFAULTLOGIN,CONTAINS,0:1,0:m
OMSassocmgr,PSPortlet IS_RELATED_TO_0_1 Tree,1357142922.638,1357142922.638,,,A0000001.A40000AW,Compiled by ModelCompiler on 02JAN03 16:08,2.0,0.0,0.0,2.0,OMSpsprtlt,ASSOCIATEDPSPORTLET,OMStree,ASSOCIATEDCONTENTCOLLECTION,IS_RELATED_TO_0_1,0:1,0:1
OMSassocmgr,RelationalSchema CONTAINS DatabaseCatalog,1357142922.628,1357142922.628,,,A0000001.A40000AX,Compiled by ModelCompiler on 02JAN03 16:08,2.0,0.0,0.0,2.0,OMSreltnlsc,SCHEMAS,OMSdbcat,SCHEMAPACKAGE,CONTAINS,0:1,0:m
OMSassocmgr,DeployedDataPackage USES TableCollection,1357142922.628,1357142922.628,,,A0000001.A40000AY,Compiled by ModelCompiler on 02JAN03 16:08,2.0,0.0,0.0,2.0,OMSddatapkg,COLLECTIONLOCATIONS,OMStablcllc,TABLECOLLECTIONS,USES,0:m,0:m
OMSassocmgr,Directory IS_RELATED_TO_0_N ITChannel,1357142922.638,1357142922.638,,,A0000001.A40000AZ,Compiled by ModelCompiler on 02JAN03 16:08,2.0,0.0,0.0,2.0,OMSdirectry,CONTENTDESTINATION,OMSitchnnl,ITCHANNELS,IS_RELATED_TO_0_N,0:m,0:1
OMSassocmgr,Directory IS_RELATED_TO_0_N ITSubscriber,1357142922.638,1357142922.638,,,A0000001.A40000B0,Compiled by ModelCompiler on 02JAN03 16:08,2.0,0.0,0.0,2.0,OMSdirectry,CONTENTDESTINATION,OMSitsbscrb,ITSUBSCRIBERS,IS_RELATED_TO_0_N,0:m,0:1
OMSassocmgr,DataTable USES TableCollection,1357142922.628,1357142922.628,,,A0000001.A40000B1,Compiled by ModelCompiler on 02JAN03 16:08,2.0,0.0,0.0,2.0,OMSdtable,TABLES,OMStablcllc,TABLECOLLECTIONS,USES,0:m,0:m
OMSassocmgr,DELETED *** AbstractJob USES TransformationActivity,1355335283.67,1357142923.86,,,A0000001.A40000B2,This association template has been deleted.,2.0,0.0,0.0,2.0,OMSabstrctj,JOBS,OMStrnsact,JOBACTIVITIES,DELETED,0:m,0:m
OMSassocmgr,TransformationActivity USES AbstractJob,1357142922.628,1357142922.628,,,A0000001.A40000B3,Compiled by ModelCompiler on 02JAN03 16:08,2.0,0.0,0.0,2.0,OMStrnsact,JOBACTIVITIES,OMSabstrctj,JOBS,USES,0:m,0:m
