ACTUAL,PREDICT,COUNTRY,REGION,DIVISION,PRODTYPE,PRODUCT,QUARTER,YEAR,MONTH
925.0,850.0,CANADA,EAST,EDUCATION,FURNITURE,SOFA,1.0,1993.0,1993-01-01
999.0,297.0,CANADA,EAST,EDUCATION,FURNITURE,SOFA,1.0,1993.0,1993-02-01
608.0,846.0,CANADA,EAST,EDUCATION,FURNITURE,SOFA,1.0,1993.0,1993-03-01
642.0,533.0,CANADA,EAST,EDUCATION,FURNITURE,SOFA,2.0,1993.0,1993-04-01
656.0,646.0,CANADA,EAST,EDUCATION,FURNITURE,SOFA,2.0,1993.0,1993-05-01
948.0,486.0,CANADA,EAST,EDUCATION,FURNITURE,SOFA,2.0,1993.0,1993-06-01
612.0,717.0,CANADA,EAST,EDUCATION,FURNITURE,SOFA,3.0,1993.0,1993-07-01
114.0,564.0,CANADA,EAST,EDUCATION,FURNITURE,SOFA,3.0,1993.0,1993-08-01
685.0,230.0,CANADA,EAST,EDUCATION,FURNITURE,SOFA,3.0,1993.0,1993-09-01
657.0,494.0,CANADA,EAST,EDUCATION,FURNITURE,SOFA,4.0,1993.0,1993-10-01
608.0,903.0,CANADA,EAST,EDUCATION,FURNITURE,SOFA,4.0,1993.0,1993-11-01
353.0,266.0,CANADA,EAST,EDUCATION,FURNITURE,SOFA,4.0,1993.0,1993-12-01
107.0,190.0,CANADA,EAST,EDUCATION,FURNITURE,SOFA,1.0,1994.0,1994-01-01
354.0,139.0,CANADA,EAST,EDUCATION,FURNITURE,SOFA,1.0,1994.0,1994-02-01
101.0,217.0,CANADA,EAST,EDUCATION,FURNITURE,SOFA,1.0,1994.0,1994-03-01
553.0,560.0,CANADA,EAST,EDUCATION,FURNITURE,SOFA,2.0,1994.0,1994-04-01
877.0,148.0,CANADA,EAST,EDUCATION,FURNITURE,SOFA,2.0,1994.0,1994-05-01
431.0,762.0,CANADA,EAST,EDUCATION,FURNITURE,SOFA,2.0,1994.0,1994-06-01
511.0,457.0,CANADA,EAST,EDUCATION,FURNITURE,SOFA,3.0,1994.0,1994-07-01
157.0,532.0,CANADA,EAST,EDUCATION,FURNITURE,SOFA,3.0,1994.0,1994-08-01
520.0,629.0,CANADA,EAST,EDUCATION,FURNITURE,SOFA,3.0,1994.0,1994-09-01
114.0,491.0,CANADA,EAST,EDUCATION,FURNITURE,SOFA,4.0,1994.0,1994-10-01
277.0,0.0,CANADA,EAST,EDUCATION,FURNITURE,SOFA,4.0,1994.0,1994-11-01
561.0,979.0,CANADA,EAST,EDUCATION,FURNITURE,SOFA,4.0,1994.0,1994-12-01
220.0,585.0,CANADA,EAST,EDUCATION,FURNITURE,BED,1.0,1993.0,1993-01-01
444.0,267.0,CANADA,EAST,EDUCATION,FURNITURE,BED,1.0,1993.0,1993-02-01
178.0,487.0,CANADA,EAST,EDUCATION,FURNITURE,BED,1.0,1993.0,1993-03-01
756.0,764.0,CANADA,EAST,EDUCATION,FURNITURE,BED,2.0,1993.0,1993-04-01
329.0,312.0,CANADA,EAST,EDUCATION,FURNITURE,BED,2.0,1993.0,1993-05-01
910.0,531.0,CANADA,EAST,EDUCATION,FURNITURE,BED,2.0,1993.0,1993-06-01
530.0,536.0,CANADA,EAST,EDUCATION,FURNITURE,BED,3.0,1993.0,1993-07-01
101.0,773.0,CANADA,EAST,EDUCATION,FURNITURE,BED,3.0,1993.0,1993-08-01
515.0,143.0,CANADA,EAST,EDUCATION,FURNITURE,BED,3.0,1993.0,1993-09-01
730.0,126.0,CANADA,EAST,EDUCATION,FURNITURE,BED,4.0,1993.0,1993-10-01
993.0,862.0,CANADA,EAST,EDUCATION,FURNITURE,BED,4.0,1993.0,1993-11-01
954.0,754.0,CANADA,EAST,EDUCATION,FURNITURE,BED,4.0,1993.0,1993-12-01
267.0,410.0,CANADA,EAST,EDUCATION,FURNITURE,BED,1.0,1994.0,1994-01-01
347.0,701.0,CANADA,EAST,EDUCATION,FURNITURE,BED,1.0,1994.0,1994-02-01
991.0,204.0,CANADA,EAST,EDUCATION,FURNITURE,BED,1.0,1994.0,1994-03-01
923.0,509.0,CANADA,EAST,EDUCATION,FURNITURE,BED,2.0,1994.0,1994-04-01
437.0,378.0,CANADA,EAST,EDUCATION,FURNITURE,BED,2.0,1994.0,1994-05-01
737.0,507.0,CANADA,EAST,EDUCATION,FURNITURE,BED,2.0,1994.0,1994-06-01
104.0,49.0,CANADA,EAST,EDUCATION,FURNITURE,BED,3.0,1994.0,1994-07-01
840.0,876.0,CANADA,EAST,EDUCATION,FURNITURE,BED,3.0,1994.0,1994-08-01
704.0,66.0,CANADA,EAST,EDUCATION,FURNITURE,BED,3.0,1994.0,1994-09-01
889.0,819.0,CANADA,EAST,EDUCATION,FURNITURE,BED,4.0,1994.0,1994-10-01
107.0,351.0,CANADA,EAST,EDUCATION,FURNITURE,BED,4.0,1994.0,1994-11-01
571.0,201.0,CANADA,EAST,EDUCATION,FURNITURE,BED,4.0,1994.0,1994-12-01
688.0,209.0,CANADA,EAST,EDUCATION,OFFICE,TABLE,1.0,1993.0,1993-01-01
544.0,51.0,CANADA,EAST,EDUCATION,OFFICE,TABLE,1.0,1993.0,1993-02-01
954.0,135.0,CANADA,EAST,EDUCATION,OFFICE,TABLE,1.0,1993.0,1993-03-01
445.0,47.0,CANADA,EAST,EDUCATION,OFFICE,TABLE,2.0,1993.0,1993-04-01
829.0,379.0,CANADA,EAST,EDUCATION,OFFICE,TABLE,2.0,1993.0,1993-05-01
464.0,758.0,CANADA,EAST,EDUCATION,OFFICE,TABLE,2.0,1993.0,1993-06-01
968.0,475.0,CANADA,EAST,EDUCATION,OFFICE,TABLE,3.0,1993.0,1993-07-01
842.0,343.0,CANADA,EAST,EDUCATION,OFFICE,TABLE,3.0,1993.0,1993-08-01
721.0,507.0,CANADA,EAST,EDUCATION,OFFICE,TABLE,3.0,1993.0,1993-09-01
966.0,269.0,CANADA,EAST,EDUCATION,OFFICE,TABLE,4.0,1993.0,1993-10-01
332.0,699.0,CANADA,EAST,EDUCATION,OFFICE,TABLE,4.0,1993.0,1993-11-01
328.0,824.0,CANADA,EAST,EDUCATION,OFFICE,TABLE,4.0,1993.0,1993-12-01
355.0,497.0,CANADA,EAST,EDUCATION,OFFICE,TABLE,1.0,1994.0,1994-01-01
506.0,44.0,CANADA,EAST,EDUCATION,OFFICE,TABLE,1.0,1994.0,1994-02-01
585.0,522.0,CANADA,EAST,EDUCATION,OFFICE,TABLE,1.0,1994.0,1994-03-01
634.0,378.0,CANADA,EAST,EDUCATION,OFFICE,TABLE,2.0,1994.0,1994-04-01
662.0,689.0,CANADA,EAST,EDUCATION,OFFICE,TABLE,2.0,1994.0,1994-05-01
783.0,90.0,CANADA,EAST,EDUCATION,OFFICE,TABLE,2.0,1994.0,1994-06-01
786.0,720.0,CANADA,EAST,EDUCATION,OFFICE,TABLE,3.0,1994.0,1994-07-01
710.0,343.0,CANADA,EAST,EDUCATION,OFFICE,TABLE,3.0,1994.0,1994-08-01
950.0,457.0,CANADA,EAST,EDUCATION,OFFICE,TABLE,3.0,1994.0,1994-09-01
274.0,947.0,CANADA,EAST,EDUCATION,OFFICE,TABLE,4.0,1994.0,1994-10-01
406.0,834.0,CANADA,EAST,EDUCATION,OFFICE,TABLE,4.0,1994.0,1994-11-01
515.0,71.0,CANADA,EAST,EDUCATION,OFFICE,TABLE,4.0,1994.0,1994-12-01
35.0,282.0,CANADA,EAST,EDUCATION,OFFICE,CHAIR,1.0,1993.0,1993-01-01
995.0,538.0,CANADA,EAST,EDUCATION,OFFICE,CHAIR,1.0,1993.0,1993-02-01
670.0,679.0,CANADA,EAST,EDUCATION,OFFICE,CHAIR,1.0,1993.0,1993-03-01
406.0,601.0,CANADA,EAST,EDUCATION,OFFICE,CHAIR,2.0,1993.0,1993-04-01
825.0,577.0,CANADA,EAST,EDUCATION,OFFICE,CHAIR,2.0,1993.0,1993-05-01
467.0,908.0,CANADA,EAST,EDUCATION,OFFICE,CHAIR,2.0,1993.0,1993-06-01
709.0,819.0,CANADA,EAST,EDUCATION,OFFICE,CHAIR,3.0,1993.0,1993-07-01
522.0,687.0,CANADA,EAST,EDUCATION,OFFICE,CHAIR,3.0,1993.0,1993-08-01
688.0,157.0,CANADA,EAST,EDUCATION,OFFICE,CHAIR,3.0,1993.0,1993-09-01
956.0,111.0,CANADA,EAST,EDUCATION,OFFICE,CHAIR,4.0,1993.0,1993-10-01
129.0,31.0,CANADA,EAST,EDUCATION,OFFICE,CHAIR,4.0,1993.0,1993-11-01
687.0,790.0,CANADA,EAST,EDUCATION,OFFICE,CHAIR,4.0,1993.0,1993-12-01
877.0,795.0,CANADA,EAST,EDUCATION,OFFICE,CHAIR,1.0,1994.0,1994-01-01
845.0,379.0,CANADA,EAST,EDUCATION,OFFICE,CHAIR,1.0,1994.0,1994-02-01
425.0,114.0,CANADA,EAST,EDUCATION,OFFICE,CHAIR,1.0,1994.0,1994-03-01
899.0,475.0,CANADA,EAST,EDUCATION,OFFICE,CHAIR,2.0,1994.0,1994-04-01
987.0,747.0,CANADA,EAST,EDUCATION,OFFICE,CHAIR,2.0,1994.0,1994-05-01
641.0,372.0,CANADA,EAST,EDUCATION,OFFICE,CHAIR,2.0,1994.0,1994-06-01
448.0,415.0,CANADA,EAST,EDUCATION,OFFICE,CHAIR,3.0,1994.0,1994-07-01
341.0,955.0,CANADA,EAST,EDUCATION,OFFICE,CHAIR,3.0,1994.0,1994-08-01
137.0,356.0,CANADA,EAST,EDUCATION,OFFICE,CHAIR,3.0,1994.0,1994-09-01
235.0,316.0,CANADA,EAST,EDUCATION,OFFICE,CHAIR,4.0,1994.0,1994-10-01
482.0,351.0,CANADA,EAST,EDUCATION,OFFICE,CHAIR,4.0,1994.0,1994-11-01
678.0,164.0,CANADA,EAST,EDUCATION,OFFICE,CHAIR,4.0,1994.0,1994-12-01
240.0,386.0,CANADA,EAST,EDUCATION,OFFICE,DESK,1.0,1993.0,1993-01-01
605.0,113.0,CANADA,EAST,EDUCATION,OFFICE,DESK,1.0,1993.0,1993-02-01
274.0,68.0,CANADA,EAST,EDUCATION,OFFICE,DESK,1.0,1993.0,1993-03-01
422.0,885.0,CANADA,EAST,EDUCATION,OFFICE,DESK,2.0,1993.0,1993-04-01
763.0,575.0,CANADA,EAST,EDUCATION,OFFICE,DESK,2.0,1993.0,1993-05-01
561.0,743.0,CANADA,EAST,EDUCATION,OFFICE,DESK,2.0,1993.0,1993-06-01
339.0,816.0,CANADA,EAST,EDUCATION,OFFICE,DESK,3.0,1993.0,1993-07-01
877.0,203.0,CANADA,EAST,EDUCATION,OFFICE,DESK,3.0,1993.0,1993-08-01
192.0,581.0,CANADA,EAST,EDUCATION,OFFICE,DESK,3.0,1993.0,1993-09-01
604.0,815.0,CANADA,EAST,EDUCATION,OFFICE,DESK,4.0,1993.0,1993-10-01
55.0,333.0,CANADA,EAST,EDUCATION,OFFICE,DESK,4.0,1993.0,1993-11-01
87.0,40.0,CANADA,EAST,EDUCATION,OFFICE,DESK,4.0,1993.0,1993-12-01
942.0,672.0,CANADA,EAST,EDUCATION,OFFICE,DESK,1.0,1994.0,1994-01-01
912.0,23.0,CANADA,EAST,EDUCATION,OFFICE,DESK,1.0,1994.0,1994-02-01
768.0,948.0,CANADA,EAST,EDUCATION,OFFICE,DESK,1.0,1994.0,1994-03-01
951.0,291.0,CANADA,EAST,EDUCATION,OFFICE,DESK,2.0,1994.0,1994-04-01
768.0,839.0,CANADA,EAST,EDUCATION,OFFICE,DESK,2.0,1994.0,1994-05-01
978.0,864.0,CANADA,EAST,EDUCATION,OFFICE,DESK,2.0,1994.0,1994-06-01
20.0,337.0,CANADA,EAST,EDUCATION,OFFICE,DESK,3.0,1994.0,1994-07-01
298.0,95.0,CANADA,EAST,EDUCATION,OFFICE,DESK,3.0,1994.0,1994-08-01
193.0,535.0,CANADA,EAST,EDUCATION,OFFICE,DESK,3.0,1994.0,1994-09-01
336.0,191.0,CANADA,EAST,EDUCATION,OFFICE,DESK,4.0,1994.0,1994-10-01
617.0,412.0,CANADA,EAST,EDUCATION,OFFICE,DESK,4.0,1994.0,1994-11-01
709.0,711.0,CANADA,EAST,EDUCATION,OFFICE,DESK,4.0,1994.0,1994-12-01
5.0,425.0,CANADA,EAST,CONSUMER,FURNITURE,SOFA,1.0,1993.0,1993-01-01
164.0,215.0,CANADA,EAST,CONSUMER,FURNITURE,SOFA,1.0,1993.0,1993-02-01
422.0,948.0,CANADA,EAST,CONSUMER,FURNITURE,SOFA,1.0,1993.0,1993-03-01
424.0,544.0,CANADA,EAST,CONSUMER,FURNITURE,SOFA,2.0,1993.0,1993-04-01
854.0,764.0,CANADA,EAST,CONSUMER,FURNITURE,SOFA,2.0,1993.0,1993-05-01
168.0,446.0,CANADA,EAST,CONSUMER,FURNITURE,SOFA,2.0,1993.0,1993-06-01
8.0,957.0,CANADA,EAST,CONSUMER,FURNITURE,SOFA,3.0,1993.0,1993-07-01
748.0,967.0,CANADA,EAST,CONSUMER,FURNITURE,SOFA,3.0,1993.0,1993-08-01
682.0,11.0,CANADA,EAST,CONSUMER,FURNITURE,SOFA,3.0,1993.0,1993-09-01
300.0,110.0,CANADA,EAST,CONSUMER,FURNITURE,SOFA,4.0,1993.0,1993-10-01
672.0,263.0,CANADA,EAST,CONSUMER,FURNITURE,SOFA,4.0,1993.0,1993-11-01
894.0,215.0,CANADA,EAST,CONSUMER,FURNITURE,SOFA,4.0,1993.0,1993-12-01
944.0,965.0,CANADA,EAST,CONSUMER,FURNITURE,SOFA,1.0,1994.0,1994-01-01
403.0,423.0,CANADA,EAST,CONSUMER,FURNITURE,SOFA,1.0,1994.0,1994-02-01
596.0,753.0,CANADA,EAST,CONSUMER,FURNITURE,SOFA,1.0,1994.0,1994-03-01
481.0,770.0,CANADA,EAST,CONSUMER,FURNITURE,SOFA,2.0,1994.0,1994-04-01
503.0,263.0,CANADA,EAST,CONSUMER,FURNITURE,SOFA,2.0,1994.0,1994-05-01
126.0,79.0,CANADA,EAST,CONSUMER,FURNITURE,SOFA,2.0,1994.0,1994-06-01
721.0,441.0,CANADA,EAST,CONSUMER,FURNITURE,SOFA,3.0,1994.0,1994-07-01
271.0,858.0,CANADA,EAST,CONSUMER,FURNITURE,SOFA,3.0,1994.0,1994-08-01
721.0,667.0,CANADA,EAST,CONSUMER,FURNITURE,SOFA,3.0,1994.0,1994-09-01
157.0,193.0,CANADA,EAST,CONSUMER,FURNITURE,SOFA,4.0,1994.0,1994-10-01
991.0,394.0,CANADA,EAST,CONSUMER,FURNITURE,SOFA,4.0,1994.0,1994-11-01
499.0,680.0,CANADA,EAST,CONSUMER,FURNITURE,SOFA,4.0,1994.0,1994-12-01
284.0,414.0,CANADA,EAST,CONSUMER,FURNITURE,BED,1.0,1993.0,1993-01-01
705.0,770.0,CANADA,EAST,CONSUMER,FURNITURE,BED,1.0,1993.0,1993-02-01
737.0,679.0,CANADA,EAST,CONSUMER,FURNITURE,BED,1.0,1993.0,1993-03-01
745.0,7.0,CANADA,EAST,CONSUMER,FURNITURE,BED,2.0,1993.0,1993-04-01
633.0,713.0,CANADA,EAST,CONSUMER,FURNITURE,BED,2.0,1993.0,1993-05-01
983.0,851.0,CANADA,EAST,CONSUMER,FURNITURE,BED,2.0,1993.0,1993-06-01
591.0,944.0,CANADA,EAST,CONSUMER,FURNITURE,BED,3.0,1993.0,1993-07-01
42.0,130.0,CANADA,EAST,CONSUMER,FURNITURE,BED,3.0,1993.0,1993-08-01
771.0,485.0,CANADA,EAST,CONSUMER,FURNITURE,BED,3.0,1993.0,1993-09-01
465.0,23.0,CANADA,EAST,CONSUMER,FURNITURE,BED,4.0,1993.0,1993-10-01
296.0,193.0,CANADA,EAST,CONSUMER,FURNITURE,BED,4.0,1993.0,1993-11-01
890.0,7.0,CANADA,EAST,CONSUMER,FURNITURE,BED,4.0,1993.0,1993-12-01
312.0,919.0,CANADA,EAST,CONSUMER,FURNITURE,BED,1.0,1994.0,1994-01-01
777.0,768.0,CANADA,EAST,CONSUMER,FURNITURE,BED,1.0,1994.0,1994-02-01
364.0,854.0,CANADA,EAST,CONSUMER,FURNITURE,BED,1.0,1994.0,1994-03-01
601.0,411.0,CANADA,EAST,CONSUMER,FURNITURE,BED,2.0,1994.0,1994-04-01
823.0,736.0,CANADA,EAST,CONSUMER,FURNITURE,BED,2.0,1994.0,1994-05-01
847.0,10.0,CANADA,EAST,CONSUMER,FURNITURE,BED,2.0,1994.0,1994-06-01
490.0,311.0,CANADA,EAST,CONSUMER,FURNITURE,BED,3.0,1994.0,1994-07-01
387.0,348.0,CANADA,EAST,CONSUMER,FURNITURE,BED,3.0,1994.0,1994-08-01
688.0,458.0,CANADA,EAST,CONSUMER,FURNITURE,BED,3.0,1994.0,1994-09-01
650.0,195.0,CANADA,EAST,CONSUMER,FURNITURE,BED,4.0,1994.0,1994-10-01
447.0,658.0,CANADA,EAST,CONSUMER,FURNITURE,BED,4.0,1994.0,1994-11-01
91.0,704.0,CANADA,EAST,CONSUMER,FURNITURE,BED,4.0,1994.0,1994-12-01
197.0,807.0,CANADA,EAST,CONSUMER,OFFICE,TABLE,1.0,1993.0,1993-01-01
51.0,861.0,CANADA,EAST,CONSUMER,OFFICE,TABLE,1.0,1993.0,1993-02-01
570.0,873.0,CANADA,EAST,CONSUMER,OFFICE,TABLE,1.0,1993.0,1993-03-01
423.0,933.0,CANADA,EAST,CONSUMER,OFFICE,TABLE,2.0,1993.0,1993-04-01
524.0,355.0,CANADA,EAST,CONSUMER,OFFICE,TABLE,2.0,1993.0,1993-05-01
416.0,794.0,CANADA,EAST,CONSUMER,OFFICE,TABLE,2.0,1993.0,1993-06-01
789.0,645.0,CANADA,EAST,CONSUMER,OFFICE,TABLE,3.0,1993.0,1993-07-01
551.0,700.0,CANADA,EAST,CONSUMER,OFFICE,TABLE,3.0,1993.0,1993-08-01
400.0,831.0,CANADA,EAST,CONSUMER,OFFICE,TABLE,3.0,1993.0,1993-09-01
361.0,800.0,CANADA,EAST,CONSUMER,OFFICE,TABLE,4.0,1993.0,1993-10-01
189.0,830.0,CANADA,EAST,CONSUMER,OFFICE,TABLE,4.0,1993.0,1993-11-01
554.0,828.0,CANADA,EAST,CONSUMER,OFFICE,TABLE,4.0,1993.0,1993-12-01
585.0,12.0,CANADA,EAST,CONSUMER,OFFICE,TABLE,1.0,1994.0,1994-01-01
281.0,501.0,CANADA,EAST,CONSUMER,OFFICE,TABLE,1.0,1994.0,1994-02-01
629.0,914.0,CANADA,EAST,CONSUMER,OFFICE,TABLE,1.0,1994.0,1994-03-01
43.0,685.0,CANADA,EAST,CONSUMER,OFFICE,TABLE,2.0,1994.0,1994-04-01
533.0,755.0,CANADA,EAST,CONSUMER,OFFICE,TABLE,2.0,1994.0,1994-05-01
882.0,708.0,CANADA,EAST,CONSUMER,OFFICE,TABLE,2.0,1994.0,1994-06-01
790.0,595.0,CANADA,EAST,CONSUMER,OFFICE,TABLE,3.0,1994.0,1994-07-01
600.0,32.0,CANADA,EAST,CONSUMER,OFFICE,TABLE,3.0,1994.0,1994-08-01
148.0,49.0,CANADA,EAST,CONSUMER,OFFICE,TABLE,3.0,1994.0,1994-09-01
237.0,727.0,CANADA,EAST,CONSUMER,OFFICE,TABLE,4.0,1994.0,1994-10-01
488.0,239.0,CANADA,EAST,CONSUMER,OFFICE,TABLE,4.0,1994.0,1994-11-01
457.0,273.0,CANADA,EAST,CONSUMER,OFFICE,TABLE,4.0,1994.0,1994-12-01
401.0,986.0,CANADA,EAST,CONSUMER,OFFICE,CHAIR,1.0,1993.0,1993-01-01
181.0,544.0,CANADA,EAST,CONSUMER,OFFICE,CHAIR,1.0,1993.0,1993-02-01
995.0,182.0,CANADA,EAST,CONSUMER,OFFICE,CHAIR,1.0,1993.0,1993-03-01
120.0,197.0,CANADA,EAST,CONSUMER,OFFICE,CHAIR,2.0,1993.0,1993-04-01
119.0,435.0,CANADA,EAST,CONSUMER,OFFICE,CHAIR,2.0,1993.0,1993-05-01
319.0,974.0,CANADA,EAST,CONSUMER,OFFICE,CHAIR,2.0,1993.0,1993-06-01
333.0,524.0,CANADA,EAST,CONSUMER,OFFICE,CHAIR,3.0,1993.0,1993-07-01
923.0,688.0,CANADA,EAST,CONSUMER,OFFICE,CHAIR,3.0,1993.0,1993-08-01
634.0,750.0,CANADA,EAST,CONSUMER,OFFICE,CHAIR,3.0,1993.0,1993-09-01
493.0,155.0,CANADA,EAST,CONSUMER,OFFICE,CHAIR,4.0,1993.0,1993-10-01
461.0,860.0,CANADA,EAST,CONSUMER,OFFICE,CHAIR,4.0,1993.0,1993-11-01
304.0,102.0,CANADA,EAST,CONSUMER,OFFICE,CHAIR,4.0,1993.0,1993-12-01
641.0,425.0,CANADA,EAST,CONSUMER,OFFICE,CHAIR,1.0,1994.0,1994-01-01
992.0,224.0,CANADA,EAST,CONSUMER,OFFICE,CHAIR,1.0,1994.0,1994-02-01
202.0,408.0,CANADA,EAST,CONSUMER,OFFICE,CHAIR,1.0,1994.0,1994-03-01
770.0,524.0,CANADA,EAST,CONSUMER,OFFICE,CHAIR,2.0,1994.0,1994-04-01
202.0,816.0,CANADA,EAST,CONSUMER,OFFICE,CHAIR,2.0,1994.0,1994-05-01
14.0,515.0,CANADA,EAST,CONSUMER,OFFICE,CHAIR,2.0,1994.0,1994-06-01
134.0,793.0,CANADA,EAST,CONSUMER,OFFICE,CHAIR,3.0,1994.0,1994-07-01
977.0,460.0,CANADA,EAST,CONSUMER,OFFICE,CHAIR,3.0,1994.0,1994-08-01
174.0,732.0,CANADA,EAST,CONSUMER,OFFICE,CHAIR,3.0,1994.0,1994-09-01
429.0,435.0,CANADA,EAST,CONSUMER,OFFICE,CHAIR,4.0,1994.0,1994-10-01
514.0,38.0,CANADA,EAST,CONSUMER,OFFICE,CHAIR,4.0,1994.0,1994-11-01
784.0,616.0,CANADA,EAST,CONSUMER,OFFICE,CHAIR,4.0,1994.0,1994-12-01
973.0,225.0,CANADA,EAST,CONSUMER,OFFICE,DESK,1.0,1993.0,1993-01-01
511.0,402.0,CANADA,EAST,CONSUMER,OFFICE,DESK,1.0,1993.0,1993-02-01
30.0,697.0,CANADA,EAST,CONSUMER,OFFICE,DESK,1.0,1993.0,1993-03-01
895.0,567.0,CANADA,EAST,CONSUMER,OFFICE,DESK,2.0,1993.0,1993-04-01
557.0,231.0,CANADA,EAST,CONSUMER,OFFICE,DESK,2.0,1993.0,1993-05-01
282.0,372.0,CANADA,EAST,CONSUMER,OFFICE,DESK,2.0,1993.0,1993-06-01
909.0,15.0,CANADA,EAST,CONSUMER,OFFICE,DESK,3.0,1993.0,1993-07-01
276.0,866.0,CANADA,EAST,CONSUMER,OFFICE,DESK,3.0,1993.0,1993-08-01
234.0,452.0,CANADA,EAST,CONSUMER,OFFICE,DESK,3.0,1993.0,1993-09-01
479.0,663.0,CANADA,EAST,CONSUMER,OFFICE,DESK,4.0,1993.0,1993-10-01
782.0,982.0,CANADA,EAST,CONSUMER,OFFICE,DESK,4.0,1993.0,1993-11-01
755.0,813.0,CANADA,EAST,CONSUMER,OFFICE,DESK,4.0,1993.0,1993-12-01
689.0,523.0,CANADA,EAST,CONSUMER,OFFICE,DESK,1.0,1994.0,1994-01-01
496.0,871.0,CANADA,EAST,CONSUMER,OFFICE,DESK,1.0,1994.0,1994-02-01
24.0,511.0,CANADA,EAST,CONSUMER,OFFICE,DESK,1.0,1994.0,1994-03-01
379.0,819.0,CANADA,EAST,CONSUMER,OFFICE,DESK,2.0,1994.0,1994-04-01
441.0,525.0,CANADA,EAST,CONSUMER,OFFICE,DESK,2.0,1994.0,1994-05-01
49.0,13.0,CANADA,EAST,CONSUMER,OFFICE,DESK,2.0,1994.0,1994-06-01
243.0,694.0,CANADA,EAST,CONSUMER,OFFICE,DESK,3.0,1994.0,1994-07-01
295.0,782.0,CANADA,EAST,CONSUMER,OFFICE,DESK,3.0,1994.0,1994-08-01
395.0,839.0,CANADA,EAST,CONSUMER,OFFICE,DESK,3.0,1994.0,1994-09-01
929.0,461.0,CANADA,EAST,CONSUMER,OFFICE,DESK,4.0,1994.0,1994-10-01
997.0,303.0,CANADA,EAST,CONSUMER,OFFICE,DESK,4.0,1994.0,1994-11-01
889.0,421.0,CANADA,EAST,CONSUMER,OFFICE,DESK,4.0,1994.0,1994-12-01
72.0,421.0,CANADA,WEST,EDUCATION,FURNITURE,SOFA,1.0,1993.0,1993-01-01
926.0,433.0,CANADA,WEST,EDUCATION,FURNITURE,SOFA,1.0,1993.0,1993-02-01
850.0,394.0,CANADA,WEST,EDUCATION,FURNITURE,SOFA,1.0,1993.0,1993-03-01
826.0,338.0,CANADA,WEST,EDUCATION,FURNITURE,SOFA,2.0,1993.0,1993-04-01
651.0,764.0,CANADA,WEST,EDUCATION,FURNITURE,SOFA,2.0,1993.0,1993-05-01
854.0,216.0,CANADA,WEST,EDUCATION,FURNITURE,SOFA,2.0,1993.0,1993-06-01
899.0,96.0,CANADA,WEST,EDUCATION,FURNITURE,SOFA,3.0,1993.0,1993-07-01
309.0,550.0,CANADA,WEST,EDUCATION,FURNITURE,SOFA,3.0,1993.0,1993-08-01
943.0,636.0,CANADA,WEST,EDUCATION,FURNITURE,SOFA,3.0,1993.0,1993-09-01
138.0,427.0,CANADA,WEST,EDUCATION,FURNITURE,SOFA,4.0,1993.0,1993-10-01
99.0,652.0,CANADA,WEST,EDUCATION,FURNITURE,SOFA,4.0,1993.0,1993-11-01
270.0,478.0,CANADA,WEST,EDUCATION,FURNITURE,SOFA,4.0,1993.0,1993-12-01
862.0,18.0,CANADA,WEST,EDUCATION,FURNITURE,SOFA,1.0,1994.0,1994-01-01
574.0,40.0,CANADA,WEST,EDUCATION,FURNITURE,SOFA,1.0,1994.0,1994-02-01
359.0,453.0,CANADA,WEST,EDUCATION,FURNITURE,SOFA,1.0,1994.0,1994-03-01
958.0,987.0,CANADA,WEST,EDUCATION,FURNITURE,SOFA,2.0,1994.0,1994-04-01
791.0,26.0,CANADA,WEST,EDUCATION,FURNITURE,SOFA,2.0,1994.0,1994-05-01
284.0,101.0,CANADA,WEST,EDUCATION,FURNITURE,SOFA,2.0,1994.0,1994-06-01
190.0,969.0,CANADA,WEST,EDUCATION,FURNITURE,SOFA,3.0,1994.0,1994-07-01
527.0,492.0,CANADA,WEST,EDUCATION,FURNITURE,SOFA,3.0,1994.0,1994-08-01
112.0,263.0,CANADA,WEST,EDUCATION,FURNITURE,SOFA,3.0,1994.0,1994-09-01
271.0,593.0,CANADA,WEST,EDUCATION,FURNITURE,SOFA,4.0,1994.0,1994-10-01
643.0,923.0,CANADA,WEST,EDUCATION,FURNITURE,SOFA,4.0,1994.0,1994-11-01
554.0,146.0,CANADA,WEST,EDUCATION,FURNITURE,SOFA,4.0,1994.0,1994-12-01
211.0,305.0,CANADA,WEST,EDUCATION,FURNITURE,BED,1.0,1993.0,1993-01-01
368.0,318.0,CANADA,WEST,EDUCATION,FURNITURE,BED,1.0,1993.0,1993-02-01
778.0,417.0,CANADA,WEST,EDUCATION,FURNITURE,BED,1.0,1993.0,1993-03-01
808.0,623.0,CANADA,WEST,EDUCATION,FURNITURE,BED,2.0,1993.0,1993-04-01
46.0,761.0,CANADA,WEST,EDUCATION,FURNITURE,BED,2.0,1993.0,1993-05-01
466.0,272.0,CANADA,WEST,EDUCATION,FURNITURE,BED,2.0,1993.0,1993-06-01
18.0,988.0,CANADA,WEST,EDUCATION,FURNITURE,BED,3.0,1993.0,1993-07-01
87.0,821.0,CANADA,WEST,EDUCATION,FURNITURE,BED,3.0,1993.0,1993-08-01
765.0,962.0,CANADA,WEST,EDUCATION,FURNITURE,BED,3.0,1993.0,1993-09-01
62.0,615.0,CANADA,WEST,EDUCATION,FURNITURE,BED,4.0,1993.0,1993-10-01
13.0,523.0,CANADA,WEST,EDUCATION,FURNITURE,BED,4.0,1993.0,1993-11-01
775.0,806.0,CANADA,WEST,EDUCATION,FURNITURE,BED,4.0,1993.0,1993-12-01
636.0,586.0,CANADA,WEST,EDUCATION,FURNITURE,BED,1.0,1994.0,1994-01-01
458.0,520.0,CANADA,WEST,EDUCATION,FURNITURE,BED,1.0,1994.0,1994-02-01
206.0,908.0,CANADA,WEST,EDUCATION,FURNITURE,BED,1.0,1994.0,1994-03-01
310.0,30.0,CANADA,WEST,EDUCATION,FURNITURE,BED,2.0,1994.0,1994-04-01
813.0,247.0,CANADA,WEST,EDUCATION,FURNITURE,BED,2.0,1994.0,1994-05-01
22.0,647.0,CANADA,WEST,EDUCATION,FURNITURE,BED,2.0,1994.0,1994-06-01
742.0,55.0,CANADA,WEST,EDUCATION,FURNITURE,BED,3.0,1994.0,1994-07-01
394.0,154.0,CANADA,WEST,EDUCATION,FURNITURE,BED,3.0,1994.0,1994-08-01
957.0,344.0,CANADA,WEST,EDUCATION,FURNITURE,BED,3.0,1994.0,1994-09-01
205.0,95.0,CANADA,WEST,EDUCATION,FURNITURE,BED,4.0,1994.0,1994-10-01
198.0,665.0,CANADA,WEST,EDUCATION,FURNITURE,BED,4.0,1994.0,1994-11-01
638.0,145.0,CANADA,WEST,EDUCATION,FURNITURE,BED,4.0,1994.0,1994-12-01
155.0,925.0,CANADA,WEST,EDUCATION,OFFICE,TABLE,1.0,1993.0,1993-01-01
688.0,395.0,CANADA,WEST,EDUCATION,OFFICE,TABLE,1.0,1993.0,1993-02-01
730.0,749.0,CANADA,WEST,EDUCATION,OFFICE,TABLE,1.0,1993.0,1993-03-01
208.0,279.0,CANADA,WEST,EDUCATION,OFFICE,TABLE,2.0,1993.0,1993-04-01
525.0,288.0,CANADA,WEST,EDUCATION,OFFICE,TABLE,2.0,1993.0,1993-05-01
483.0,509.0,CANADA,WEST,EDUCATION,OFFICE,TABLE,2.0,1993.0,1993-06-01
748.0,255.0,CANADA,WEST,EDUCATION,OFFICE,TABLE,3.0,1993.0,1993-07-01
6.0,214.0,CANADA,WEST,EDUCATION,OFFICE,TABLE,3.0,1993.0,1993-08-01
168.0,473.0,CANADA,WEST,EDUCATION,OFFICE,TABLE,3.0,1993.0,1993-09-01
301.0,702.0,CANADA,WEST,EDUCATION,OFFICE,TABLE,4.0,1993.0,1993-10-01
9.0,814.0,CANADA,WEST,EDUCATION,OFFICE,TABLE,4.0,1993.0,1993-11-01
778.0,231.0,CANADA,WEST,EDUCATION,OFFICE,TABLE,4.0,1993.0,1993-12-01
799.0,422.0,CANADA,WEST,EDUCATION,OFFICE,TABLE,1.0,1994.0,1994-01-01
309.0,572.0,CANADA,WEST,EDUCATION,OFFICE,TABLE,1.0,1994.0,1994-02-01
433.0,363.0,CANADA,WEST,EDUCATION,OFFICE,TABLE,1.0,1994.0,1994-03-01
969.0,919.0,CANADA,WEST,EDUCATION,OFFICE,TABLE,2.0,1994.0,1994-04-01
181.0,355.0,CANADA,WEST,EDUCATION,OFFICE,TABLE,2.0,1994.0,1994-05-01
787.0,992.0,CANADA,WEST,EDUCATION,OFFICE,TABLE,2.0,1994.0,1994-06-01
971.0,147.0,CANADA,WEST,EDUCATION,OFFICE,TABLE,3.0,1994.0,1994-07-01
440.0,183.0,CANADA,WEST,EDUCATION,OFFICE,TABLE,3.0,1994.0,1994-08-01
209.0,375.0,CANADA,WEST,EDUCATION,OFFICE,TABLE,3.0,1994.0,1994-09-01
537.0,77.0,CANADA,WEST,EDUCATION,OFFICE,TABLE,4.0,1994.0,1994-10-01
364.0,308.0,CANADA,WEST,EDUCATION,OFFICE,TABLE,4.0,1994.0,1994-11-01
377.0,660.0,CANADA,WEST,EDUCATION,OFFICE,TABLE,4.0,1994.0,1994-12-01
251.0,555.0,CANADA,WEST,EDUCATION,OFFICE,CHAIR,1.0,1993.0,1993-01-01
607.0,455.0,CANADA,WEST,EDUCATION,OFFICE,CHAIR,1.0,1993.0,1993-02-01
127.0,888.0,CANADA,WEST,EDUCATION,OFFICE,CHAIR,1.0,1993.0,1993-03-01
513.0,652.0,CANADA,WEST,EDUCATION,OFFICE,CHAIR,2.0,1993.0,1993-04-01
146.0,799.0,CANADA,WEST,EDUCATION,OFFICE,CHAIR,2.0,1993.0,1993-05-01
917.0,249.0,CANADA,WEST,EDUCATION,OFFICE,CHAIR,2.0,1993.0,1993-06-01
776.0,539.0,CANADA,WEST,EDUCATION,OFFICE,CHAIR,3.0,1993.0,1993-07-01
330.0,198.0,CANADA,WEST,EDUCATION,OFFICE,CHAIR,3.0,1993.0,1993-08-01
981.0,340.0,CANADA,WEST,EDUCATION,OFFICE,CHAIR,3.0,1993.0,1993-09-01
862.0,152.0,CANADA,WEST,EDUCATION,OFFICE,CHAIR,4.0,1993.0,1993-10-01
612.0,347.0,CANADA,WEST,EDUCATION,OFFICE,CHAIR,4.0,1993.0,1993-11-01
607.0,565.0,CANADA,WEST,EDUCATION,OFFICE,CHAIR,4.0,1993.0,1993-12-01
786.0,855.0,CANADA,WEST,EDUCATION,OFFICE,CHAIR,1.0,1994.0,1994-01-01
160.0,87.0,CANADA,WEST,EDUCATION,OFFICE,CHAIR,1.0,1994.0,1994-02-01
199.0,69.0,CANADA,WEST,EDUCATION,OFFICE,CHAIR,1.0,1994.0,1994-03-01
972.0,807.0,CANADA,WEST,EDUCATION,OFFICE,CHAIR,2.0,1994.0,1994-04-01
870.0,565.0,CANADA,WEST,EDUCATION,OFFICE,CHAIR,2.0,1994.0,1994-05-01
494.0,798.0,CANADA,WEST,EDUCATION,OFFICE,CHAIR,2.0,1994.0,1994-06-01
975.0,714.0,CANADA,WEST,EDUCATION,OFFICE,CHAIR,3.0,1994.0,1994-07-01
760.0,17.0,CANADA,WEST,EDUCATION,OFFICE,CHAIR,3.0,1994.0,1994-08-01
180.0,797.0,CANADA,WEST,EDUCATION,OFFICE,CHAIR,3.0,1994.0,1994-09-01
256.0,422.0,CANADA,WEST,EDUCATION,OFFICE,CHAIR,4.0,1994.0,1994-10-01
422.0,621.0,CANADA,WEST,EDUCATION,OFFICE,CHAIR,4.0,1994.0,1994-11-01
859.0,661.0,CANADA,WEST,EDUCATION,OFFICE,CHAIR,4.0,1994.0,1994-12-01
586.0,363.0,CANADA,WEST,EDUCATION,OFFICE,DESK,1.0,1993.0,1993-01-01
441.0,910.0,CANADA,WEST,EDUCATION,OFFICE,DESK,1.0,1993.0,1993-02-01
597.0,998.0,CANADA,WEST,EDUCATION,OFFICE,DESK,1.0,1993.0,1993-03-01
717.0,95.0,CANADA,WEST,EDUCATION,OFFICE,DESK,2.0,1993.0,1993-04-01
713.0,731.0,CANADA,WEST,EDUCATION,OFFICE,DESK,2.0,1993.0,1993-05-01
591.0,718.0,CANADA,WEST,EDUCATION,OFFICE,DESK,2.0,1993.0,1993-06-01
492.0,467.0,CANADA,WEST,EDUCATION,OFFICE,DESK,3.0,1993.0,1993-07-01
170.0,126.0,CANADA,WEST,EDUCATION,OFFICE,DESK,3.0,1993.0,1993-08-01
684.0,127.0,CANADA,WEST,EDUCATION,OFFICE,DESK,3.0,1993.0,1993-09-01
981.0,746.0,CANADA,WEST,EDUCATION,OFFICE,DESK,4.0,1993.0,1993-10-01
966.0,878.0,CANADA,WEST,EDUCATION,OFFICE,DESK,4.0,1993.0,1993-11-01
439.0,27.0,CANADA,WEST,EDUCATION,OFFICE,DESK,4.0,1993.0,1993-12-01
151.0,569.0,CANADA,WEST,EDUCATION,OFFICE,DESK,1.0,1994.0,1994-01-01
602.0,812.0,CANADA,WEST,EDUCATION,OFFICE,DESK,1.0,1994.0,1994-02-01
187.0,603.0,CANADA,WEST,EDUCATION,OFFICE,DESK,1.0,1994.0,1994-03-01
415.0,506.0,CANADA,WEST,EDUCATION,OFFICE,DESK,2.0,1994.0,1994-04-01
61.0,185.0,CANADA,WEST,EDUCATION,OFFICE,DESK,2.0,1994.0,1994-05-01
839.0,692.0,CANADA,WEST,EDUCATION,OFFICE,DESK,2.0,1994.0,1994-06-01
596.0,565.0,CANADA,WEST,EDUCATION,OFFICE,DESK,3.0,1994.0,1994-07-01
751.0,512.0,CANADA,WEST,EDUCATION,OFFICE,DESK,3.0,1994.0,1994-08-01
460.0,86.0,CANADA,WEST,EDUCATION,OFFICE,DESK,3.0,1994.0,1994-09-01
922.0,399.0,CANADA,WEST,EDUCATION,OFFICE,DESK,4.0,1994.0,1994-10-01
153.0,672.0,CANADA,WEST,EDUCATION,OFFICE,DESK,4.0,1994.0,1994-11-01
928.0,801.0,CANADA,WEST,EDUCATION,OFFICE,DESK,4.0,1994.0,1994-12-01
951.0,730.0,CANADA,WEST,CONSUMER,FURNITURE,SOFA,1.0,1993.0,1993-01-01
394.0,408.0,CANADA,WEST,CONSUMER,FURNITURE,SOFA,1.0,1993.0,1993-02-01
615.0,982.0,CANADA,WEST,CONSUMER,FURNITURE,SOFA,1.0,1993.0,1993-03-01
653.0,499.0,CANADA,WEST,CONSUMER,FURNITURE,SOFA,2.0,1993.0,1993-04-01
180.0,307.0,CANADA,WEST,CONSUMER,FURNITURE,SOFA,2.0,1993.0,1993-05-01
649.0,741.0,CANADA,WEST,CONSUMER,FURNITURE,SOFA,2.0,1993.0,1993-06-01
921.0,640.0,CANADA,WEST,CONSUMER,FURNITURE,SOFA,3.0,1993.0,1993-07-01
11.0,300.0,CANADA,WEST,CONSUMER,FURNITURE,SOFA,3.0,1993.0,1993-08-01
696.0,929.0,CANADA,WEST,CONSUMER,FURNITURE,SOFA,3.0,1993.0,1993-09-01
795.0,309.0,CANADA,WEST,CONSUMER,FURNITURE,SOFA,4.0,1993.0,1993-10-01
550.0,340.0,CANADA,WEST,CONSUMER,FURNITURE,SOFA,4.0,1993.0,1993-11-01
320.0,228.0,CANADA,WEST,CONSUMER,FURNITURE,SOFA,4.0,1993.0,1993-12-01
845.0,1000.0,CANADA,WEST,CONSUMER,FURNITURE,SOFA,1.0,1994.0,1994-01-01
245.0,21.0,CANADA,WEST,CONSUMER,FURNITURE,SOFA,1.0,1994.0,1994-02-01
142.0,583.0,CANADA,WEST,CONSUMER,FURNITURE,SOFA,1.0,1994.0,1994-03-01
717.0,506.0,CANADA,WEST,CONSUMER,FURNITURE,SOFA,2.0,1994.0,1994-04-01
3.0,405.0,CANADA,WEST,CONSUMER,FURNITURE,SOFA,2.0,1994.0,1994-05-01
790.0,556.0,CANADA,WEST,CONSUMER,FURNITURE,SOFA,2.0,1994.0,1994-06-01
646.0,72.0,CANADA,WEST,CONSUMER,FURNITURE,SOFA,3.0,1994.0,1994-07-01
230.0,103.0,CANADA,WEST,CONSUMER,FURNITURE,SOFA,3.0,1994.0,1994-08-01
938.0,262.0,CANADA,WEST,CONSUMER,FURNITURE,SOFA,3.0,1994.0,1994-09-01
629.0,102.0,CANADA,WEST,CONSUMER,FURNITURE,SOFA,4.0,1994.0,1994-10-01
317.0,841.0,CANADA,WEST,CONSUMER,FURNITURE,SOFA,4.0,1994.0,1994-11-01
812.0,159.0,CANADA,WEST,CONSUMER,FURNITURE,SOFA,4.0,1994.0,1994-12-01
141.0,570.0,CANADA,WEST,CONSUMER,FURNITURE,BED,1.0,1993.0,1993-01-01
64.0,375.0,CANADA,WEST,CONSUMER,FURNITURE,BED,1.0,1993.0,1993-02-01
207.0,298.0,CANADA,WEST,CONSUMER,FURNITURE,BED,1.0,1993.0,1993-03-01
435.0,32.0,CANADA,WEST,CONSUMER,FURNITURE,BED,2.0,1993.0,1993-04-01
96.0,760.0,CANADA,WEST,CONSUMER,FURNITURE,BED,2.0,1993.0,1993-05-01
252.0,338.0,CANADA,WEST,CONSUMER,FURNITURE,BED,2.0,1993.0,1993-06-01
956.0,149.0,CANADA,WEST,CONSUMER,FURNITURE,BED,3.0,1993.0,1993-07-01
633.0,343.0,CANADA,WEST,CONSUMER,FURNITURE,BED,3.0,1993.0,1993-08-01
190.0,151.0,CANADA,WEST,CONSUMER,FURNITURE,BED,3.0,1993.0,1993-09-01
227.0,44.0,CANADA,WEST,CONSUMER,FURNITURE,BED,4.0,1993.0,1993-10-01
24.0,583.0,CANADA,WEST,CONSUMER,FURNITURE,BED,4.0,1993.0,1993-11-01
420.0,230.0,CANADA,WEST,CONSUMER,FURNITURE,BED,4.0,1993.0,1993-12-01
910.0,907.0,CANADA,WEST,CONSUMER,FURNITURE,BED,1.0,1994.0,1994-01-01
709.0,783.0,CANADA,WEST,CONSUMER,FURNITURE,BED,1.0,1994.0,1994-02-01
810.0,117.0,CANADA,WEST,CONSUMER,FURNITURE,BED,1.0,1994.0,1994-03-01
723.0,416.0,CANADA,WEST,CONSUMER,FURNITURE,BED,2.0,1994.0,1994-04-01
911.0,318.0,CANADA,WEST,CONSUMER,FURNITURE,BED,2.0,1994.0,1994-05-01
230.0,888.0,CANADA,WEST,CONSUMER,FURNITURE,BED,2.0,1994.0,1994-06-01
448.0,60.0,CANADA,WEST,CONSUMER,FURNITURE,BED,3.0,1994.0,1994-07-01
945.0,596.0,CANADA,WEST,CONSUMER,FURNITURE,BED,3.0,1994.0,1994-08-01
508.0,576.0,CANADA,WEST,CONSUMER,FURNITURE,BED,3.0,1994.0,1994-09-01
262.0,576.0,CANADA,WEST,CONSUMER,FURNITURE,BED,4.0,1994.0,1994-10-01
441.0,280.0,CANADA,WEST,CONSUMER,FURNITURE,BED,4.0,1994.0,1994-11-01
15.0,219.0,CANADA,WEST,CONSUMER,FURNITURE,BED,4.0,1994.0,1994-12-01
795.0,133.0,CANADA,WEST,CONSUMER,OFFICE,TABLE,1.0,1993.0,1993-01-01
301.0,273.0,CANADA,WEST,CONSUMER,OFFICE,TABLE,1.0,1993.0,1993-02-01
304.0,86.0,CANADA,WEST,CONSUMER,OFFICE,TABLE,1.0,1993.0,1993-03-01
49.0,400.0,CANADA,WEST,CONSUMER,OFFICE,TABLE,2.0,1993.0,1993-04-01
576.0,364.0,CANADA,WEST,CONSUMER,OFFICE,TABLE,2.0,1993.0,1993-05-01
669.0,63.0,CANADA,WEST,CONSUMER,OFFICE,TABLE,2.0,1993.0,1993-06-01
325.0,929.0,CANADA,WEST,CONSUMER,OFFICE,TABLE,3.0,1993.0,1993-07-01
272.0,344.0,CANADA,WEST,CONSUMER,OFFICE,TABLE,3.0,1993.0,1993-08-01
80.0,768.0,CANADA,WEST,CONSUMER,OFFICE,TABLE,3.0,1993.0,1993-09-01
46.0,668.0,CANADA,WEST,CONSUMER,OFFICE,TABLE,4.0,1993.0,1993-10-01
223.0,407.0,CANADA,WEST,CONSUMER,OFFICE,TABLE,4.0,1993.0,1993-11-01
774.0,536.0,CANADA,WEST,CONSUMER,OFFICE,TABLE,4.0,1993.0,1993-12-01
784.0,657.0,CANADA,WEST,CONSUMER,OFFICE,TABLE,1.0,1994.0,1994-01-01
92.0,215.0,CANADA,WEST,CONSUMER,OFFICE,TABLE,1.0,1994.0,1994-02-01
67.0,966.0,CANADA,WEST,CONSUMER,OFFICE,TABLE,1.0,1994.0,1994-03-01
747.0,674.0,CANADA,WEST,CONSUMER,OFFICE,TABLE,2.0,1994.0,1994-04-01
686.0,574.0,CANADA,WEST,CONSUMER,OFFICE,TABLE,2.0,1994.0,1994-05-01
93.0,266.0,CANADA,WEST,CONSUMER,OFFICE,TABLE,2.0,1994.0,1994-06-01
192.0,680.0,CANADA,WEST,CONSUMER,OFFICE,TABLE,3.0,1994.0,1994-07-01
51.0,362.0,CANADA,WEST,CONSUMER,OFFICE,TABLE,3.0,1994.0,1994-08-01
498.0,412.0,CANADA,WEST,CONSUMER,OFFICE,TABLE,3.0,1994.0,1994-09-01
546.0,431.0,CANADA,WEST,CONSUMER,OFFICE,TABLE,4.0,1994.0,1994-10-01
485.0,94.0,CANADA,WEST,CONSUMER,OFFICE,TABLE,4.0,1994.0,1994-11-01
925.0,345.0,CANADA,WEST,CONSUMER,OFFICE,TABLE,4.0,1994.0,1994-12-01
292.0,445.0,CANADA,WEST,CONSUMER,OFFICE,CHAIR,1.0,1993.0,1993-01-01
540.0,632.0,CANADA,WEST,CONSUMER,OFFICE,CHAIR,1.0,1993.0,1993-02-01
21.0,855.0,CANADA,WEST,CONSUMER,OFFICE,CHAIR,1.0,1993.0,1993-03-01
100.0,36.0,CANADA,WEST,CONSUMER,OFFICE,CHAIR,2.0,1993.0,1993-04-01
49.0,250.0,CANADA,WEST,CONSUMER,OFFICE,CHAIR,2.0,1993.0,1993-05-01
353.0,427.0,CANADA,WEST,CONSUMER,OFFICE,CHAIR,2.0,1993.0,1993-06-01
911.0,367.0,CANADA,WEST,CONSUMER,OFFICE,CHAIR,3.0,1993.0,1993-07-01
823.0,245.0,CANADA,WEST,CONSUMER,OFFICE,CHAIR,3.0,1993.0,1993-08-01
278.0,893.0,CANADA,WEST,CONSUMER,OFFICE,CHAIR,3.0,1993.0,1993-09-01
576.0,490.0,CANADA,WEST,CONSUMER,OFFICE,CHAIR,4.0,1993.0,1993-10-01
655.0,88.0,CANADA,WEST,CONSUMER,OFFICE,CHAIR,4.0,1993.0,1993-11-01
763.0,964.0,CANADA,WEST,CONSUMER,OFFICE,CHAIR,4.0,1993.0,1993-12-01
88.0,62.0,CANADA,WEST,CONSUMER,OFFICE,CHAIR,1.0,1994.0,1994-01-01
746.0,506.0,CANADA,WEST,CONSUMER,OFFICE,CHAIR,1.0,1994.0,1994-02-01
927.0,680.0,CANADA,WEST,CONSUMER,OFFICE,CHAIR,1.0,1994.0,1994-03-01
297.0,153.0,CANADA,WEST,CONSUMER,OFFICE,CHAIR,2.0,1994.0,1994-04-01
291.0,403.0,CANADA,WEST,CONSUMER,OFFICE,CHAIR,2.0,1994.0,1994-05-01
838.0,98.0,CANADA,WEST,CONSUMER,OFFICE,CHAIR,2.0,1994.0,1994-06-01
112.0,376.0,CANADA,WEST,CONSUMER,OFFICE,CHAIR,3.0,1994.0,1994-07-01
509.0,477.0,CANADA,WEST,CONSUMER,OFFICE,CHAIR,3.0,1994.0,1994-08-01
472.0,50.0,CANADA,WEST,CONSUMER,OFFICE,CHAIR,3.0,1994.0,1994-09-01
495.0,592.0,CANADA,WEST,CONSUMER,OFFICE,CHAIR,4.0,1994.0,1994-10-01
1000.0,813.0,CANADA,WEST,CONSUMER,OFFICE,CHAIR,4.0,1994.0,1994-11-01
241.0,740.0,CANADA,WEST,CONSUMER,OFFICE,CHAIR,4.0,1994.0,1994-12-01
693.0,873.0,CANADA,WEST,CONSUMER,OFFICE,DESK,1.0,1993.0,1993-01-01
903.0,459.0,CANADA,WEST,CONSUMER,OFFICE,DESK,1.0,1993.0,1993-02-01
791.0,224.0,CANADA,WEST,CONSUMER,OFFICE,DESK,1.0,1993.0,1993-03-01
108.0,562.0,CANADA,WEST,CONSUMER,OFFICE,DESK,2.0,1993.0,1993-04-01
845.0,199.0,CANADA,WEST,CONSUMER,OFFICE,DESK,2.0,1993.0,1993-05-01
452.0,275.0,CANADA,WEST,CONSUMER,OFFICE,DESK,2.0,1993.0,1993-06-01
479.0,355.0,CANADA,WEST,CONSUMER,OFFICE,DESK,3.0,1993.0,1993-07-01
410.0,947.0,CANADA,WEST,CONSUMER,OFFICE,DESK,3.0,1993.0,1993-08-01
379.0,454.0,CANADA,WEST,CONSUMER,OFFICE,DESK,3.0,1993.0,1993-09-01
740.0,450.0,CANADA,WEST,CONSUMER,OFFICE,DESK,4.0,1993.0,1993-10-01
471.0,575.0,CANADA,WEST,CONSUMER,OFFICE,DESK,4.0,1993.0,1993-11-01
325.0,6.0,CANADA,WEST,CONSUMER,OFFICE,DESK,4.0,1993.0,1993-12-01
455.0,847.0,CANADA,WEST,CONSUMER,OFFICE,DESK,1.0,1994.0,1994-01-01
563.0,338.0,CANADA,WEST,CONSUMER,OFFICE,DESK,1.0,1994.0,1994-02-01
879.0,517.0,CANADA,WEST,CONSUMER,OFFICE,DESK,1.0,1994.0,1994-03-01
312.0,630.0,CANADA,WEST,CONSUMER,OFFICE,DESK,2.0,1994.0,1994-04-01
587.0,381.0,CANADA,WEST,CONSUMER,OFFICE,DESK,2.0,1994.0,1994-05-01
628.0,864.0,CANADA,WEST,CONSUMER,OFFICE,DESK,2.0,1994.0,1994-06-01
486.0,416.0,CANADA,WEST,CONSUMER,OFFICE,DESK,3.0,1994.0,1994-07-01
811.0,852.0,CANADA,WEST,CONSUMER,OFFICE,DESK,3.0,1994.0,1994-08-01
990.0,815.0,CANADA,WEST,CONSUMER,OFFICE,DESK,3.0,1994.0,1994-09-01
35.0,23.0,CANADA,WEST,CONSUMER,OFFICE,DESK,4.0,1994.0,1994-10-01
764.0,527.0,CANADA,WEST,CONSUMER,OFFICE,DESK,4.0,1994.0,1994-11-01
619.0,693.0,CANADA,WEST,CONSUMER,OFFICE,DESK,4.0,1994.0,1994-12-01
996.0,977.0,GERMANY,EAST,EDUCATION,FURNITURE,SOFA,1.0,1993.0,1993-01-01
554.0,549.0,GERMANY,EAST,EDUCATION,FURNITURE,SOFA,1.0,1993.0,1993-02-01
540.0,951.0,GERMANY,EAST,EDUCATION,FURNITURE,SOFA,1.0,1993.0,1993-03-01
140.0,390.0,GERMANY,EAST,EDUCATION,FURNITURE,SOFA,2.0,1993.0,1993-04-01
554.0,204.0,GERMANY,EAST,EDUCATION,FURNITURE,SOFA,2.0,1993.0,1993-05-01
724.0,78.0,GERMANY,EAST,EDUCATION,FURNITURE,SOFA,2.0,1993.0,1993-06-01
693.0,613.0,GERMANY,EAST,EDUCATION,FURNITURE,SOFA,3.0,1993.0,1993-07-01
866.0,745.0,GERMANY,EAST,EDUCATION,FURNITURE,SOFA,3.0,1993.0,1993-08-01
833.0,56.0,GERMANY,EAST,EDUCATION,FURNITURE,SOFA,3.0,1993.0,1993-09-01
164.0,887.0,GERMANY,EAST,EDUCATION,FURNITURE,SOFA,4.0,1993.0,1993-10-01
753.0,651.0,GERMANY,EAST,EDUCATION,FURNITURE,SOFA,4.0,1993.0,1993-11-01
60.0,691.0,GERMANY,EAST,EDUCATION,FURNITURE,SOFA,4.0,1993.0,1993-12-01
688.0,767.0,GERMANY,EAST,EDUCATION,FURNITURE,SOFA,1.0,1994.0,1994-01-01
883.0,709.0,GERMANY,EAST,EDUCATION,FURNITURE,SOFA,1.0,1994.0,1994-02-01
109.0,417.0,GERMANY,EAST,EDUCATION,FURNITURE,SOFA,1.0,1994.0,1994-03-01
950.0,326.0,GERMANY,EAST,EDUCATION,FURNITURE,SOFA,2.0,1994.0,1994-04-01
438.0,599.0,GERMANY,EAST,EDUCATION,FURNITURE,SOFA,2.0,1994.0,1994-05-01
286.0,818.0,GERMANY,EAST,EDUCATION,FURNITURE,SOFA,2.0,1994.0,1994-06-01
342.0,13.0,GERMANY,EAST,EDUCATION,FURNITURE,SOFA,3.0,1994.0,1994-07-01
383.0,185.0,GERMANY,EAST,EDUCATION,FURNITURE,SOFA,3.0,1994.0,1994-08-01
80.0,140.0,GERMANY,EAST,EDUCATION,FURNITURE,SOFA,3.0,1994.0,1994-09-01
322.0,717.0,GERMANY,EAST,EDUCATION,FURNITURE,SOFA,4.0,1994.0,1994-10-01
749.0,852.0,GERMANY,EAST,EDUCATION,FURNITURE,SOFA,4.0,1994.0,1994-11-01
606.0,125.0,GERMANY,EAST,EDUCATION,FURNITURE,SOFA,4.0,1994.0,1994-12-01
641.0,325.0,GERMANY,EAST,EDUCATION,FURNITURE,BED,1.0,1993.0,1993-01-01
494.0,648.0,GERMANY,EAST,EDUCATION,FURNITURE,BED,1.0,1993.0,1993-02-01
428.0,365.0,GERMANY,EAST,EDUCATION,FURNITURE,BED,1.0,1993.0,1993-03-01
936.0,120.0,GERMANY,EAST,EDUCATION,FURNITURE,BED,2.0,1993.0,1993-04-01
597.0,347.0,GERMANY,EAST,EDUCATION,FURNITURE,BED,2.0,1993.0,1993-05-01
728.0,638.0,GERMANY,EAST,EDUCATION,FURNITURE,BED,2.0,1993.0,1993-06-01
933.0,732.0,GERMANY,EAST,EDUCATION,FURNITURE,BED,3.0,1993.0,1993-07-01
663.0,465.0,GERMANY,EAST,EDUCATION,FURNITURE,BED,3.0,1993.0,1993-08-01
394.0,262.0,GERMANY,EAST,EDUCATION,FURNITURE,BED,3.0,1993.0,1993-09-01
334.0,947.0,GERMANY,EAST,EDUCATION,FURNITURE,BED,4.0,1993.0,1993-10-01
114.0,694.0,GERMANY,EAST,EDUCATION,FURNITURE,BED,4.0,1993.0,1993-11-01
89.0,482.0,GERMANY,EAST,EDUCATION,FURNITURE,BED,4.0,1993.0,1993-12-01
874.0,600.0,GERMANY,EAST,EDUCATION,FURNITURE,BED,1.0,1994.0,1994-01-01
674.0,94.0,GERMANY,EAST,EDUCATION,FURNITURE,BED,1.0,1994.0,1994-02-01
347.0,323.0,GERMANY,EAST,EDUCATION,FURNITURE,BED,1.0,1994.0,1994-03-01
105.0,49.0,GERMANY,EAST,EDUCATION,FURNITURE,BED,2.0,1994.0,1994-04-01
286.0,70.0,GERMANY,EAST,EDUCATION,FURNITURE,BED,2.0,1994.0,1994-05-01
669.0,844.0,GERMANY,EAST,EDUCATION,FURNITURE,BED,2.0,1994.0,1994-06-01
786.0,773.0,GERMANY,EAST,EDUCATION,FURNITURE,BED,3.0,1994.0,1994-07-01
104.0,68.0,GERMANY,EAST,EDUCATION,FURNITURE,BED,3.0,1994.0,1994-08-01
770.0,110.0,GERMANY,EAST,EDUCATION,FURNITURE,BED,3.0,1994.0,1994-09-01
263.0,42.0,GERMANY,EAST,EDUCATION,FURNITURE,BED,4.0,1994.0,1994-10-01
900.0,171.0,GERMANY,EAST,EDUCATION,FURNITURE,BED,4.0,1994.0,1994-11-01
630.0,644.0,GERMANY,EAST,EDUCATION,FURNITURE,BED,4.0,1994.0,1994-12-01
597.0,408.0,GERMANY,EAST,EDUCATION,OFFICE,TABLE,1.0,1993.0,1993-01-01
185.0,45.0,GERMANY,EAST,EDUCATION,OFFICE,TABLE,1.0,1993.0,1993-02-01
175.0,522.0,GERMANY,EAST,EDUCATION,OFFICE,TABLE,1.0,1993.0,1993-03-01
576.0,166.0,GERMANY,EAST,EDUCATION,OFFICE,TABLE,2.0,1993.0,1993-04-01
957.0,885.0,GERMANY,EAST,EDUCATION,OFFICE,TABLE,2.0,1993.0,1993-05-01
993.0,713.0,GERMANY,EAST,EDUCATION,OFFICE,TABLE,2.0,1993.0,1993-06-01
500.0,838.0,GERMANY,EAST,EDUCATION,OFFICE,TABLE,3.0,1993.0,1993-07-01
410.0,267.0,GERMANY,EAST,EDUCATION,OFFICE,TABLE,3.0,1993.0,1993-08-01
592.0,967.0,GERMANY,EAST,EDUCATION,OFFICE,TABLE,3.0,1993.0,1993-09-01
64.0,529.0,GERMANY,EAST,EDUCATION,OFFICE,TABLE,4.0,1993.0,1993-10-01
208.0,656.0,GERMANY,EAST,EDUCATION,OFFICE,TABLE,4.0,1993.0,1993-11-01
273.0,665.0,GERMANY,EAST,EDUCATION,OFFICE,TABLE,4.0,1993.0,1993-12-01
906.0,419.0,GERMANY,EAST,EDUCATION,OFFICE,TABLE,1.0,1994.0,1994-01-01
429.0,776.0,GERMANY,EAST,EDUCATION,OFFICE,TABLE,1.0,1994.0,1994-02-01
961.0,971.0,GERMANY,EAST,EDUCATION,OFFICE,TABLE,1.0,1994.0,1994-03-01
338.0,248.0,GERMANY,EAST,EDUCATION,OFFICE,TABLE,2.0,1994.0,1994-04-01
472.0,486.0,GERMANY,EAST,EDUCATION,OFFICE,TABLE,2.0,1994.0,1994-05-01
903.0,674.0,GERMANY,EAST,EDUCATION,OFFICE,TABLE,2.0,1994.0,1994-06-01
299.0,603.0,GERMANY,EAST,EDUCATION,OFFICE,TABLE,3.0,1994.0,1994-07-01
948.0,492.0,GERMANY,EAST,EDUCATION,OFFICE,TABLE,3.0,1994.0,1994-08-01
931.0,512.0,GERMANY,EAST,EDUCATION,OFFICE,TABLE,3.0,1994.0,1994-09-01
570.0,391.0,GERMANY,EAST,EDUCATION,OFFICE,TABLE,4.0,1994.0,1994-10-01
97.0,313.0,GERMANY,EAST,EDUCATION,OFFICE,TABLE,4.0,1994.0,1994-11-01
674.0,758.0,GERMANY,EAST,EDUCATION,OFFICE,TABLE,4.0,1994.0,1994-12-01
468.0,304.0,GERMANY,EAST,EDUCATION,OFFICE,CHAIR,1.0,1993.0,1993-01-01
430.0,846.0,GERMANY,EAST,EDUCATION,OFFICE,CHAIR,1.0,1993.0,1993-02-01
893.0,912.0,GERMANY,EAST,EDUCATION,OFFICE,CHAIR,1.0,1993.0,1993-03-01
519.0,810.0,GERMANY,EAST,EDUCATION,OFFICE,CHAIR,2.0,1993.0,1993-04-01
267.0,122.0,GERMANY,EAST,EDUCATION,OFFICE,CHAIR,2.0,1993.0,1993-05-01
908.0,102.0,GERMANY,EAST,EDUCATION,OFFICE,CHAIR,2.0,1993.0,1993-06-01
176.0,161.0,GERMANY,EAST,EDUCATION,OFFICE,CHAIR,3.0,1993.0,1993-07-01
673.0,450.0,GERMANY,EAST,EDUCATION,OFFICE,CHAIR,3.0,1993.0,1993-08-01
798.0,215.0,GERMANY,EAST,EDUCATION,OFFICE,CHAIR,3.0,1993.0,1993-09-01
291.0,765.0,GERMANY,EAST,EDUCATION,OFFICE,CHAIR,4.0,1993.0,1993-10-01
583.0,557.0,GERMANY,EAST,EDUCATION,OFFICE,CHAIR,4.0,1993.0,1993-11-01
442.0,739.0,GERMANY,EAST,EDUCATION,OFFICE,CHAIR,4.0,1993.0,1993-12-01
951.0,811.0,GERMANY,EAST,EDUCATION,OFFICE,CHAIR,1.0,1994.0,1994-01-01
430.0,780.0,GERMANY,EAST,EDUCATION,OFFICE,CHAIR,1.0,1994.0,1994-02-01
559.0,645.0,GERMANY,EAST,EDUCATION,OFFICE,CHAIR,1.0,1994.0,1994-03-01
726.0,365.0,GERMANY,EAST,EDUCATION,OFFICE,CHAIR,2.0,1994.0,1994-04-01
944.0,597.0,GERMANY,EAST,EDUCATION,OFFICE,CHAIR,2.0,1994.0,1994-05-01
497.0,126.0,GERMANY,EAST,EDUCATION,OFFICE,CHAIR,2.0,1994.0,1994-06-01
388.0,655.0,GERMANY,EAST,EDUCATION,OFFICE,CHAIR,3.0,1994.0,1994-07-01
81.0,604.0,GERMANY,EAST,EDUCATION,OFFICE,CHAIR,3.0,1994.0,1994-08-01
111.0,280.0,GERMANY,EAST,EDUCATION,OFFICE,CHAIR,3.0,1994.0,1994-09-01
288.0,115.0,GERMANY,EAST,EDUCATION,OFFICE,CHAIR,4.0,1994.0,1994-10-01
845.0,205.0,GERMANY,EAST,EDUCATION,OFFICE,CHAIR,4.0,1994.0,1994-11-01
745.0,672.0,GERMANY,EAST,EDUCATION,OFFICE,CHAIR,4.0,1994.0,1994-12-01
352.0,339.0,GERMANY,EAST,EDUCATION,OFFICE,DESK,1.0,1993.0,1993-01-01
234.0,70.0,GERMANY,EAST,EDUCATION,OFFICE,DESK,1.0,1993.0,1993-02-01
167.0,528.0,GERMANY,EAST,EDUCATION,OFFICE,DESK,1.0,1993.0,1993-03-01
606.0,220.0,GERMANY,EAST,EDUCATION,OFFICE,DESK,2.0,1993.0,1993-04-01
670.0,691.0,GERMANY,EAST,EDUCATION,OFFICE,DESK,2.0,1993.0,1993-05-01
764.0,197.0,GERMANY,EAST,EDUCATION,OFFICE,DESK,2.0,1993.0,1993-06-01
659.0,239.0,GERMANY,EAST,EDUCATION,OFFICE,DESK,3.0,1993.0,1993-07-01
996.0,50.0,GERMANY,EAST,EDUCATION,OFFICE,DESK,3.0,1993.0,1993-08-01
424.0,135.0,GERMANY,EAST,EDUCATION,OFFICE,DESK,3.0,1993.0,1993-09-01
899.0,972.0,GERMANY,EAST,EDUCATION,OFFICE,DESK,4.0,1993.0,1993-10-01
392.0,475.0,GERMANY,EAST,EDUCATION,OFFICE,DESK,4.0,1993.0,1993-11-01
555.0,868.0,GERMANY,EAST,EDUCATION,OFFICE,DESK,4.0,1993.0,1993-12-01
860.0,451.0,GERMANY,EAST,EDUCATION,OFFICE,DESK,1.0,1994.0,1994-01-01
114.0,565.0,GERMANY,EAST,EDUCATION,OFFICE,DESK,1.0,1994.0,1994-02-01
943.0,116.0,GERMANY,EAST,EDUCATION,OFFICE,DESK,1.0,1994.0,1994-03-01
365.0,385.0,GERMANY,EAST,EDUCATION,OFFICE,DESK,2.0,1994.0,1994-04-01
249.0,375.0,GERMANY,EAST,EDUCATION,OFFICE,DESK,2.0,1994.0,1994-05-01
192.0,357.0,GERMANY,EAST,EDUCATION,OFFICE,DESK,2.0,1994.0,1994-06-01
328.0,230.0,GERMANY,EAST,EDUCATION,OFFICE,DESK,3.0,1994.0,1994-07-01
311.0,829.0,GERMANY,EAST,EDUCATION,OFFICE,DESK,3.0,1994.0,1994-08-01
576.0,971.0,GERMANY,EAST,EDUCATION,OFFICE,DESK,3.0,1994.0,1994-09-01
915.0,280.0,GERMANY,EAST,EDUCATION,OFFICE,DESK,4.0,1994.0,1994-10-01
522.0,853.0,GERMANY,EAST,EDUCATION,OFFICE,DESK,4.0,1994.0,1994-11-01
625.0,953.0,GERMANY,EAST,EDUCATION,OFFICE,DESK,4.0,1994.0,1994-12-01
873.0,874.0,GERMANY,EAST,CONSUMER,FURNITURE,SOFA,1.0,1993.0,1993-01-01
498.0,578.0,GERMANY,EAST,CONSUMER,FURNITURE,SOFA,1.0,1993.0,1993-02-01
808.0,768.0,GERMANY,EAST,CONSUMER,FURNITURE,SOFA,1.0,1993.0,1993-03-01
742.0,178.0,GERMANY,EAST,CONSUMER,FURNITURE,SOFA,2.0,1993.0,1993-04-01
744.0,916.0,GERMANY,EAST,CONSUMER,FURNITURE,SOFA,2.0,1993.0,1993-05-01
30.0,917.0,GERMANY,EAST,CONSUMER,FURNITURE,SOFA,2.0,1993.0,1993-06-01
747.0,633.0,GERMANY,EAST,CONSUMER,FURNITURE,SOFA,3.0,1993.0,1993-07-01
672.0,107.0,GERMANY,EAST,CONSUMER,FURNITURE,SOFA,3.0,1993.0,1993-08-01
564.0,523.0,GERMANY,EAST,CONSUMER,FURNITURE,SOFA,3.0,1993.0,1993-09-01
785.0,924.0,GERMANY,EAST,CONSUMER,FURNITURE,SOFA,4.0,1993.0,1993-10-01
825.0,481.0,GERMANY,EAST,CONSUMER,FURNITURE,SOFA,4.0,1993.0,1993-11-01
243.0,240.0,GERMANY,EAST,CONSUMER,FURNITURE,SOFA,4.0,1993.0,1993-12-01
959.0,819.0,GERMANY,EAST,CONSUMER,FURNITURE,SOFA,1.0,1994.0,1994-01-01
123.0,602.0,GERMANY,EAST,CONSUMER,FURNITURE,SOFA,1.0,1994.0,1994-02-01
714.0,538.0,GERMANY,EAST,CONSUMER,FURNITURE,SOFA,1.0,1994.0,1994-03-01
252.0,632.0,GERMANY,EAST,CONSUMER,FURNITURE,SOFA,2.0,1994.0,1994-04-01
715.0,952.0,GERMANY,EAST,CONSUMER,FURNITURE,SOFA,2.0,1994.0,1994-05-01
670.0,480.0,GERMANY,EAST,CONSUMER,FURNITURE,SOFA,2.0,1994.0,1994-06-01
81.0,700.0,GERMANY,EAST,CONSUMER,FURNITURE,SOFA,3.0,1994.0,1994-07-01
653.0,726.0,GERMANY,EAST,CONSUMER,FURNITURE,SOFA,3.0,1994.0,1994-08-01
795.0,526.0,GERMANY,EAST,CONSUMER,FURNITURE,SOFA,3.0,1994.0,1994-09-01
182.0,410.0,GERMANY,EAST,CONSUMER,FURNITURE,SOFA,4.0,1994.0,1994-10-01
725.0,307.0,GERMANY,EAST,CONSUMER,FURNITURE,SOFA,4.0,1994.0,1994-11-01
101.0,73.0,GERMANY,EAST,CONSUMER,FURNITURE,SOFA,4.0,1994.0,1994-12-01
143.0,232.0,GERMANY,EAST,CONSUMER,FURNITURE,BED,1.0,1993.0,1993-01-01
15.0,993.0,GERMANY,EAST,CONSUMER,FURNITURE,BED,1.0,1993.0,1993-02-01
742.0,652.0,GERMANY,EAST,CONSUMER,FURNITURE,BED,1.0,1993.0,1993-03-01
339.0,761.0,GERMANY,EAST,CONSUMER,FURNITURE,BED,2.0,1993.0,1993-04-01
39.0,428.0,GERMANY,EAST,CONSUMER,FURNITURE,BED,2.0,1993.0,1993-05-01
465.0,4.0,GERMANY,EAST,CONSUMER,FURNITURE,BED,2.0,1993.0,1993-06-01
889.0,101.0,GERMANY,EAST,CONSUMER,FURNITURE,BED,3.0,1993.0,1993-07-01
856.0,869.0,GERMANY,EAST,CONSUMER,FURNITURE,BED,3.0,1993.0,1993-08-01
358.0,271.0,GERMANY,EAST,CONSUMER,FURNITURE,BED,3.0,1993.0,1993-09-01
452.0,633.0,GERMANY,EAST,CONSUMER,FURNITURE,BED,4.0,1993.0,1993-10-01
387.0,481.0,GERMANY,EAST,CONSUMER,FURNITURE,BED,4.0,1993.0,1993-11-01
824.0,302.0,GERMANY,EAST,CONSUMER,FURNITURE,BED,4.0,1993.0,1993-12-01
185.0,245.0,GERMANY,EAST,CONSUMER,FURNITURE,BED,1.0,1994.0,1994-01-01
151.0,941.0,GERMANY,EAST,CONSUMER,FURNITURE,BED,1.0,1994.0,1994-02-01
419.0,721.0,GERMANY,EAST,CONSUMER,FURNITURE,BED,1.0,1994.0,1994-03-01
643.0,893.0,GERMANY,EAST,CONSUMER,FURNITURE,BED,2.0,1994.0,1994-04-01
63.0,898.0,GERMANY,EAST,CONSUMER,FURNITURE,BED,2.0,1994.0,1994-05-01
202.0,94.0,GERMANY,EAST,CONSUMER,FURNITURE,BED,2.0,1994.0,1994-06-01
332.0,962.0,GERMANY,EAST,CONSUMER,FURNITURE,BED,3.0,1994.0,1994-07-01
723.0,71.0,GERMANY,EAST,CONSUMER,FURNITURE,BED,3.0,1994.0,1994-08-01
148.0,108.0,GERMANY,EAST,CONSUMER,FURNITURE,BED,3.0,1994.0,1994-09-01
840.0,71.0,GERMANY,EAST,CONSUMER,FURNITURE,BED,4.0,1994.0,1994-10-01
601.0,767.0,GERMANY,EAST,CONSUMER,FURNITURE,BED,4.0,1994.0,1994-11-01
962.0,323.0,GERMANY,EAST,CONSUMER,FURNITURE,BED,4.0,1994.0,1994-12-01
166.0,982.0,GERMANY,EAST,CONSUMER,OFFICE,TABLE,1.0,1993.0,1993-01-01
531.0,614.0,GERMANY,EAST,CONSUMER,OFFICE,TABLE,1.0,1993.0,1993-02-01
963.0,839.0,GERMANY,EAST,CONSUMER,OFFICE,TABLE,1.0,1993.0,1993-03-01
994.0,388.0,GERMANY,EAST,CONSUMER,OFFICE,TABLE,2.0,1993.0,1993-04-01
978.0,296.0,GERMANY,EAST,CONSUMER,OFFICE,TABLE,2.0,1993.0,1993-05-01
72.0,429.0,GERMANY,EAST,CONSUMER,OFFICE,TABLE,2.0,1993.0,1993-06-01
33.0,901.0,GERMANY,EAST,CONSUMER,OFFICE,TABLE,3.0,1993.0,1993-07-01
428.0,350.0,GERMANY,EAST,CONSUMER,OFFICE,TABLE,3.0,1993.0,1993-08-01
413.0,581.0,GERMANY,EAST,CONSUMER,OFFICE,TABLE,3.0,1993.0,1993-09-01
737.0,583.0,GERMANY,EAST,CONSUMER,OFFICE,TABLE,4.0,1993.0,1993-10-01
85.0,92.0,GERMANY,EAST,CONSUMER,OFFICE,TABLE,4.0,1993.0,1993-11-01
916.0,647.0,GERMANY,EAST,CONSUMER,OFFICE,TABLE,4.0,1993.0,1993-12-01
785.0,771.0,GERMANY,EAST,CONSUMER,OFFICE,TABLE,1.0,1994.0,1994-01-01
302.0,26.0,GERMANY,EAST,CONSUMER,OFFICE,TABLE,1.0,1994.0,1994-02-01
1000.0,598.0,GERMANY,EAST,CONSUMER,OFFICE,TABLE,1.0,1994.0,1994-03-01
458.0,715.0,GERMANY,EAST,CONSUMER,OFFICE,TABLE,2.0,1994.0,1994-04-01
896.0,74.0,GERMANY,EAST,CONSUMER,OFFICE,TABLE,2.0,1994.0,1994-05-01
615.0,580.0,GERMANY,EAST,CONSUMER,OFFICE,TABLE,2.0,1994.0,1994-06-01
174.0,848.0,GERMANY,EAST,CONSUMER,OFFICE,TABLE,3.0,1994.0,1994-07-01
651.0,118.0,GERMANY,EAST,CONSUMER,OFFICE,TABLE,3.0,1994.0,1994-08-01
784.0,54.0,GERMANY,EAST,CONSUMER,OFFICE,TABLE,3.0,1994.0,1994-09-01
121.0,929.0,GERMANY,EAST,CONSUMER,OFFICE,TABLE,4.0,1994.0,1994-10-01
341.0,393.0,GERMANY,EAST,CONSUMER,OFFICE,TABLE,4.0,1994.0,1994-11-01
615.0,820.0,GERMANY,EAST,CONSUMER,OFFICE,TABLE,4.0,1994.0,1994-12-01
697.0,336.0,GERMANY,EAST,CONSUMER,OFFICE,CHAIR,1.0,1993.0,1993-01-01
215.0,299.0,GERMANY,EAST,CONSUMER,OFFICE,CHAIR,1.0,1993.0,1993-02-01
197.0,747.0,GERMANY,EAST,CONSUMER,OFFICE,CHAIR,1.0,1993.0,1993-03-01
205.0,154.0,GERMANY,EAST,CONSUMER,OFFICE,CHAIR,2.0,1993.0,1993-04-01
256.0,486.0,GERMANY,EAST,CONSUMER,OFFICE,CHAIR,2.0,1993.0,1993-05-01
377.0,251.0,GERMANY,EAST,CONSUMER,OFFICE,CHAIR,2.0,1993.0,1993-06-01
577.0,225.0,GERMANY,EAST,CONSUMER,OFFICE,CHAIR,3.0,1993.0,1993-07-01
686.0,77.0,GERMANY,EAST,CONSUMER,OFFICE,CHAIR,3.0,1993.0,1993-08-01
332.0,74.0,GERMANY,EAST,CONSUMER,OFFICE,CHAIR,3.0,1993.0,1993-09-01
534.0,596.0,GERMANY,EAST,CONSUMER,OFFICE,CHAIR,4.0,1993.0,1993-10-01
485.0,493.0,GERMANY,EAST,CONSUMER,OFFICE,CHAIR,4.0,1993.0,1993-11-01
594.0,782.0,GERMANY,EAST,CONSUMER,OFFICE,CHAIR,4.0,1993.0,1993-12-01
413.0,487.0,GERMANY,EAST,CONSUMER,OFFICE,CHAIR,1.0,1994.0,1994-01-01
13.0,127.0,GERMANY,EAST,CONSUMER,OFFICE,CHAIR,1.0,1994.0,1994-02-01
483.0,538.0,GERMANY,EAST,CONSUMER,OFFICE,CHAIR,1.0,1994.0,1994-03-01
820.0,94.0,GERMANY,EAST,CONSUMER,OFFICE,CHAIR,2.0,1994.0,1994-04-01
745.0,252.0,GERMANY,EAST,CONSUMER,OFFICE,CHAIR,2.0,1994.0,1994-05-01
79.0,722.0,GERMANY,EAST,CONSUMER,OFFICE,CHAIR,2.0,1994.0,1994-06-01
36.0,536.0,GERMANY,EAST,CONSUMER,OFFICE,CHAIR,3.0,1994.0,1994-07-01
950.0,958.0,GERMANY,EAST,CONSUMER,OFFICE,CHAIR,3.0,1994.0,1994-08-01
74.0,466.0,GERMANY,EAST,CONSUMER,OFFICE,CHAIR,3.0,1994.0,1994-09-01
458.0,309.0,GERMANY,EAST,CONSUMER,OFFICE,CHAIR,4.0,1994.0,1994-10-01
609.0,680.0,GERMANY,EAST,CONSUMER,OFFICE,CHAIR,4.0,1994.0,1994-11-01
429.0,539.0,GERMANY,EAST,CONSUMER,OFFICE,CHAIR,4.0,1994.0,1994-12-01
956.0,511.0,GERMANY,EAST,CONSUMER,OFFICE,DESK,1.0,1993.0,1993-01-01
205.0,505.0,GERMANY,EAST,CONSUMER,OFFICE,DESK,1.0,1993.0,1993-02-01
629.0,720.0,GERMANY,EAST,CONSUMER,OFFICE,DESK,1.0,1993.0,1993-03-01
277.0,823.0,GERMANY,EAST,CONSUMER,OFFICE,DESK,2.0,1993.0,1993-04-01
266.0,21.0,GERMANY,EAST,CONSUMER,OFFICE,DESK,2.0,1993.0,1993-05-01
872.0,142.0,GERMANY,EAST,CONSUMER,OFFICE,DESK,2.0,1993.0,1993-06-01
435.0,95.0,GERMANY,EAST,CONSUMER,OFFICE,DESK,3.0,1993.0,1993-07-01
988.0,398.0,GERMANY,EAST,CONSUMER,OFFICE,DESK,3.0,1993.0,1993-08-01
953.0,328.0,GERMANY,EAST,CONSUMER,OFFICE,DESK,3.0,1993.0,1993-09-01
556.0,151.0,GERMANY,EAST,CONSUMER,OFFICE,DESK,4.0,1993.0,1993-10-01
211.0,978.0,GERMANY,EAST,CONSUMER,OFFICE,DESK,4.0,1993.0,1993-11-01
389.0,918.0,GERMANY,EAST,CONSUMER,OFFICE,DESK,4.0,1993.0,1993-12-01
351.0,542.0,GERMANY,EAST,CONSUMER,OFFICE,DESK,1.0,1994.0,1994-01-01
14.0,96.0,GERMANY,EAST,CONSUMER,OFFICE,DESK,1.0,1994.0,1994-02-01
181.0,496.0,GERMANY,EAST,CONSUMER,OFFICE,DESK,1.0,1994.0,1994-03-01
452.0,77.0,GERMANY,EAST,CONSUMER,OFFICE,DESK,2.0,1994.0,1994-04-01
511.0,236.0,GERMANY,EAST,CONSUMER,OFFICE,DESK,2.0,1994.0,1994-05-01
193.0,913.0,GERMANY,EAST,CONSUMER,OFFICE,DESK,2.0,1994.0,1994-06-01
797.0,49.0,GERMANY,EAST,CONSUMER,OFFICE,DESK,3.0,1994.0,1994-07-01
988.0,967.0,GERMANY,EAST,CONSUMER,OFFICE,DESK,3.0,1994.0,1994-08-01
487.0,502.0,GERMANY,EAST,CONSUMER,OFFICE,DESK,3.0,1994.0,1994-09-01
941.0,790.0,GERMANY,EAST,CONSUMER,OFFICE,DESK,4.0,1994.0,1994-10-01
577.0,121.0,GERMANY,EAST,CONSUMER,OFFICE,DESK,4.0,1994.0,1994-11-01
456.0,55.0,GERMANY,EAST,CONSUMER,OFFICE,DESK,4.0,1994.0,1994-12-01
982.0,739.0,GERMANY,WEST,EDUCATION,FURNITURE,SOFA,1.0,1993.0,1993-01-01
593.0,683.0,GERMANY,WEST,EDUCATION,FURNITURE,SOFA,1.0,1993.0,1993-02-01
702.0,610.0,GERMANY,WEST,EDUCATION,FURNITURE,SOFA,1.0,1993.0,1993-03-01
528.0,248.0,GERMANY,WEST,EDUCATION,FURNITURE,SOFA,2.0,1993.0,1993-04-01
873.0,530.0,GERMANY,WEST,EDUCATION,FURNITURE,SOFA,2.0,1993.0,1993-05-01
301.0,889.0,GERMANY,WEST,EDUCATION,FURNITURE,SOFA,2.0,1993.0,1993-06-01
769.0,245.0,GERMANY,WEST,EDUCATION,FURNITURE,SOFA,3.0,1993.0,1993-07-01
724.0,473.0,GERMANY,WEST,EDUCATION,FURNITURE,SOFA,3.0,1993.0,1993-08-01
466.0,938.0,GERMANY,WEST,EDUCATION,FURNITURE,SOFA,3.0,1993.0,1993-09-01
774.0,150.0,GERMANY,WEST,EDUCATION,FURNITURE,SOFA,4.0,1993.0,1993-10-01
111.0,772.0,GERMANY,WEST,EDUCATION,FURNITURE,SOFA,4.0,1993.0,1993-11-01
954.0,201.0,GERMANY,WEST,EDUCATION,FURNITURE,SOFA,4.0,1993.0,1993-12-01
780.0,945.0,GERMANY,WEST,EDUCATION,FURNITURE,SOFA,1.0,1994.0,1994-01-01
210.0,177.0,GERMANY,WEST,EDUCATION,FURNITURE,SOFA,1.0,1994.0,1994-02-01
93.0,378.0,GERMANY,WEST,EDUCATION,FURNITURE,SOFA,1.0,1994.0,1994-03-01
332.0,83.0,GERMANY,WEST,EDUCATION,FURNITURE,SOFA,2.0,1994.0,1994-04-01
186.0,803.0,GERMANY,WEST,EDUCATION,FURNITURE,SOFA,2.0,1994.0,1994-05-01
782.0,398.0,GERMANY,WEST,EDUCATION,FURNITURE,SOFA,2.0,1994.0,1994-06-01
41.0,215.0,GERMANY,WEST,EDUCATION,FURNITURE,SOFA,3.0,1994.0,1994-07-01
222.0,194.0,GERMANY,WEST,EDUCATION,FURNITURE,SOFA,3.0,1994.0,1994-08-01
992.0,287.0,GERMANY,WEST,EDUCATION,FURNITURE,SOFA,3.0,1994.0,1994-09-01
477.0,410.0,GERMANY,WEST,EDUCATION,FURNITURE,SOFA,4.0,1994.0,1994-10-01
948.0,50.0,GERMANY,WEST,EDUCATION,FURNITURE,SOFA,4.0,1994.0,1994-11-01
817.0,204.0,GERMANY,WEST,EDUCATION,FURNITURE,SOFA,4.0,1994.0,1994-12-01
597.0,239.0,GERMANY,WEST,EDUCATION,FURNITURE,BED,1.0,1993.0,1993-01-01
649.0,637.0,GERMANY,WEST,EDUCATION,FURNITURE,BED,1.0,1993.0,1993-02-01
3.0,938.0,GERMANY,WEST,EDUCATION,FURNITURE,BED,1.0,1993.0,1993-03-01
731.0,788.0,GERMANY,WEST,EDUCATION,FURNITURE,BED,2.0,1993.0,1993-04-01
181.0,399.0,GERMANY,WEST,EDUCATION,FURNITURE,BED,2.0,1993.0,1993-05-01
468.0,576.0,GERMANY,WEST,EDUCATION,FURNITURE,BED,2.0,1993.0,1993-06-01
891.0,187.0,GERMANY,WEST,EDUCATION,FURNITURE,BED,3.0,1993.0,1993-07-01
226.0,703.0,GERMANY,WEST,EDUCATION,FURNITURE,BED,3.0,1993.0,1993-08-01
28.0,455.0,GERMANY,WEST,EDUCATION,FURNITURE,BED,3.0,1993.0,1993-09-01
609.0,244.0,GERMANY,WEST,EDUCATION,FURNITURE,BED,4.0,1993.0,1993-10-01
224.0,868.0,GERMANY,WEST,EDUCATION,FURNITURE,BED,4.0,1993.0,1993-11-01
230.0,353.0,GERMANY,WEST,EDUCATION,FURNITURE,BED,4.0,1993.0,1993-12-01
216.0,101.0,GERMANY,WEST,EDUCATION,FURNITURE,BED,1.0,1994.0,1994-01-01
282.0,924.0,GERMANY,WEST,EDUCATION,FURNITURE,BED,1.0,1994.0,1994-02-01
501.0,144.0,GERMANY,WEST,EDUCATION,FURNITURE,BED,1.0,1994.0,1994-03-01
320.0,0.0,GERMANY,WEST,EDUCATION,FURNITURE,BED,2.0,1994.0,1994-04-01
720.0,910.0,GERMANY,WEST,EDUCATION,FURNITURE,BED,2.0,1994.0,1994-05-01
464.0,259.0,GERMANY,WEST,EDUCATION,FURNITURE,BED,2.0,1994.0,1994-06-01
363.0,107.0,GERMANY,WEST,EDUCATION,FURNITURE,BED,3.0,1994.0,1994-07-01
49.0,63.0,GERMANY,WEST,EDUCATION,FURNITURE,BED,3.0,1994.0,1994-08-01
223.0,270.0,GERMANY,WEST,EDUCATION,FURNITURE,BED,3.0,1994.0,1994-09-01
452.0,554.0,GERMANY,WEST,EDUCATION,FURNITURE,BED,4.0,1994.0,1994-10-01
210.0,154.0,GERMANY,WEST,EDUCATION,FURNITURE,BED,4.0,1994.0,1994-11-01
444.0,205.0,GERMANY,WEST,EDUCATION,FURNITURE,BED,4.0,1994.0,1994-12-01
222.0,441.0,GERMANY,WEST,EDUCATION,OFFICE,TABLE,1.0,1993.0,1993-01-01
678.0,183.0,GERMANY,WEST,EDUCATION,OFFICE,TABLE,1.0,1993.0,1993-02-01
25.0,459.0,GERMANY,WEST,EDUCATION,OFFICE,TABLE,1.0,1993.0,1993-03-01
57.0,810.0,GERMANY,WEST,EDUCATION,OFFICE,TABLE,2.0,1993.0,1993-04-01
981.0,268.0,GERMANY,WEST,EDUCATION,OFFICE,TABLE,2.0,1993.0,1993-05-01
740.0,916.0,GERMANY,WEST,EDUCATION,OFFICE,TABLE,2.0,1993.0,1993-06-01
408.0,742.0,GERMANY,WEST,EDUCATION,OFFICE,TABLE,3.0,1993.0,1993-07-01
966.0,522.0,GERMANY,WEST,EDUCATION,OFFICE,TABLE,3.0,1993.0,1993-08-01
107.0,299.0,GERMANY,WEST,EDUCATION,OFFICE,TABLE,3.0,1993.0,1993-09-01
488.0,677.0,GERMANY,WEST,EDUCATION,OFFICE,TABLE,4.0,1993.0,1993-10-01
759.0,709.0,GERMANY,WEST,EDUCATION,OFFICE,TABLE,4.0,1993.0,1993-11-01
504.0,310.0,GERMANY,WEST,EDUCATION,OFFICE,TABLE,4.0,1993.0,1993-12-01
99.0,160.0,GERMANY,WEST,EDUCATION,OFFICE,TABLE,1.0,1994.0,1994-01-01
503.0,698.0,GERMANY,WEST,EDUCATION,OFFICE,TABLE,1.0,1994.0,1994-02-01
724.0,540.0,GERMANY,WEST,EDUCATION,OFFICE,TABLE,1.0,1994.0,1994-03-01
309.0,901.0,GERMANY,WEST,EDUCATION,OFFICE,TABLE,2.0,1994.0,1994-04-01
625.0,34.0,GERMANY,WEST,EDUCATION,OFFICE,TABLE,2.0,1994.0,1994-05-01
294.0,536.0,GERMANY,WEST,EDUCATION,OFFICE,TABLE,2.0,1994.0,1994-06-01
890.0,780.0,GERMANY,WEST,EDUCATION,OFFICE,TABLE,3.0,1994.0,1994-07-01
501.0,716.0,GERMANY,WEST,EDUCATION,OFFICE,TABLE,3.0,1994.0,1994-08-01
34.0,532.0,GERMANY,WEST,EDUCATION,OFFICE,TABLE,3.0,1994.0,1994-09-01
203.0,871.0,GERMANY,WEST,EDUCATION,OFFICE,TABLE,4.0,1994.0,1994-10-01
140.0,199.0,GERMANY,WEST,EDUCATION,OFFICE,TABLE,4.0,1994.0,1994-11-01
845.0,845.0,GERMANY,WEST,EDUCATION,OFFICE,TABLE,4.0,1994.0,1994-12-01
774.0,591.0,GERMANY,WEST,EDUCATION,OFFICE,CHAIR,1.0,1993.0,1993-01-01
645.0,378.0,GERMANY,WEST,EDUCATION,OFFICE,CHAIR,1.0,1993.0,1993-02-01
986.0,942.0,GERMANY,WEST,EDUCATION,OFFICE,CHAIR,1.0,1993.0,1993-03-01
296.0,686.0,GERMANY,WEST,EDUCATION,OFFICE,CHAIR,2.0,1993.0,1993-04-01
936.0,720.0,GERMANY,WEST,EDUCATION,OFFICE,CHAIR,2.0,1993.0,1993-05-01
341.0,546.0,GERMANY,WEST,EDUCATION,OFFICE,CHAIR,2.0,1993.0,1993-06-01
32.0,845.0,GERMANY,WEST,EDUCATION,OFFICE,CHAIR,3.0,1993.0,1993-07-01
277.0,667.0,GERMANY,WEST,EDUCATION,OFFICE,CHAIR,3.0,1993.0,1993-08-01
548.0,627.0,GERMANY,WEST,EDUCATION,OFFICE,CHAIR,3.0,1993.0,1993-09-01
727.0,142.0,GERMANY,WEST,EDUCATION,OFFICE,CHAIR,4.0,1993.0,1993-10-01
812.0,655.0,GERMANY,WEST,EDUCATION,OFFICE,CHAIR,4.0,1993.0,1993-11-01
168.0,556.0,GERMANY,WEST,EDUCATION,OFFICE,CHAIR,4.0,1993.0,1993-12-01
150.0,459.0,GERMANY,WEST,EDUCATION,OFFICE,CHAIR,1.0,1994.0,1994-01-01
136.0,89.0,GERMANY,WEST,EDUCATION,OFFICE,CHAIR,1.0,1994.0,1994-02-01
695.0,726.0,GERMANY,WEST,EDUCATION,OFFICE,CHAIR,1.0,1994.0,1994-03-01
363.0,38.0,GERMANY,WEST,EDUCATION,OFFICE,CHAIR,2.0,1994.0,1994-04-01
853.0,60.0,GERMANY,WEST,EDUCATION,OFFICE,CHAIR,2.0,1994.0,1994-05-01
621.0,369.0,GERMANY,WEST,EDUCATION,OFFICE,CHAIR,2.0,1994.0,1994-06-01
764.0,381.0,GERMANY,WEST,EDUCATION,OFFICE,CHAIR,3.0,1994.0,1994-07-01
669.0,465.0,GERMANY,WEST,EDUCATION,OFFICE,CHAIR,3.0,1994.0,1994-08-01
772.0,981.0,GERMANY,WEST,EDUCATION,OFFICE,CHAIR,3.0,1994.0,1994-09-01
228.0,758.0,GERMANY,WEST,EDUCATION,OFFICE,CHAIR,4.0,1994.0,1994-10-01
261.0,31.0,GERMANY,WEST,EDUCATION,OFFICE,CHAIR,4.0,1994.0,1994-11-01
821.0,237.0,GERMANY,WEST,EDUCATION,OFFICE,CHAIR,4.0,1994.0,1994-12-01
100.0,285.0,GERMANY,WEST,EDUCATION,OFFICE,DESK,1.0,1993.0,1993-01-01
465.0,94.0,GERMANY,WEST,EDUCATION,OFFICE,DESK,1.0,1993.0,1993-02-01
350.0,561.0,GERMANY,WEST,EDUCATION,OFFICE,DESK,1.0,1993.0,1993-03-01
991.0,143.0,GERMANY,WEST,EDUCATION,OFFICE,DESK,2.0,1993.0,1993-04-01
910.0,95.0,GERMANY,WEST,EDUCATION,OFFICE,DESK,2.0,1993.0,1993-05-01
206.0,341.0,GERMANY,WEST,EDUCATION,OFFICE,DESK,2.0,1993.0,1993-06-01
263.0,388.0,GERMANY,WEST,EDUCATION,OFFICE,DESK,3.0,1993.0,1993-07-01
374.0,272.0,GERMANY,WEST,EDUCATION,OFFICE,DESK,3.0,1993.0,1993-08-01
875.0,890.0,GERMANY,WEST,EDUCATION,OFFICE,DESK,3.0,1993.0,1993-09-01
810.0,734.0,GERMANY,WEST,EDUCATION,OFFICE,DESK,4.0,1993.0,1993-10-01
398.0,364.0,GERMANY,WEST,EDUCATION,OFFICE,DESK,4.0,1993.0,1993-11-01
565.0,619.0,GERMANY,WEST,EDUCATION,OFFICE,DESK,4.0,1993.0,1993-12-01
417.0,517.0,GERMANY,WEST,EDUCATION,OFFICE,DESK,1.0,1994.0,1994-01-01
291.0,781.0,GERMANY,WEST,EDUCATION,OFFICE,DESK,1.0,1994.0,1994-02-01
251.0,327.0,GERMANY,WEST,EDUCATION,OFFICE,DESK,1.0,1994.0,1994-03-01
449.0,48.0,GERMANY,WEST,EDUCATION,OFFICE,DESK,2.0,1994.0,1994-04-01
774.0,809.0,GERMANY,WEST,EDUCATION,OFFICE,DESK,2.0,1994.0,1994-05-01
386.0,73.0,GERMANY,WEST,EDUCATION,OFFICE,DESK,2.0,1994.0,1994-06-01
22.0,936.0,GERMANY,WEST,EDUCATION,OFFICE,DESK,3.0,1994.0,1994-07-01
940.0,400.0,GERMANY,WEST,EDUCATION,OFFICE,DESK,3.0,1994.0,1994-08-01
132.0,736.0,GERMANY,WEST,EDUCATION,OFFICE,DESK,3.0,1994.0,1994-09-01
103.0,211.0,GERMANY,WEST,EDUCATION,OFFICE,DESK,4.0,1994.0,1994-10-01
152.0,271.0,GERMANY,WEST,EDUCATION,OFFICE,DESK,4.0,1994.0,1994-11-01
952.0,855.0,GERMANY,WEST,EDUCATION,OFFICE,DESK,4.0,1994.0,1994-12-01
872.0,923.0,GERMANY,WEST,CONSUMER,FURNITURE,SOFA,1.0,1993.0,1993-01-01
748.0,854.0,GERMANY,WEST,CONSUMER,FURNITURE,SOFA,1.0,1993.0,1993-02-01
749.0,769.0,GERMANY,WEST,CONSUMER,FURNITURE,SOFA,1.0,1993.0,1993-03-01
876.0,271.0,GERMANY,WEST,CONSUMER,FURNITURE,SOFA,2.0,1993.0,1993-04-01
860.0,383.0,GERMANY,WEST,CONSUMER,FURNITURE,SOFA,2.0,1993.0,1993-05-01
900.0,29.0,GERMANY,WEST,CONSUMER,FURNITURE,SOFA,2.0,1993.0,1993-06-01
705.0,185.0,GERMANY,WEST,CONSUMER,FURNITURE,SOFA,3.0,1993.0,1993-07-01
913.0,351.0,GERMANY,WEST,CONSUMER,FURNITURE,SOFA,3.0,1993.0,1993-08-01
315.0,560.0,GERMANY,WEST,CONSUMER,FURNITURE,SOFA,3.0,1993.0,1993-09-01
466.0,840.0,GERMANY,WEST,CONSUMER,FURNITURE,SOFA,4.0,1993.0,1993-10-01
233.0,517.0,GERMANY,WEST,CONSUMER,FURNITURE,SOFA,4.0,1993.0,1993-11-01
906.0,949.0,GERMANY,WEST,CONSUMER,FURNITURE,SOFA,4.0,1993.0,1993-12-01
148.0,633.0,GERMANY,WEST,CONSUMER,FURNITURE,SOFA,1.0,1994.0,1994-01-01
661.0,636.0,GERMANY,WEST,CONSUMER,FURNITURE,SOFA,1.0,1994.0,1994-02-01
847.0,138.0,GERMANY,WEST,CONSUMER,FURNITURE,SOFA,1.0,1994.0,1994-03-01
768.0,481.0,GERMANY,WEST,CONSUMER,FURNITURE,SOFA,2.0,1994.0,1994-04-01
866.0,408.0,GERMANY,WEST,CONSUMER,FURNITURE,SOFA,2.0,1994.0,1994-05-01
475.0,130.0,GERMANY,WEST,CONSUMER,FURNITURE,SOFA,2.0,1994.0,1994-06-01
112.0,813.0,GERMANY,WEST,CONSUMER,FURNITURE,SOFA,3.0,1994.0,1994-07-01
136.0,661.0,GERMANY,WEST,CONSUMER,FURNITURE,SOFA,3.0,1994.0,1994-08-01
763.0,311.0,GERMANY,WEST,CONSUMER,FURNITURE,SOFA,3.0,1994.0,1994-09-01
388.0,872.0,GERMANY,WEST,CONSUMER,FURNITURE,SOFA,4.0,1994.0,1994-10-01
996.0,643.0,GERMANY,WEST,CONSUMER,FURNITURE,SOFA,4.0,1994.0,1994-11-01
486.0,174.0,GERMANY,WEST,CONSUMER,FURNITURE,SOFA,4.0,1994.0,1994-12-01
494.0,528.0,GERMANY,WEST,CONSUMER,FURNITURE,BED,1.0,1993.0,1993-01-01
771.0,124.0,GERMANY,WEST,CONSUMER,FURNITURE,BED,1.0,1993.0,1993-02-01
49.0,126.0,GERMANY,WEST,CONSUMER,FURNITURE,BED,1.0,1993.0,1993-03-01
322.0,440.0,GERMANY,WEST,CONSUMER,FURNITURE,BED,2.0,1993.0,1993-04-01
878.0,881.0,GERMANY,WEST,CONSUMER,FURNITURE,BED,2.0,1993.0,1993-05-01
827.0,292.0,GERMANY,WEST,CONSUMER,FURNITURE,BED,2.0,1993.0,1993-06-01
852.0,873.0,GERMANY,WEST,CONSUMER,FURNITURE,BED,3.0,1993.0,1993-07-01
716.0,357.0,GERMANY,WEST,CONSUMER,FURNITURE,BED,3.0,1993.0,1993-08-01
81.0,247.0,GERMANY,WEST,CONSUMER,FURNITURE,BED,3.0,1993.0,1993-09-01
916.0,18.0,GERMANY,WEST,CONSUMER,FURNITURE,BED,4.0,1993.0,1993-10-01
673.0,395.0,GERMANY,WEST,CONSUMER,FURNITURE,BED,4.0,1993.0,1993-11-01
242.0,620.0,GERMANY,WEST,CONSUMER,FURNITURE,BED,4.0,1993.0,1993-12-01
914.0,946.0,GERMANY,WEST,CONSUMER,FURNITURE,BED,1.0,1994.0,1994-01-01
902.0,72.0,GERMANY,WEST,CONSUMER,FURNITURE,BED,1.0,1994.0,1994-02-01
707.0,691.0,GERMANY,WEST,CONSUMER,FURNITURE,BED,1.0,1994.0,1994-03-01
223.0,95.0,GERMANY,WEST,CONSUMER,FURNITURE,BED,2.0,1994.0,1994-04-01
619.0,878.0,GERMANY,WEST,CONSUMER,FURNITURE,BED,2.0,1994.0,1994-05-01
254.0,757.0,GERMANY,WEST,CONSUMER,FURNITURE,BED,2.0,1994.0,1994-06-01
688.0,898.0,GERMANY,WEST,CONSUMER,FURNITURE,BED,3.0,1994.0,1994-07-01
477.0,172.0,GERMANY,WEST,CONSUMER,FURNITURE,BED,3.0,1994.0,1994-08-01
280.0,419.0,GERMANY,WEST,CONSUMER,FURNITURE,BED,3.0,1994.0,1994-09-01
546.0,849.0,GERMANY,WEST,CONSUMER,FURNITURE,BED,4.0,1994.0,1994-10-01
630.0,807.0,GERMANY,WEST,CONSUMER,FURNITURE,BED,4.0,1994.0,1994-11-01
455.0,599.0,GERMANY,WEST,CONSUMER,FURNITURE,BED,4.0,1994.0,1994-12-01
505.0,59.0,GERMANY,WEST,CONSUMER,OFFICE,TABLE,1.0,1993.0,1993-01-01
823.0,790.0,GERMANY,WEST,CONSUMER,OFFICE,TABLE,1.0,1993.0,1993-02-01
891.0,574.0,GERMANY,WEST,CONSUMER,OFFICE,TABLE,1.0,1993.0,1993-03-01
840.0,96.0,GERMANY,WEST,CONSUMER,OFFICE,TABLE,2.0,1993.0,1993-04-01
436.0,376.0,GERMANY,WEST,CONSUMER,OFFICE,TABLE,2.0,1993.0,1993-05-01
168.0,352.0,GERMANY,WEST,CONSUMER,OFFICE,TABLE,2.0,1993.0,1993-06-01
177.0,741.0,GERMANY,WEST,CONSUMER,OFFICE,TABLE,3.0,1993.0,1993-07-01
727.0,12.0,GERMANY,WEST,CONSUMER,OFFICE,TABLE,3.0,1993.0,1993-08-01
278.0,157.0,GERMANY,WEST,CONSUMER,OFFICE,TABLE,3.0,1993.0,1993-09-01
443.0,10.0,GERMANY,WEST,CONSUMER,OFFICE,TABLE,4.0,1993.0,1993-10-01
905.0,544.0,GERMANY,WEST,CONSUMER,OFFICE,TABLE,4.0,1993.0,1993-11-01
881.0,817.0,GERMANY,WEST,CONSUMER,OFFICE,TABLE,4.0,1993.0,1993-12-01
507.0,754.0,GERMANY,WEST,CONSUMER,OFFICE,TABLE,1.0,1994.0,1994-01-01
363.0,425.0,GERMANY,WEST,CONSUMER,OFFICE,TABLE,1.0,1994.0,1994-02-01
603.0,492.0,GERMANY,WEST,CONSUMER,OFFICE,TABLE,1.0,1994.0,1994-03-01
473.0,485.0,GERMANY,WEST,CONSUMER,OFFICE,TABLE,2.0,1994.0,1994-04-01
128.0,369.0,GERMANY,WEST,CONSUMER,OFFICE,TABLE,2.0,1994.0,1994-05-01
105.0,560.0,GERMANY,WEST,CONSUMER,OFFICE,TABLE,2.0,1994.0,1994-06-01
325.0,651.0,GERMANY,WEST,CONSUMER,OFFICE,TABLE,3.0,1994.0,1994-07-01
711.0,326.0,GERMANY,WEST,CONSUMER,OFFICE,TABLE,3.0,1994.0,1994-08-01
983.0,180.0,GERMANY,WEST,CONSUMER,OFFICE,TABLE,3.0,1994.0,1994-09-01
241.0,935.0,GERMANY,WEST,CONSUMER,OFFICE,TABLE,4.0,1994.0,1994-10-01
71.0,403.0,GERMANY,WEST,CONSUMER,OFFICE,TABLE,4.0,1994.0,1994-11-01
395.0,345.0,GERMANY,WEST,CONSUMER,OFFICE,TABLE,4.0,1994.0,1994-12-01
168.0,278.0,GERMANY,WEST,CONSUMER,OFFICE,CHAIR,1.0,1993.0,1993-01-01
512.0,376.0,GERMANY,WEST,CONSUMER,OFFICE,CHAIR,1.0,1993.0,1993-02-01
291.0,104.0,GERMANY,WEST,CONSUMER,OFFICE,CHAIR,1.0,1993.0,1993-03-01
776.0,543.0,GERMANY,WEST,CONSUMER,OFFICE,CHAIR,2.0,1993.0,1993-04-01
271.0,798.0,GERMANY,WEST,CONSUMER,OFFICE,CHAIR,2.0,1993.0,1993-05-01
946.0,333.0,GERMANY,WEST,CONSUMER,OFFICE,CHAIR,2.0,1993.0,1993-06-01
195.0,833.0,GERMANY,WEST,CONSUMER,OFFICE,CHAIR,3.0,1993.0,1993-07-01
165.0,132.0,GERMANY,WEST,CONSUMER,OFFICE,CHAIR,3.0,1993.0,1993-08-01
238.0,629.0,GERMANY,WEST,CONSUMER,OFFICE,CHAIR,3.0,1993.0,1993-09-01
409.0,337.0,GERMANY,WEST,CONSUMER,OFFICE,CHAIR,4.0,1993.0,1993-10-01
720.0,300.0,GERMANY,WEST,CONSUMER,OFFICE,CHAIR,4.0,1993.0,1993-11-01
309.0,470.0,GERMANY,WEST,CONSUMER,OFFICE,CHAIR,4.0,1993.0,1993-12-01
812.0,875.0,GERMANY,WEST,CONSUMER,OFFICE,CHAIR,1.0,1994.0,1994-01-01
441.0,237.0,GERMANY,WEST,CONSUMER,OFFICE,CHAIR,1.0,1994.0,1994-02-01
500.0,272.0,GERMANY,WEST,CONSUMER,OFFICE,CHAIR,1.0,1994.0,1994-03-01
517.0,860.0,GERMANY,WEST,CONSUMER,OFFICE,CHAIR,2.0,1994.0,1994-04-01
924.0,415.0,GERMANY,WEST,CONSUMER,OFFICE,CHAIR,2.0,1994.0,1994-05-01
572.0,140.0,GERMANY,WEST,CONSUMER,OFFICE,CHAIR,2.0,1994.0,1994-06-01
768.0,367.0,GERMANY,WEST,CONSUMER,OFFICE,CHAIR,3.0,1994.0,1994-07-01
692.0,195.0,GERMANY,WEST,CONSUMER,OFFICE,CHAIR,3.0,1994.0,1994-08-01
28.0,245.0,GERMANY,WEST,CONSUMER,OFFICE,CHAIR,3.0,1994.0,1994-09-01
202.0,285.0,GERMANY,WEST,CONSUMER,OFFICE,CHAIR,4.0,1994.0,1994-10-01
76.0,98.0,GERMANY,WEST,CONSUMER,OFFICE,CHAIR,4.0,1994.0,1994-11-01
421.0,932.0,GERMANY,WEST,CONSUMER,OFFICE,CHAIR,4.0,1994.0,1994-12-01
636.0,898.0,GERMANY,WEST,CONSUMER,OFFICE,DESK,1.0,1993.0,1993-01-01
52.0,330.0,GERMANY,WEST,CONSUMER,OFFICE,DESK,1.0,1993.0,1993-02-01
184.0,603.0,GERMANY,WEST,CONSUMER,OFFICE,DESK,1.0,1993.0,1993-03-01
739.0,280.0,GERMANY,WEST,CONSUMER,OFFICE,DESK,2.0,1993.0,1993-04-01
841.0,507.0,GERMANY,WEST,CONSUMER,OFFICE,DESK,2.0,1993.0,1993-05-01
65.0,202.0,GERMANY,WEST,CONSUMER,OFFICE,DESK,2.0,1993.0,1993-06-01
623.0,513.0,GERMANY,WEST,CONSUMER,OFFICE,DESK,3.0,1993.0,1993-07-01
517.0,132.0,GERMANY,WEST,CONSUMER,OFFICE,DESK,3.0,1993.0,1993-08-01
636.0,21.0,GERMANY,WEST,CONSUMER,OFFICE,DESK,3.0,1993.0,1993-09-01
845.0,657.0,GERMANY,WEST,CONSUMER,OFFICE,DESK,4.0,1993.0,1993-10-01
232.0,195.0,GERMANY,WEST,CONSUMER,OFFICE,DESK,4.0,1993.0,1993-11-01
26.0,323.0,GERMANY,WEST,CONSUMER,OFFICE,DESK,4.0,1993.0,1993-12-01
680.0,299.0,GERMANY,WEST,CONSUMER,OFFICE,DESK,1.0,1994.0,1994-01-01
364.0,811.0,GERMANY,WEST,CONSUMER,OFFICE,DESK,1.0,1994.0,1994-02-01
572.0,739.0,GERMANY,WEST,CONSUMER,OFFICE,DESK,1.0,1994.0,1994-03-01
145.0,889.0,GERMANY,WEST,CONSUMER,OFFICE,DESK,2.0,1994.0,1994-04-01
644.0,189.0,GERMANY,WEST,CONSUMER,OFFICE,DESK,2.0,1994.0,1994-05-01
87.0,698.0,GERMANY,WEST,CONSUMER,OFFICE,DESK,2.0,1994.0,1994-06-01
620.0,646.0,GERMANY,WEST,CONSUMER,OFFICE,DESK,3.0,1994.0,1994-07-01
535.0,562.0,GERMANY,WEST,CONSUMER,OFFICE,DESK,3.0,1994.0,1994-08-01
661.0,753.0,GERMANY,WEST,CONSUMER,OFFICE,DESK,3.0,1994.0,1994-09-01
884.0,425.0,GERMANY,WEST,CONSUMER,OFFICE,DESK,4.0,1994.0,1994-10-01
689.0,693.0,GERMANY,WEST,CONSUMER,OFFICE,DESK,4.0,1994.0,1994-11-01
646.0,941.0,GERMANY,WEST,CONSUMER,OFFICE,DESK,4.0,1994.0,1994-12-01
4.0,975.0,U.S.A.,EAST,EDUCATION,FURNITURE,SOFA,1.0,1993.0,1993-01-01
813.0,455.0,U.S.A.,EAST,EDUCATION,FURNITURE,SOFA,1.0,1993.0,1993-02-01
773.0,260.0,U.S.A.,EAST,EDUCATION,FURNITURE,SOFA,1.0,1993.0,1993-03-01
205.0,69.0,U.S.A.,EAST,EDUCATION,FURNITURE,SOFA,2.0,1993.0,1993-04-01
657.0,147.0,U.S.A.,EAST,EDUCATION,FURNITURE,SOFA,2.0,1993.0,1993-05-01
154.0,533.0,U.S.A.,EAST,EDUCATION,FURNITURE,SOFA,2.0,1993.0,1993-06-01
747.0,881.0,U.S.A.,EAST,EDUCATION,FURNITURE,SOFA,3.0,1993.0,1993-07-01
787.0,457.0,U.S.A.,EAST,EDUCATION,FURNITURE,SOFA,3.0,1993.0,1993-08-01
867.0,441.0,U.S.A.,EAST,EDUCATION,FURNITURE,SOFA,3.0,1993.0,1993-09-01
307.0,859.0,U.S.A.,EAST,EDUCATION,FURNITURE,SOFA,4.0,1993.0,1993-10-01
571.0,177.0,U.S.A.,EAST,EDUCATION,FURNITURE,SOFA,4.0,1993.0,1993-11-01
92.0,633.0,U.S.A.,EAST,EDUCATION,FURNITURE,SOFA,4.0,1993.0,1993-12-01
269.0,382.0,U.S.A.,EAST,EDUCATION,FURNITURE,SOFA,1.0,1994.0,1994-01-01
764.0,707.0,U.S.A.,EAST,EDUCATION,FURNITURE,SOFA,1.0,1994.0,1994-02-01
662.0,566.0,U.S.A.,EAST,EDUCATION,FURNITURE,SOFA,1.0,1994.0,1994-03-01
818.0,349.0,U.S.A.,EAST,EDUCATION,FURNITURE,SOFA,2.0,1994.0,1994-04-01
617.0,128.0,U.S.A.,EAST,EDUCATION,FURNITURE,SOFA,2.0,1994.0,1994-05-01
649.0,231.0,U.S.A.,EAST,EDUCATION,FURNITURE,SOFA,2.0,1994.0,1994-06-01
895.0,258.0,U.S.A.,EAST,EDUCATION,FURNITURE,SOFA,3.0,1994.0,1994-07-01
750.0,812.0,U.S.A.,EAST,EDUCATION,FURNITURE,SOFA,3.0,1994.0,1994-08-01
738.0,362.0,U.S.A.,EAST,EDUCATION,FURNITURE,SOFA,3.0,1994.0,1994-09-01
107.0,133.0,U.S.A.,EAST,EDUCATION,FURNITURE,SOFA,4.0,1994.0,1994-10-01
278.0,60.0,U.S.A.,EAST,EDUCATION,FURNITURE,SOFA,4.0,1994.0,1994-11-01
32.0,88.0,U.S.A.,EAST,EDUCATION,FURNITURE,SOFA,4.0,1994.0,1994-12-01
129.0,378.0,U.S.A.,EAST,EDUCATION,FURNITURE,BED,1.0,1993.0,1993-01-01
187.0,569.0,U.S.A.,EAST,EDUCATION,FURNITURE,BED,1.0,1993.0,1993-02-01
670.0,186.0,U.S.A.,EAST,EDUCATION,FURNITURE,BED,1.0,1993.0,1993-03-01
678.0,875.0,U.S.A.,EAST,EDUCATION,FURNITURE,BED,2.0,1993.0,1993-04-01
423.0,636.0,U.S.A.,EAST,EDUCATION,FURNITURE,BED,2.0,1993.0,1993-05-01
389.0,360.0,U.S.A.,EAST,EDUCATION,FURNITURE,BED,2.0,1993.0,1993-06-01
257.0,677.0,U.S.A.,EAST,EDUCATION,FURNITURE,BED,3.0,1993.0,1993-07-01
780.0,708.0,U.S.A.,EAST,EDUCATION,FURNITURE,BED,3.0,1993.0,1993-08-01
159.0,158.0,U.S.A.,EAST,EDUCATION,FURNITURE,BED,3.0,1993.0,1993-09-01
97.0,384.0,U.S.A.,EAST,EDUCATION,FURNITURE,BED,4.0,1993.0,1993-10-01
479.0,927.0,U.S.A.,EAST,EDUCATION,FURNITURE,BED,4.0,1993.0,1993-11-01
9.0,134.0,U.S.A.,EAST,EDUCATION,FURNITURE,BED,4.0,1993.0,1993-12-01
614.0,273.0,U.S.A.,EAST,EDUCATION,FURNITURE,BED,1.0,1994.0,1994-01-01
261.0,27.0,U.S.A.,EAST,EDUCATION,FURNITURE,BED,1.0,1994.0,1994-02-01
115.0,209.0,U.S.A.,EAST,EDUCATION,FURNITURE,BED,1.0,1994.0,1994-03-01
358.0,470.0,U.S.A.,EAST,EDUCATION,FURNITURE,BED,2.0,1994.0,1994-04-01
133.0,219.0,U.S.A.,EAST,EDUCATION,FURNITURE,BED,2.0,1994.0,1994-05-01
891.0,907.0,U.S.A.,EAST,EDUCATION,FURNITURE,BED,2.0,1994.0,1994-06-01
702.0,778.0,U.S.A.,EAST,EDUCATION,FURNITURE,BED,3.0,1994.0,1994-07-01
58.0,998.0,U.S.A.,EAST,EDUCATION,FURNITURE,BED,3.0,1994.0,1994-08-01
606.0,194.0,U.S.A.,EAST,EDUCATION,FURNITURE,BED,3.0,1994.0,1994-09-01
668.0,933.0,U.S.A.,EAST,EDUCATION,FURNITURE,BED,4.0,1994.0,1994-10-01
813.0,708.0,U.S.A.,EAST,EDUCATION,FURNITURE,BED,4.0,1994.0,1994-11-01
450.0,949.0,U.S.A.,EAST,EDUCATION,FURNITURE,BED,4.0,1994.0,1994-12-01
956.0,579.0,U.S.A.,EAST,EDUCATION,OFFICE,TABLE,1.0,1993.0,1993-01-01
276.0,131.0,U.S.A.,EAST,EDUCATION,OFFICE,TABLE,1.0,1993.0,1993-02-01
889.0,689.0,U.S.A.,EAST,EDUCATION,OFFICE,TABLE,1.0,1993.0,1993-03-01
708.0,908.0,U.S.A.,EAST,EDUCATION,OFFICE,TABLE,2.0,1993.0,1993-04-01
14.0,524.0,U.S.A.,EAST,EDUCATION,OFFICE,TABLE,2.0,1993.0,1993-05-01
904.0,336.0,U.S.A.,EAST,EDUCATION,OFFICE,TABLE,2.0,1993.0,1993-06-01
272.0,916.0,U.S.A.,EAST,EDUCATION,OFFICE,TABLE,3.0,1993.0,1993-07-01
257.0,236.0,U.S.A.,EAST,EDUCATION,OFFICE,TABLE,3.0,1993.0,1993-08-01
343.0,965.0,U.S.A.,EAST,EDUCATION,OFFICE,TABLE,3.0,1993.0,1993-09-01
80.0,350.0,U.S.A.,EAST,EDUCATION,OFFICE,TABLE,4.0,1993.0,1993-10-01
530.0,599.0,U.S.A.,EAST,EDUCATION,OFFICE,TABLE,4.0,1993.0,1993-11-01
340.0,901.0,U.S.A.,EAST,EDUCATION,OFFICE,TABLE,4.0,1993.0,1993-12-01
595.0,935.0,U.S.A.,EAST,EDUCATION,OFFICE,TABLE,1.0,1994.0,1994-01-01
47.0,667.0,U.S.A.,EAST,EDUCATION,OFFICE,TABLE,1.0,1994.0,1994-02-01
279.0,104.0,U.S.A.,EAST,EDUCATION,OFFICE,TABLE,1.0,1994.0,1994-03-01
293.0,803.0,U.S.A.,EAST,EDUCATION,OFFICE,TABLE,2.0,1994.0,1994-04-01
162.0,64.0,U.S.A.,EAST,EDUCATION,OFFICE,TABLE,2.0,1994.0,1994-05-01
935.0,825.0,U.S.A.,EAST,EDUCATION,OFFICE,TABLE,2.0,1994.0,1994-06-01
689.0,839.0,U.S.A.,EAST,EDUCATION,OFFICE,TABLE,3.0,1994.0,1994-07-01
484.0,184.0,U.S.A.,EAST,EDUCATION,OFFICE,TABLE,3.0,1994.0,1994-08-01
230.0,348.0,U.S.A.,EAST,EDUCATION,OFFICE,TABLE,3.0,1994.0,1994-09-01
164.0,904.0,U.S.A.,EAST,EDUCATION,OFFICE,TABLE,4.0,1994.0,1994-10-01
401.0,219.0,U.S.A.,EAST,EDUCATION,OFFICE,TABLE,4.0,1994.0,1994-11-01
607.0,381.0,U.S.A.,EAST,EDUCATION,OFFICE,TABLE,4.0,1994.0,1994-12-01
229.0,524.0,U.S.A.,EAST,EDUCATION,OFFICE,CHAIR,1.0,1993.0,1993-01-01
786.0,902.0,U.S.A.,EAST,EDUCATION,OFFICE,CHAIR,1.0,1993.0,1993-02-01
92.0,212.0,U.S.A.,EAST,EDUCATION,OFFICE,CHAIR,1.0,1993.0,1993-03-01
455.0,762.0,U.S.A.,EAST,EDUCATION,OFFICE,CHAIR,2.0,1993.0,1993-04-01
409.0,182.0,U.S.A.,EAST,EDUCATION,OFFICE,CHAIR,2.0,1993.0,1993-05-01
166.0,442.0,U.S.A.,EAST,EDUCATION,OFFICE,CHAIR,2.0,1993.0,1993-06-01
277.0,919.0,U.S.A.,EAST,EDUCATION,OFFICE,CHAIR,3.0,1993.0,1993-07-01
92.0,67.0,U.S.A.,EAST,EDUCATION,OFFICE,CHAIR,3.0,1993.0,1993-08-01
631.0,741.0,U.S.A.,EAST,EDUCATION,OFFICE,CHAIR,3.0,1993.0,1993-09-01
390.0,617.0,U.S.A.,EAST,EDUCATION,OFFICE,CHAIR,4.0,1993.0,1993-10-01
403.0,214.0,U.S.A.,EAST,EDUCATION,OFFICE,CHAIR,4.0,1993.0,1993-11-01
964.0,202.0,U.S.A.,EAST,EDUCATION,OFFICE,CHAIR,4.0,1993.0,1993-12-01
223.0,788.0,U.S.A.,EAST,EDUCATION,OFFICE,CHAIR,1.0,1994.0,1994-01-01
684.0,639.0,U.S.A.,EAST,EDUCATION,OFFICE,CHAIR,1.0,1994.0,1994-02-01
645.0,336.0,U.S.A.,EAST,EDUCATION,OFFICE,CHAIR,1.0,1994.0,1994-03-01
470.0,937.0,U.S.A.,EAST,EDUCATION,OFFICE,CHAIR,2.0,1994.0,1994-04-01
424.0,399.0,U.S.A.,EAST,EDUCATION,OFFICE,CHAIR,2.0,1994.0,1994-05-01
862.0,21.0,U.S.A.,EAST,EDUCATION,OFFICE,CHAIR,2.0,1994.0,1994-06-01
736.0,125.0,U.S.A.,EAST,EDUCATION,OFFICE,CHAIR,3.0,1994.0,1994-07-01
554.0,635.0,U.S.A.,EAST,EDUCATION,OFFICE,CHAIR,3.0,1994.0,1994-08-01
790.0,229.0,U.S.A.,EAST,EDUCATION,OFFICE,CHAIR,3.0,1994.0,1994-09-01
115.0,770.0,U.S.A.,EAST,EDUCATION,OFFICE,CHAIR,4.0,1994.0,1994-10-01
853.0,622.0,U.S.A.,EAST,EDUCATION,OFFICE,CHAIR,4.0,1994.0,1994-11-01
643.0,109.0,U.S.A.,EAST,EDUCATION,OFFICE,CHAIR,4.0,1994.0,1994-12-01
794.0,975.0,U.S.A.,EAST,EDUCATION,OFFICE,DESK,1.0,1993.0,1993-01-01
892.0,820.0,U.S.A.,EAST,EDUCATION,OFFICE,DESK,1.0,1993.0,1993-02-01
728.0,123.0,U.S.A.,EAST,EDUCATION,OFFICE,DESK,1.0,1993.0,1993-03-01
744.0,135.0,U.S.A.,EAST,EDUCATION,OFFICE,DESK,2.0,1993.0,1993-04-01
678.0,535.0,U.S.A.,EAST,EDUCATION,OFFICE,DESK,2.0,1993.0,1993-05-01
768.0,971.0,U.S.A.,EAST,EDUCATION,OFFICE,DESK,2.0,1993.0,1993-06-01
234.0,166.0,U.S.A.,EAST,EDUCATION,OFFICE,DESK,3.0,1993.0,1993-07-01
333.0,814.0,U.S.A.,EAST,EDUCATION,OFFICE,DESK,3.0,1993.0,1993-08-01
968.0,557.0,U.S.A.,EAST,EDUCATION,OFFICE,DESK,3.0,1993.0,1993-09-01
119.0,820.0,U.S.A.,EAST,EDUCATION,OFFICE,DESK,4.0,1993.0,1993-10-01
469.0,486.0,U.S.A.,EAST,EDUCATION,OFFICE,DESK,4.0,1993.0,1993-11-01
261.0,429.0,U.S.A.,EAST,EDUCATION,OFFICE,DESK,4.0,1993.0,1993-12-01
984.0,65.0,U.S.A.,EAST,EDUCATION,OFFICE,DESK,1.0,1994.0,1994-01-01
845.0,977.0,U.S.A.,EAST,EDUCATION,OFFICE,DESK,1.0,1994.0,1994-02-01
374.0,410.0,U.S.A.,EAST,EDUCATION,OFFICE,DESK,1.0,1994.0,1994-03-01
687.0,150.0,U.S.A.,EAST,EDUCATION,OFFICE,DESK,2.0,1994.0,1994-04-01
157.0,630.0,U.S.A.,EAST,EDUCATION,OFFICE,DESK,2.0,1994.0,1994-05-01
49.0,488.0,U.S.A.,EAST,EDUCATION,OFFICE,DESK,2.0,1994.0,1994-06-01
817.0,112.0,U.S.A.,EAST,EDUCATION,OFFICE,DESK,3.0,1994.0,1994-07-01
223.0,598.0,U.S.A.,EAST,EDUCATION,OFFICE,DESK,3.0,1994.0,1994-08-01
433.0,705.0,U.S.A.,EAST,EDUCATION,OFFICE,DESK,3.0,1994.0,1994-09-01
41.0,226.0,U.S.A.,EAST,EDUCATION,OFFICE,DESK,4.0,1994.0,1994-10-01
396.0,979.0,U.S.A.,EAST,EDUCATION,OFFICE,DESK,4.0,1994.0,1994-11-01
131.0,19.0,U.S.A.,EAST,EDUCATION,OFFICE,DESK,4.0,1994.0,1994-12-01
521.0,204.0,U.S.A.,EAST,CONSUMER,FURNITURE,SOFA,1.0,1993.0,1993-01-01
751.0,805.0,U.S.A.,EAST,CONSUMER,FURNITURE,SOFA,1.0,1993.0,1993-02-01
45.0,549.0,U.S.A.,EAST,CONSUMER,FURNITURE,SOFA,1.0,1993.0,1993-03-01
144.0,912.0,U.S.A.,EAST,CONSUMER,FURNITURE,SOFA,2.0,1993.0,1993-04-01
119.0,427.0,U.S.A.,EAST,CONSUMER,FURNITURE,SOFA,2.0,1993.0,1993-05-01
728.0,1.0,U.S.A.,EAST,CONSUMER,FURNITURE,SOFA,2.0,1993.0,1993-06-01
120.0,540.0,U.S.A.,EAST,CONSUMER,FURNITURE,SOFA,3.0,1993.0,1993-07-01
657.0,940.0,U.S.A.,EAST,CONSUMER,FURNITURE,SOFA,3.0,1993.0,1993-08-01
409.0,644.0,U.S.A.,EAST,CONSUMER,FURNITURE,SOFA,3.0,1993.0,1993-09-01
881.0,821.0,U.S.A.,EAST,CONSUMER,FURNITURE,SOFA,4.0,1993.0,1993-10-01
113.0,560.0,U.S.A.,EAST,CONSUMER,FURNITURE,SOFA,4.0,1993.0,1993-11-01
831.0,309.0,U.S.A.,EAST,CONSUMER,FURNITURE,SOFA,4.0,1993.0,1993-12-01
129.0,1000.0,U.S.A.,EAST,CONSUMER,FURNITURE,SOFA,1.0,1994.0,1994-01-01
76.0,945.0,U.S.A.,EAST,CONSUMER,FURNITURE,SOFA,1.0,1994.0,1994-02-01
260.0,931.0,U.S.A.,EAST,CONSUMER,FURNITURE,SOFA,1.0,1994.0,1994-03-01
882.0,504.0,U.S.A.,EAST,CONSUMER,FURNITURE,SOFA,2.0,1994.0,1994-04-01
157.0,950.0,U.S.A.,EAST,CONSUMER,FURNITURE,SOFA,2.0,1994.0,1994-05-01
443.0,278.0,U.S.A.,EAST,CONSUMER,FURNITURE,SOFA,2.0,1994.0,1994-06-01
111.0,225.0,U.S.A.,EAST,CONSUMER,FURNITURE,SOFA,3.0,1994.0,1994-07-01
497.0,6.0,U.S.A.,EAST,CONSUMER,FURNITURE,SOFA,3.0,1994.0,1994-08-01
321.0,124.0,U.S.A.,EAST,CONSUMER,FURNITURE,SOFA,3.0,1994.0,1994-09-01
194.0,206.0,U.S.A.,EAST,CONSUMER,FURNITURE,SOFA,4.0,1994.0,1994-10-01
684.0,320.0,U.S.A.,EAST,CONSUMER,FURNITURE,SOFA,4.0,1994.0,1994-11-01
634.0,270.0,U.S.A.,EAST,CONSUMER,FURNITURE,SOFA,4.0,1994.0,1994-12-01
622.0,278.0,U.S.A.,EAST,CONSUMER,FURNITURE,BED,1.0,1993.0,1993-01-01
689.0,447.0,U.S.A.,EAST,CONSUMER,FURNITURE,BED,1.0,1993.0,1993-02-01
120.0,170.0,U.S.A.,EAST,CONSUMER,FURNITURE,BED,1.0,1993.0,1993-03-01
374.0,87.0,U.S.A.,EAST,CONSUMER,FURNITURE,BED,2.0,1993.0,1993-04-01
926.0,384.0,U.S.A.,EAST,CONSUMER,FURNITURE,BED,2.0,1993.0,1993-05-01
687.0,574.0,U.S.A.,EAST,CONSUMER,FURNITURE,BED,2.0,1993.0,1993-06-01
600.0,585.0,U.S.A.,EAST,CONSUMER,FURNITURE,BED,3.0,1993.0,1993-07-01
779.0,947.0,U.S.A.,EAST,CONSUMER,FURNITURE,BED,3.0,1993.0,1993-08-01
223.0,984.0,U.S.A.,EAST,CONSUMER,FURNITURE,BED,3.0,1993.0,1993-09-01
628.0,189.0,U.S.A.,EAST,CONSUMER,FURNITURE,BED,4.0,1993.0,1993-10-01
326.0,364.0,U.S.A.,EAST,CONSUMER,FURNITURE,BED,4.0,1993.0,1993-11-01
836.0,49.0,U.S.A.,EAST,CONSUMER,FURNITURE,BED,4.0,1993.0,1993-12-01
361.0,851.0,U.S.A.,EAST,CONSUMER,FURNITURE,BED,1.0,1994.0,1994-01-01
444.0,643.0,U.S.A.,EAST,CONSUMER,FURNITURE,BED,1.0,1994.0,1994-02-01
501.0,143.0,U.S.A.,EAST,CONSUMER,FURNITURE,BED,1.0,1994.0,1994-03-01
743.0,763.0,U.S.A.,EAST,CONSUMER,FURNITURE,BED,2.0,1994.0,1994-04-01
861.0,987.0,U.S.A.,EAST,CONSUMER,FURNITURE,BED,2.0,1994.0,1994-05-01
203.0,264.0,U.S.A.,EAST,CONSUMER,FURNITURE,BED,2.0,1994.0,1994-06-01
762.0,439.0,U.S.A.,EAST,CONSUMER,FURNITURE,BED,3.0,1994.0,1994-07-01
705.0,750.0,U.S.A.,EAST,CONSUMER,FURNITURE,BED,3.0,1994.0,1994-08-01
153.0,37.0,U.S.A.,EAST,CONSUMER,FURNITURE,BED,3.0,1994.0,1994-09-01
436.0,95.0,U.S.A.,EAST,CONSUMER,FURNITURE,BED,4.0,1994.0,1994-10-01
428.0,79.0,U.S.A.,EAST,CONSUMER,FURNITURE,BED,4.0,1994.0,1994-11-01
804.0,832.0,U.S.A.,EAST,CONSUMER,FURNITURE,BED,4.0,1994.0,1994-12-01
805.0,649.0,U.S.A.,EAST,CONSUMER,OFFICE,TABLE,1.0,1993.0,1993-01-01
860.0,838.0,U.S.A.,EAST,CONSUMER,OFFICE,TABLE,1.0,1993.0,1993-02-01
104.0,439.0,U.S.A.,EAST,CONSUMER,OFFICE,TABLE,1.0,1993.0,1993-03-01
434.0,207.0,U.S.A.,EAST,CONSUMER,OFFICE,TABLE,2.0,1993.0,1993-04-01
912.0,804.0,U.S.A.,EAST,CONSUMER,OFFICE,TABLE,2.0,1993.0,1993-05-01
571.0,875.0,U.S.A.,EAST,CONSUMER,OFFICE,TABLE,2.0,1993.0,1993-06-01
267.0,473.0,U.S.A.,EAST,CONSUMER,OFFICE,TABLE,3.0,1993.0,1993-07-01
415.0,845.0,U.S.A.,EAST,CONSUMER,OFFICE,TABLE,3.0,1993.0,1993-08-01
261.0,91.0,U.S.A.,EAST,CONSUMER,OFFICE,TABLE,3.0,1993.0,1993-09-01
746.0,630.0,U.S.A.,EAST,CONSUMER,OFFICE,TABLE,4.0,1993.0,1993-10-01
30.0,185.0,U.S.A.,EAST,CONSUMER,OFFICE,TABLE,4.0,1993.0,1993-11-01
662.0,317.0,U.S.A.,EAST,CONSUMER,OFFICE,TABLE,4.0,1993.0,1993-12-01
916.0,88.0,U.S.A.,EAST,CONSUMER,OFFICE,TABLE,1.0,1994.0,1994-01-01
415.0,607.0,U.S.A.,EAST,CONSUMER,OFFICE,TABLE,1.0,1994.0,1994-02-01
514.0,35.0,U.S.A.,EAST,CONSUMER,OFFICE,TABLE,1.0,1994.0,1994-03-01
756.0,680.0,U.S.A.,EAST,CONSUMER,OFFICE,TABLE,2.0,1994.0,1994-04-01
461.0,78.0,U.S.A.,EAST,CONSUMER,OFFICE,TABLE,2.0,1994.0,1994-05-01
460.0,117.0,U.S.A.,EAST,CONSUMER,OFFICE,TABLE,2.0,1994.0,1994-06-01
305.0,440.0,U.S.A.,EAST,CONSUMER,OFFICE,TABLE,3.0,1994.0,1994-07-01
198.0,652.0,U.S.A.,EAST,CONSUMER,OFFICE,TABLE,3.0,1994.0,1994-08-01
234.0,249.0,U.S.A.,EAST,CONSUMER,OFFICE,TABLE,3.0,1994.0,1994-09-01
638.0,658.0,U.S.A.,EAST,CONSUMER,OFFICE,TABLE,4.0,1994.0,1994-10-01
88.0,563.0,U.S.A.,EAST,CONSUMER,OFFICE,TABLE,4.0,1994.0,1994-11-01
751.0,737.0,U.S.A.,EAST,CONSUMER,OFFICE,TABLE,4.0,1994.0,1994-12-01
816.0,789.0,U.S.A.,EAST,CONSUMER,OFFICE,CHAIR,1.0,1993.0,1993-01-01
437.0,988.0,U.S.A.,EAST,CONSUMER,OFFICE,CHAIR,1.0,1993.0,1993-02-01
715.0,220.0,U.S.A.,EAST,CONSUMER,OFFICE,CHAIR,1.0,1993.0,1993-03-01
780.0,946.0,U.S.A.,EAST,CONSUMER,OFFICE,CHAIR,2.0,1993.0,1993-04-01
245.0,986.0,U.S.A.,EAST,CONSUMER,OFFICE,CHAIR,2.0,1993.0,1993-05-01
201.0,129.0,U.S.A.,EAST,CONSUMER,OFFICE,CHAIR,2.0,1993.0,1993-06-01
815.0,433.0,U.S.A.,EAST,CONSUMER,OFFICE,CHAIR,3.0,1993.0,1993-07-01
865.0,492.0,U.S.A.,EAST,CONSUMER,OFFICE,CHAIR,3.0,1993.0,1993-08-01
634.0,306.0,U.S.A.,EAST,CONSUMER,OFFICE,CHAIR,3.0,1993.0,1993-09-01
901.0,154.0,U.S.A.,EAST,CONSUMER,OFFICE,CHAIR,4.0,1993.0,1993-10-01
789.0,206.0,U.S.A.,EAST,CONSUMER,OFFICE,CHAIR,4.0,1993.0,1993-11-01
882.0,81.0,U.S.A.,EAST,CONSUMER,OFFICE,CHAIR,4.0,1993.0,1993-12-01
953.0,882.0,U.S.A.,EAST,CONSUMER,OFFICE,CHAIR,1.0,1994.0,1994-01-01
862.0,848.0,U.S.A.,EAST,CONSUMER,OFFICE,CHAIR,1.0,1994.0,1994-02-01
628.0,664.0,U.S.A.,EAST,CONSUMER,OFFICE,CHAIR,1.0,1994.0,1994-03-01
765.0,389.0,U.S.A.,EAST,CONSUMER,OFFICE,CHAIR,2.0,1994.0,1994-04-01
741.0,182.0,U.S.A.,EAST,CONSUMER,OFFICE,CHAIR,2.0,1994.0,1994-05-01
61.0,505.0,U.S.A.,EAST,CONSUMER,OFFICE,CHAIR,2.0,1994.0,1994-06-01
470.0,861.0,U.S.A.,EAST,CONSUMER,OFFICE,CHAIR,3.0,1994.0,1994-07-01
869.0,263.0,U.S.A.,EAST,CONSUMER,OFFICE,CHAIR,3.0,1994.0,1994-08-01
650.0,400.0,U.S.A.,EAST,CONSUMER,OFFICE,CHAIR,3.0,1994.0,1994-09-01
750.0,556.0,U.S.A.,EAST,CONSUMER,OFFICE,CHAIR,4.0,1994.0,1994-10-01
602.0,497.0,U.S.A.,EAST,CONSUMER,OFFICE,CHAIR,4.0,1994.0,1994-11-01
54.0,181.0,U.S.A.,EAST,CONSUMER,OFFICE,CHAIR,4.0,1994.0,1994-12-01
384.0,619.0,U.S.A.,EAST,CONSUMER,OFFICE,DESK,1.0,1993.0,1993-01-01
161.0,332.0,U.S.A.,EAST,CONSUMER,OFFICE,DESK,1.0,1993.0,1993-02-01
977.0,669.0,U.S.A.,EAST,CONSUMER,OFFICE,DESK,1.0,1993.0,1993-03-01
615.0,487.0,U.S.A.,EAST,CONSUMER,OFFICE,DESK,2.0,1993.0,1993-04-01
783.0,994.0,U.S.A.,EAST,CONSUMER,OFFICE,DESK,2.0,1993.0,1993-05-01
977.0,331.0,U.S.A.,EAST,CONSUMER,OFFICE,DESK,2.0,1993.0,1993-06-01
375.0,739.0,U.S.A.,EAST,CONSUMER,OFFICE,DESK,3.0,1993.0,1993-07-01
298.0,665.0,U.S.A.,EAST,CONSUMER,OFFICE,DESK,3.0,1993.0,1993-08-01
104.0,921.0,U.S.A.,EAST,CONSUMER,OFFICE,DESK,3.0,1993.0,1993-09-01
713.0,862.0,U.S.A.,EAST,CONSUMER,OFFICE,DESK,4.0,1993.0,1993-10-01
556.0,662.0,U.S.A.,EAST,CONSUMER,OFFICE,DESK,4.0,1993.0,1993-11-01
323.0,517.0,U.S.A.,EAST,CONSUMER,OFFICE,DESK,4.0,1993.0,1993-12-01
391.0,352.0,U.S.A.,EAST,CONSUMER,OFFICE,DESK,1.0,1994.0,1994-01-01
593.0,166.0,U.S.A.,EAST,CONSUMER,OFFICE,DESK,1.0,1994.0,1994-02-01
906.0,859.0,U.S.A.,EAST,CONSUMER,OFFICE,DESK,1.0,1994.0,1994-03-01
130.0,571.0,U.S.A.,EAST,CONSUMER,OFFICE,DESK,2.0,1994.0,1994-04-01
613.0,976.0,U.S.A.,EAST,CONSUMER,OFFICE,DESK,2.0,1994.0,1994-05-01
58.0,466.0,U.S.A.,EAST,CONSUMER,OFFICE,DESK,2.0,1994.0,1994-06-01
314.0,79.0,U.S.A.,EAST,CONSUMER,OFFICE,DESK,3.0,1994.0,1994-07-01
67.0,864.0,U.S.A.,EAST,CONSUMER,OFFICE,DESK,3.0,1994.0,1994-08-01
654.0,623.0,U.S.A.,EAST,CONSUMER,OFFICE,DESK,3.0,1994.0,1994-09-01
312.0,170.0,U.S.A.,EAST,CONSUMER,OFFICE,DESK,4.0,1994.0,1994-10-01
349.0,662.0,U.S.A.,EAST,CONSUMER,OFFICE,DESK,4.0,1994.0,1994-11-01
415.0,763.0,U.S.A.,EAST,CONSUMER,OFFICE,DESK,4.0,1994.0,1994-12-01
404.0,896.0,U.S.A.,WEST,EDUCATION,FURNITURE,SOFA,1.0,1993.0,1993-01-01
22.0,973.0,U.S.A.,WEST,EDUCATION,FURNITURE,SOFA,1.0,1993.0,1993-02-01
744.0,161.0,U.S.A.,WEST,EDUCATION,FURNITURE,SOFA,1.0,1993.0,1993-03-01
804.0,934.0,U.S.A.,WEST,EDUCATION,FURNITURE,SOFA,2.0,1993.0,1993-04-01
101.0,697.0,U.S.A.,WEST,EDUCATION,FURNITURE,SOFA,2.0,1993.0,1993-05-01
293.0,116.0,U.S.A.,WEST,EDUCATION,FURNITURE,SOFA,2.0,1993.0,1993-06-01
266.0,84.0,U.S.A.,WEST,EDUCATION,FURNITURE,SOFA,3.0,1993.0,1993-07-01
372.0,604.0,U.S.A.,WEST,EDUCATION,FURNITURE,SOFA,3.0,1993.0,1993-08-01
38.0,371.0,U.S.A.,WEST,EDUCATION,FURNITURE,SOFA,3.0,1993.0,1993-09-01
385.0,783.0,U.S.A.,WEST,EDUCATION,FURNITURE,SOFA,4.0,1993.0,1993-10-01
262.0,335.0,U.S.A.,WEST,EDUCATION,FURNITURE,SOFA,4.0,1993.0,1993-11-01
961.0,321.0,U.S.A.,WEST,EDUCATION,FURNITURE,SOFA,4.0,1993.0,1993-12-01
831.0,177.0,U.S.A.,WEST,EDUCATION,FURNITURE,SOFA,1.0,1994.0,1994-01-01
579.0,371.0,U.S.A.,WEST,EDUCATION,FURNITURE,SOFA,1.0,1994.0,1994-02-01
301.0,583.0,U.S.A.,WEST,EDUCATION,FURNITURE,SOFA,1.0,1994.0,1994-03-01
693.0,364.0,U.S.A.,WEST,EDUCATION,FURNITURE,SOFA,2.0,1994.0,1994-04-01
895.0,343.0,U.S.A.,WEST,EDUCATION,FURNITURE,SOFA,2.0,1994.0,1994-05-01
320.0,854.0,U.S.A.,WEST,EDUCATION,FURNITURE,SOFA,2.0,1994.0,1994-06-01
284.0,691.0,U.S.A.,WEST,EDUCATION,FURNITURE,SOFA,3.0,1994.0,1994-07-01
362.0,387.0,U.S.A.,WEST,EDUCATION,FURNITURE,SOFA,3.0,1994.0,1994-08-01
132.0,298.0,U.S.A.,WEST,EDUCATION,FURNITURE,SOFA,3.0,1994.0,1994-09-01
42.0,635.0,U.S.A.,WEST,EDUCATION,FURNITURE,SOFA,4.0,1994.0,1994-10-01
118.0,81.0,U.S.A.,WEST,EDUCATION,FURNITURE,SOFA,4.0,1994.0,1994-11-01
42.0,375.0,U.S.A.,WEST,EDUCATION,FURNITURE,SOFA,4.0,1994.0,1994-12-01
18.0,846.0,U.S.A.,WEST,EDUCATION,FURNITURE,BED,1.0,1993.0,1993-01-01
512.0,933.0,U.S.A.,WEST,EDUCATION,FURNITURE,BED,1.0,1993.0,1993-02-01
337.0,237.0,U.S.A.,WEST,EDUCATION,FURNITURE,BED,1.0,1993.0,1993-03-01
167.0,964.0,U.S.A.,WEST,EDUCATION,FURNITURE,BED,2.0,1993.0,1993-04-01
749.0,382.0,U.S.A.,WEST,EDUCATION,FURNITURE,BED,2.0,1993.0,1993-05-01
890.0,610.0,U.S.A.,WEST,EDUCATION,FURNITURE,BED,2.0,1993.0,1993-06-01
910.0,148.0,U.S.A.,WEST,EDUCATION,FURNITURE,BED,3.0,1993.0,1993-07-01
403.0,837.0,U.S.A.,WEST,EDUCATION,FURNITURE,BED,3.0,1993.0,1993-08-01
403.0,85.0,U.S.A.,WEST,EDUCATION,FURNITURE,BED,3.0,1993.0,1993-09-01
661.0,425.0,U.S.A.,WEST,EDUCATION,FURNITURE,BED,4.0,1993.0,1993-10-01
485.0,633.0,U.S.A.,WEST,EDUCATION,FURNITURE,BED,4.0,1993.0,1993-11-01
789.0,515.0,U.S.A.,WEST,EDUCATION,FURNITURE,BED,4.0,1993.0,1993-12-01
415.0,512.0,U.S.A.,WEST,EDUCATION,FURNITURE,BED,1.0,1994.0,1994-01-01
418.0,156.0,U.S.A.,WEST,EDUCATION,FURNITURE,BED,1.0,1994.0,1994-02-01
163.0,464.0,U.S.A.,WEST,EDUCATION,FURNITURE,BED,1.0,1994.0,1994-03-01
298.0,813.0,U.S.A.,WEST,EDUCATION,FURNITURE,BED,2.0,1994.0,1994-04-01
584.0,455.0,U.S.A.,WEST,EDUCATION,FURNITURE,BED,2.0,1994.0,1994-05-01
797.0,366.0,U.S.A.,WEST,EDUCATION,FURNITURE,BED,2.0,1994.0,1994-06-01
767.0,734.0,U.S.A.,WEST,EDUCATION,FURNITURE,BED,3.0,1994.0,1994-07-01
984.0,451.0,U.S.A.,WEST,EDUCATION,FURNITURE,BED,3.0,1994.0,1994-08-01
388.0,134.0,U.S.A.,WEST,EDUCATION,FURNITURE,BED,3.0,1994.0,1994-09-01
924.0,547.0,U.S.A.,WEST,EDUCATION,FURNITURE,BED,4.0,1994.0,1994-10-01
566.0,802.0,U.S.A.,WEST,EDUCATION,FURNITURE,BED,4.0,1994.0,1994-11-01
390.0,61.0,U.S.A.,WEST,EDUCATION,FURNITURE,BED,4.0,1994.0,1994-12-01
608.0,556.0,U.S.A.,WEST,EDUCATION,OFFICE,TABLE,1.0,1993.0,1993-01-01
840.0,202.0,U.S.A.,WEST,EDUCATION,OFFICE,TABLE,1.0,1993.0,1993-02-01
112.0,964.0,U.S.A.,WEST,EDUCATION,OFFICE,TABLE,1.0,1993.0,1993-03-01
288.0,112.0,U.S.A.,WEST,EDUCATION,OFFICE,TABLE,2.0,1993.0,1993-04-01
408.0,445.0,U.S.A.,WEST,EDUCATION,OFFICE,TABLE,2.0,1993.0,1993-05-01
876.0,884.0,U.S.A.,WEST,EDUCATION,OFFICE,TABLE,2.0,1993.0,1993-06-01
224.0,348.0,U.S.A.,WEST,EDUCATION,OFFICE,TABLE,3.0,1993.0,1993-07-01
133.0,564.0,U.S.A.,WEST,EDUCATION,OFFICE,TABLE,3.0,1993.0,1993-08-01
662.0,568.0,U.S.A.,WEST,EDUCATION,OFFICE,TABLE,3.0,1993.0,1993-09-01
68.0,882.0,U.S.A.,WEST,EDUCATION,OFFICE,TABLE,4.0,1993.0,1993-10-01
626.0,542.0,U.S.A.,WEST,EDUCATION,OFFICE,TABLE,4.0,1993.0,1993-11-01
678.0,119.0,U.S.A.,WEST,EDUCATION,OFFICE,TABLE,4.0,1993.0,1993-12-01
361.0,248.0,U.S.A.,WEST,EDUCATION,OFFICE,TABLE,1.0,1994.0,1994-01-01
464.0,868.0,U.S.A.,WEST,EDUCATION,OFFICE,TABLE,1.0,1994.0,1994-02-01
681.0,841.0,U.S.A.,WEST,EDUCATION,OFFICE,TABLE,1.0,1994.0,1994-03-01
377.0,484.0,U.S.A.,WEST,EDUCATION,OFFICE,TABLE,2.0,1994.0,1994-04-01
222.0,986.0,U.S.A.,WEST,EDUCATION,OFFICE,TABLE,2.0,1994.0,1994-05-01
972.0,39.0,U.S.A.,WEST,EDUCATION,OFFICE,TABLE,2.0,1994.0,1994-06-01
56.0,930.0,U.S.A.,WEST,EDUCATION,OFFICE,TABLE,3.0,1994.0,1994-07-01
695.0,252.0,U.S.A.,WEST,EDUCATION,OFFICE,TABLE,3.0,1994.0,1994-08-01
908.0,794.0,U.S.A.,WEST,EDUCATION,OFFICE,TABLE,3.0,1994.0,1994-09-01
328.0,658.0,U.S.A.,WEST,EDUCATION,OFFICE,TABLE,4.0,1994.0,1994-10-01
891.0,139.0,U.S.A.,WEST,EDUCATION,OFFICE,TABLE,4.0,1994.0,1994-11-01
265.0,331.0,U.S.A.,WEST,EDUCATION,OFFICE,TABLE,4.0,1994.0,1994-12-01
251.0,261.0,U.S.A.,WEST,EDUCATION,OFFICE,CHAIR,1.0,1993.0,1993-01-01
783.0,122.0,U.S.A.,WEST,EDUCATION,OFFICE,CHAIR,1.0,1993.0,1993-02-01
425.0,296.0,U.S.A.,WEST,EDUCATION,OFFICE,CHAIR,1.0,1993.0,1993-03-01
859.0,391.0,U.S.A.,WEST,EDUCATION,OFFICE,CHAIR,2.0,1993.0,1993-04-01
314.0,75.0,U.S.A.,WEST,EDUCATION,OFFICE,CHAIR,2.0,1993.0,1993-05-01
153.0,731.0,U.S.A.,WEST,EDUCATION,OFFICE,CHAIR,2.0,1993.0,1993-06-01
955.0,883.0,U.S.A.,WEST,EDUCATION,OFFICE,CHAIR,3.0,1993.0,1993-07-01
654.0,707.0,U.S.A.,WEST,EDUCATION,OFFICE,CHAIR,3.0,1993.0,1993-08-01
693.0,97.0,U.S.A.,WEST,EDUCATION,OFFICE,CHAIR,3.0,1993.0,1993-09-01
757.0,390.0,U.S.A.,WEST,EDUCATION,OFFICE,CHAIR,4.0,1993.0,1993-10-01
221.0,237.0,U.S.A.,WEST,EDUCATION,OFFICE,CHAIR,4.0,1993.0,1993-11-01
942.0,496.0,U.S.A.,WEST,EDUCATION,OFFICE,CHAIR,4.0,1993.0,1993-12-01
31.0,814.0,U.S.A.,WEST,EDUCATION,OFFICE,CHAIR,1.0,1994.0,1994-01-01
540.0,765.0,U.S.A.,WEST,EDUCATION,OFFICE,CHAIR,1.0,1994.0,1994-02-01
352.0,308.0,U.S.A.,WEST,EDUCATION,OFFICE,CHAIR,1.0,1994.0,1994-03-01
904.0,327.0,U.S.A.,WEST,EDUCATION,OFFICE,CHAIR,2.0,1994.0,1994-04-01
436.0,266.0,U.S.A.,WEST,EDUCATION,OFFICE,CHAIR,2.0,1994.0,1994-05-01
281.0,699.0,U.S.A.,WEST,EDUCATION,OFFICE,CHAIR,2.0,1994.0,1994-06-01
801.0,599.0,U.S.A.,WEST,EDUCATION,OFFICE,CHAIR,3.0,1994.0,1994-07-01
273.0,950.0,U.S.A.,WEST,EDUCATION,OFFICE,CHAIR,3.0,1994.0,1994-08-01
716.0,117.0,U.S.A.,WEST,EDUCATION,OFFICE,CHAIR,3.0,1994.0,1994-09-01
902.0,632.0,U.S.A.,WEST,EDUCATION,OFFICE,CHAIR,4.0,1994.0,1994-10-01
341.0,35.0,U.S.A.,WEST,EDUCATION,OFFICE,CHAIR,4.0,1994.0,1994-11-01
155.0,562.0,U.S.A.,WEST,EDUCATION,OFFICE,CHAIR,4.0,1994.0,1994-12-01
796.0,144.0,U.S.A.,WEST,EDUCATION,OFFICE,DESK,1.0,1993.0,1993-01-01
257.0,142.0,U.S.A.,WEST,EDUCATION,OFFICE,DESK,1.0,1993.0,1993-02-01
611.0,273.0,U.S.A.,WEST,EDUCATION,OFFICE,DESK,1.0,1993.0,1993-03-01
6.0,915.0,U.S.A.,WEST,EDUCATION,OFFICE,DESK,2.0,1993.0,1993-04-01
125.0,920.0,U.S.A.,WEST,EDUCATION,OFFICE,DESK,2.0,1993.0,1993-05-01
745.0,294.0,U.S.A.,WEST,EDUCATION,OFFICE,DESK,2.0,1993.0,1993-06-01
437.0,681.0,U.S.A.,WEST,EDUCATION,OFFICE,DESK,3.0,1993.0,1993-07-01
906.0,86.0,U.S.A.,WEST,EDUCATION,OFFICE,DESK,3.0,1993.0,1993-08-01
844.0,764.0,U.S.A.,WEST,EDUCATION,OFFICE,DESK,3.0,1993.0,1993-09-01
413.0,269.0,U.S.A.,WEST,EDUCATION,OFFICE,DESK,4.0,1993.0,1993-10-01
869.0,138.0,U.S.A.,WEST,EDUCATION,OFFICE,DESK,4.0,1993.0,1993-11-01
403.0,834.0,U.S.A.,WEST,EDUCATION,OFFICE,DESK,4.0,1993.0,1993-12-01
137.0,112.0,U.S.A.,WEST,EDUCATION,OFFICE,DESK,1.0,1994.0,1994-01-01
922.0,921.0,U.S.A.,WEST,EDUCATION,OFFICE,DESK,1.0,1994.0,1994-02-01
202.0,859.0,U.S.A.,WEST,EDUCATION,OFFICE,DESK,1.0,1994.0,1994-03-01
955.0,442.0,U.S.A.,WEST,EDUCATION,OFFICE,DESK,2.0,1994.0,1994-04-01
781.0,593.0,U.S.A.,WEST,EDUCATION,OFFICE,DESK,2.0,1994.0,1994-05-01
12.0,346.0,U.S.A.,WEST,EDUCATION,OFFICE,DESK,2.0,1994.0,1994-06-01
931.0,312.0,U.S.A.,WEST,EDUCATION,OFFICE,DESK,3.0,1994.0,1994-07-01
95.0,690.0,U.S.A.,WEST,EDUCATION,OFFICE,DESK,3.0,1994.0,1994-08-01
795.0,344.0,U.S.A.,WEST,EDUCATION,OFFICE,DESK,3.0,1994.0,1994-09-01
542.0,784.0,U.S.A.,WEST,EDUCATION,OFFICE,DESK,4.0,1994.0,1994-10-01
935.0,639.0,U.S.A.,WEST,EDUCATION,OFFICE,DESK,4.0,1994.0,1994-11-01
269.0,726.0,U.S.A.,WEST,EDUCATION,OFFICE,DESK,4.0,1994.0,1994-12-01
197.0,596.0,U.S.A.,WEST,CONSUMER,FURNITURE,SOFA,1.0,1993.0,1993-01-01
828.0,263.0,U.S.A.,WEST,CONSUMER,FURNITURE,SOFA,1.0,1993.0,1993-02-01
461.0,194.0,U.S.A.,WEST,CONSUMER,FURNITURE,SOFA,1.0,1993.0,1993-03-01
35.0,895.0,U.S.A.,WEST,CONSUMER,FURNITURE,SOFA,2.0,1993.0,1993-04-01
88.0,502.0,U.S.A.,WEST,CONSUMER,FURNITURE,SOFA,2.0,1993.0,1993-05-01
832.0,342.0,U.S.A.,WEST,CONSUMER,FURNITURE,SOFA,2.0,1993.0,1993-06-01
900.0,421.0,U.S.A.,WEST,CONSUMER,FURNITURE,SOFA,3.0,1993.0,1993-07-01
368.0,901.0,U.S.A.,WEST,CONSUMER,FURNITURE,SOFA,3.0,1993.0,1993-08-01
201.0,474.0,U.S.A.,WEST,CONSUMER,FURNITURE,SOFA,3.0,1993.0,1993-09-01
758.0,571.0,U.S.A.,WEST,CONSUMER,FURNITURE,SOFA,4.0,1993.0,1993-10-01
504.0,511.0,U.S.A.,WEST,CONSUMER,FURNITURE,SOFA,4.0,1993.0,1993-11-01
864.0,379.0,U.S.A.,WEST,CONSUMER,FURNITURE,SOFA,4.0,1993.0,1993-12-01
574.0,68.0,U.S.A.,WEST,CONSUMER,FURNITURE,SOFA,1.0,1994.0,1994-01-01
61.0,210.0,U.S.A.,WEST,CONSUMER,FURNITURE,SOFA,1.0,1994.0,1994-02-01
565.0,478.0,U.S.A.,WEST,CONSUMER,FURNITURE,SOFA,1.0,1994.0,1994-03-01
475.0,296.0,U.S.A.,WEST,CONSUMER,FURNITURE,SOFA,2.0,1994.0,1994-04-01
44.0,664.0,U.S.A.,WEST,CONSUMER,FURNITURE,SOFA,2.0,1994.0,1994-05-01
145.0,880.0,U.S.A.,WEST,CONSUMER,FURNITURE,SOFA,2.0,1994.0,1994-06-01
813.0,607.0,U.S.A.,WEST,CONSUMER,FURNITURE,SOFA,3.0,1994.0,1994-07-01
703.0,97.0,U.S.A.,WEST,CONSUMER,FURNITURE,SOFA,3.0,1994.0,1994-08-01
757.0,908.0,U.S.A.,WEST,CONSUMER,FURNITURE,SOFA,3.0,1994.0,1994-09-01
96.0,152.0,U.S.A.,WEST,CONSUMER,FURNITURE,SOFA,4.0,1994.0,1994-10-01
860.0,622.0,U.S.A.,WEST,CONSUMER,FURNITURE,SOFA,4.0,1994.0,1994-11-01
750.0,309.0,U.S.A.,WEST,CONSUMER,FURNITURE,SOFA,4.0,1994.0,1994-12-01
585.0,912.0,U.S.A.,WEST,CONSUMER,FURNITURE,BED,1.0,1993.0,1993-01-01
127.0,429.0,U.S.A.,WEST,CONSUMER,FURNITURE,BED,1.0,1993.0,1993-02-01
669.0,580.0,U.S.A.,WEST,CONSUMER,FURNITURE,BED,1.0,1993.0,1993-03-01
708.0,179.0,U.S.A.,WEST,CONSUMER,FURNITURE,BED,2.0,1993.0,1993-04-01
830.0,119.0,U.S.A.,WEST,CONSUMER,FURNITURE,BED,2.0,1993.0,1993-05-01
550.0,369.0,U.S.A.,WEST,CONSUMER,FURNITURE,BED,2.0,1993.0,1993-06-01
762.0,882.0,U.S.A.,WEST,CONSUMER,FURNITURE,BED,3.0,1993.0,1993-07-01
468.0,727.0,U.S.A.,WEST,CONSUMER,FURNITURE,BED,3.0,1993.0,1993-08-01
151.0,823.0,U.S.A.,WEST,CONSUMER,FURNITURE,BED,3.0,1993.0,1993-09-01
103.0,783.0,U.S.A.,WEST,CONSUMER,FURNITURE,BED,4.0,1993.0,1993-10-01
876.0,884.0,U.S.A.,WEST,CONSUMER,FURNITURE,BED,4.0,1993.0,1993-11-01
881.0,891.0,U.S.A.,WEST,CONSUMER,FURNITURE,BED,4.0,1993.0,1993-12-01
116.0,909.0,U.S.A.,WEST,CONSUMER,FURNITURE,BED,1.0,1994.0,1994-01-01
677.0,765.0,U.S.A.,WEST,CONSUMER,FURNITURE,BED,1.0,1994.0,1994-02-01
477.0,180.0,U.S.A.,WEST,CONSUMER,FURNITURE,BED,1.0,1994.0,1994-03-01
154.0,712.0,U.S.A.,WEST,CONSUMER,FURNITURE,BED,2.0,1994.0,1994-04-01
331.0,175.0,U.S.A.,WEST,CONSUMER,FURNITURE,BED,2.0,1994.0,1994-05-01
784.0,869.0,U.S.A.,WEST,CONSUMER,FURNITURE,BED,2.0,1994.0,1994-06-01
563.0,820.0,U.S.A.,WEST,CONSUMER,FURNITURE,BED,3.0,1994.0,1994-07-01
229.0,554.0,U.S.A.,WEST,CONSUMER,FURNITURE,BED,3.0,1994.0,1994-08-01
451.0,126.0,U.S.A.,WEST,CONSUMER,FURNITURE,BED,3.0,1994.0,1994-09-01
974.0,760.0,U.S.A.,WEST,CONSUMER,FURNITURE,BED,4.0,1994.0,1994-10-01
484.0,446.0,U.S.A.,WEST,CONSUMER,FURNITURE,BED,4.0,1994.0,1994-11-01
69.0,254.0,U.S.A.,WEST,CONSUMER,FURNITURE,BED,4.0,1994.0,1994-12-01
755.0,516.0,U.S.A.,WEST,CONSUMER,OFFICE,TABLE,1.0,1993.0,1993-01-01
331.0,779.0,U.S.A.,WEST,CONSUMER,OFFICE,TABLE,1.0,1993.0,1993-02-01
482.0,987.0,U.S.A.,WEST,CONSUMER,OFFICE,TABLE,1.0,1993.0,1993-03-01
632.0,318.0,U.S.A.,WEST,CONSUMER,OFFICE,TABLE,2.0,1993.0,1993-04-01
750.0,427.0,U.S.A.,WEST,CONSUMER,OFFICE,TABLE,2.0,1993.0,1993-05-01
618.0,86.0,U.S.A.,WEST,CONSUMER,OFFICE,TABLE,2.0,1993.0,1993-06-01
935.0,553.0,U.S.A.,WEST,CONSUMER,OFFICE,TABLE,3.0,1993.0,1993-07-01
716.0,315.0,U.S.A.,WEST,CONSUMER,OFFICE,TABLE,3.0,1993.0,1993-08-01
205.0,328.0,U.S.A.,WEST,CONSUMER,OFFICE,TABLE,3.0,1993.0,1993-09-01
215.0,521.0,U.S.A.,WEST,CONSUMER,OFFICE,TABLE,4.0,1993.0,1993-10-01
871.0,156.0,U.S.A.,WEST,CONSUMER,OFFICE,TABLE,4.0,1993.0,1993-11-01
552.0,841.0,U.S.A.,WEST,CONSUMER,OFFICE,TABLE,4.0,1993.0,1993-12-01
619.0,623.0,U.S.A.,WEST,CONSUMER,OFFICE,TABLE,1.0,1994.0,1994-01-01
701.0,849.0,U.S.A.,WEST,CONSUMER,OFFICE,TABLE,1.0,1994.0,1994-02-01
104.0,438.0,U.S.A.,WEST,CONSUMER,OFFICE,TABLE,1.0,1994.0,1994-03-01
114.0,719.0,U.S.A.,WEST,CONSUMER,OFFICE,TABLE,2.0,1994.0,1994-04-01
854.0,906.0,U.S.A.,WEST,CONSUMER,OFFICE,TABLE,2.0,1994.0,1994-05-01
563.0,267.0,U.S.A.,WEST,CONSUMER,OFFICE,TABLE,2.0,1994.0,1994-06-01
73.0,542.0,U.S.A.,WEST,CONSUMER,OFFICE,TABLE,3.0,1994.0,1994-07-01
427.0,552.0,U.S.A.,WEST,CONSUMER,OFFICE,TABLE,3.0,1994.0,1994-08-01
348.0,428.0,U.S.A.,WEST,CONSUMER,OFFICE,TABLE,3.0,1994.0,1994-09-01
148.0,158.0,U.S.A.,WEST,CONSUMER,OFFICE,TABLE,4.0,1994.0,1994-10-01
895.0,379.0,U.S.A.,WEST,CONSUMER,OFFICE,TABLE,4.0,1994.0,1994-11-01
394.0,142.0,U.S.A.,WEST,CONSUMER,OFFICE,TABLE,4.0,1994.0,1994-12-01
792.0,588.0,U.S.A.,WEST,CONSUMER,OFFICE,CHAIR,1.0,1993.0,1993-01-01
175.0,506.0,U.S.A.,WEST,CONSUMER,OFFICE,CHAIR,1.0,1993.0,1993-02-01
208.0,382.0,U.S.A.,WEST,CONSUMER,OFFICE,CHAIR,1.0,1993.0,1993-03-01
354.0,132.0,U.S.A.,WEST,CONSUMER,OFFICE,CHAIR,2.0,1993.0,1993-04-01
163.0,652.0,U.S.A.,WEST,CONSUMER,OFFICE,CHAIR,2.0,1993.0,1993-05-01
336.0,723.0,U.S.A.,WEST,CONSUMER,OFFICE,CHAIR,2.0,1993.0,1993-06-01
804.0,682.0,U.S.A.,WEST,CONSUMER,OFFICE,CHAIR,3.0,1993.0,1993-07-01
863.0,382.0,U.S.A.,WEST,CONSUMER,OFFICE,CHAIR,3.0,1993.0,1993-08-01
326.0,125.0,U.S.A.,WEST,CONSUMER,OFFICE,CHAIR,3.0,1993.0,1993-09-01
568.0,321.0,U.S.A.,WEST,CONSUMER,OFFICE,CHAIR,4.0,1993.0,1993-10-01
691.0,922.0,U.S.A.,WEST,CONSUMER,OFFICE,CHAIR,4.0,1993.0,1993-11-01
152.0,884.0,U.S.A.,WEST,CONSUMER,OFFICE,CHAIR,4.0,1993.0,1993-12-01
565.0,38.0,U.S.A.,WEST,CONSUMER,OFFICE,CHAIR,1.0,1994.0,1994-01-01
38.0,194.0,U.S.A.,WEST,CONSUMER,OFFICE,CHAIR,1.0,1994.0,1994-02-01
185.0,996.0,U.S.A.,WEST,CONSUMER,OFFICE,CHAIR,1.0,1994.0,1994-03-01
318.0,532.0,U.S.A.,WEST,CONSUMER,OFFICE,CHAIR,2.0,1994.0,1994-04-01
960.0,391.0,U.S.A.,WEST,CONSUMER,OFFICE,CHAIR,2.0,1994.0,1994-05-01
122.0,104.0,U.S.A.,WEST,CONSUMER,OFFICE,CHAIR,2.0,1994.0,1994-06-01
400.0,22.0,U.S.A.,WEST,CONSUMER,OFFICE,CHAIR,3.0,1994.0,1994-07-01
301.0,650.0,U.S.A.,WEST,CONSUMER,OFFICE,CHAIR,3.0,1994.0,1994-08-01
909.0,143.0,U.S.A.,WEST,CONSUMER,OFFICE,CHAIR,3.0,1994.0,1994-09-01
433.0,999.0,U.S.A.,WEST,CONSUMER,OFFICE,CHAIR,4.0,1994.0,1994-10-01
508.0,415.0,U.S.A.,WEST,CONSUMER,OFFICE,CHAIR,4.0,1994.0,1994-11-01
648.0,350.0,U.S.A.,WEST,CONSUMER,OFFICE,CHAIR,4.0,1994.0,1994-12-01
793.0,342.0,U.S.A.,WEST,CONSUMER,OFFICE,DESK,1.0,1993.0,1993-01-01
129.0,215.0,U.S.A.,WEST,CONSUMER,OFFICE,DESK,1.0,1993.0,1993-02-01
481.0,52.0,U.S.A.,WEST,CONSUMER,OFFICE,DESK,1.0,1993.0,1993-03-01
406.0,292.0,U.S.A.,WEST,CONSUMER,OFFICE,DESK,2.0,1993.0,1993-04-01
512.0,862.0,U.S.A.,WEST,CONSUMER,OFFICE,DESK,2.0,1993.0,1993-05-01
668.0,309.0,U.S.A.,WEST,CONSUMER,OFFICE,DESK,2.0,1993.0,1993-06-01
551.0,886.0,U.S.A.,WEST,CONSUMER,OFFICE,DESK,3.0,1993.0,1993-07-01
124.0,172.0,U.S.A.,WEST,CONSUMER,OFFICE,DESK,3.0,1993.0,1993-08-01
655.0,912.0,U.S.A.,WEST,CONSUMER,OFFICE,DESK,3.0,1993.0,1993-09-01
523.0,666.0,U.S.A.,WEST,CONSUMER,OFFICE,DESK,4.0,1993.0,1993-10-01
739.0,656.0,U.S.A.,WEST,CONSUMER,OFFICE,DESK,4.0,1993.0,1993-11-01
87.0,145.0,U.S.A.,WEST,CONSUMER,OFFICE,DESK,4.0,1993.0,1993-12-01
890.0,664.0,U.S.A.,WEST,CONSUMER,OFFICE,DESK,1.0,1994.0,1994-01-01
665.0,639.0,U.S.A.,WEST,CONSUMER,OFFICE,DESK,1.0,1994.0,1994-02-01
329.0,707.0,U.S.A.,WEST,CONSUMER,OFFICE,DESK,1.0,1994.0,1994-03-01
417.0,891.0,U.S.A.,WEST,CONSUMER,OFFICE,DESK,2.0,1994.0,1994-04-01
828.0,466.0,U.S.A.,WEST,CONSUMER,OFFICE,DESK,2.0,1994.0,1994-05-01
298.0,451.0,U.S.A.,WEST,CONSUMER,OFFICE,DESK,2.0,1994.0,1994-06-01
356.0,451.0,U.S.A.,WEST,CONSUMER,OFFICE,DESK,3.0,1994.0,1994-07-01
909.0,874.0,U.S.A.,WEST,CONSUMER,OFFICE,DESK,3.0,1994.0,1994-08-01
251.0,805.0,U.S.A.,WEST,CONSUMER,OFFICE,DESK,3.0,1994.0,1994-09-01
526.0,426.0,U.S.A.,WEST,CONSUMER,OFFICE,DESK,4.0,1994.0,1994-10-01
652.0,932.0,U.S.A.,WEST,CONSUMER,OFFICE,DESK,4.0,1994.0,1994-11-01
573.0,581.0,U.S.A.,WEST,CONSUMER,OFFICE,DESK,4.0,1994.0,1994-12-01
