source,fncname,minarg,maxarg,fnctype,fncargs,fncprod
U,,2.0,2.0,N,10.0,B
U,AARRAY_ADD,3.0,32767.0,N,218.0,B
U,AARRAY_CLEAR,1.0,1.0,N,6.0,B
U,AARRAY_DELETE,0.0,32767.0,B,2.0,B
U,AARRAY_DELETEKEY,2.0,2.0,N,62.0,B
U,AARRAY_GETC,2.0,2.0,C,58.0,B
U,AARRAY_GETN,2.0,2.0,N,58.0,B
U,AARRAY_HASKEY,2.0,2.0,N,62.0,B
U,AARRAY_REPORT,0.0,32767.0,B,2.0,B
U,AARRAY_SET,3.0,3.0,N,510.0,B
U,ABORT,2.0,2.0,B,45.0,B
B,ABS,1.0,1.0,N,1.0,X
U,ACCEPTATTACHMENT,5.0,5.0,B,21677.0,B
U,ADDR,1.0,1.0,N,3.0,B
U,ADDRLONG,1.0,1.0,C,3.0,B
U,AIRY,1.0,1.0,N,1.0,X
U,ALLCOMB,3.0,0.0,B,1073741769.0,B
U,ALLCOMB,3.0,0.0,N,1073741769.0,B
U,ALLCOMBI,3.0,0.0,B,766958409.0,B
U,ALLPER,2.0,0.0,B,1073741817.0,X
U,ALLPER,2.0,0.0,N,1073741817.0,X
U,ALLPERM,2.0,0.0,B,1073741817.0,X
U,ALLPERM,2.0,0.0,N,1073741817.0,X
U,ANONCT,4.0,4.0,N,585.0,B
U,ANORM420,1.0,2.0,C,18.0,B
B,ANYALNUM,1.0,2.0,N,10.0,X
B,ANYALPHA,1.0,2.0,N,10.0,X
B,ANYCNTRL,1.0,2.0,N,10.0,X
B,ANYDIGIT,1.0,2.0,N,10.0,X
B,ANYFIRST,1.0,2.0,N,10.0,X
B,ANYGRAPH,1.0,2.0,N,10.0,X
B,ANYLOWER,1.0,2.0,N,10.0,X
B,ANYNAME,1.0,2.0,N,10.0,X
B,ANYPRINT,1.0,2.0,N,10.0,X
B,ANYPUNCT,1.0,2.0,N,10.0,X
B,ANYSPACE,1.0,2.0,N,10.0,X
B,ANYUPPER,1.0,2.0,N,10.0,X
B,ANYWORD,1.0,2.0,N,10.0,B
B,ANYXDIGIT,1.0,2.0,N,10.0,X
U,AOQ2,8.0,8.0,N,2396746.0,B
U,APPSRVGETC,1.0,1.0,C,2.0,B
U,APPSRVGETN,1.0,1.0,N,2.0,B
U,APPSRVSET,2.0,2.0,N,10.0,B
U,APPSRV_AUTHCLS,1.0,1.0,C,2.0,B
U,APPSRV_AUTHDS,1.0,1.0,N,2.0,B
U,APPSRV_AUTHLIB,0.0,5.0,N,9362.0,B
U,APPSRV_HEADER,2.0,2.0,C,18.0,B
U,APPSRV_SESSION,1.0,2.0,N,10.0,B
U,APPSRV_UNSAFE,1.0,1.0,C,2.0,B
B,ARCOS,1.0,1.0,N,1.0,X
U,ARCOSH,1.0,1.0,N,1.0,X
B,ARSIN,1.0,1.0,N,1.0,X
U,ARSINH,1.0,1.0,N,1.0,X
U,ARTANH,1.0,1.0,N,1.0,X
U,ASN2,7.0,7.0,N,299594.0,B
B,ATAN,1.0,1.0,N,1.0,X
B,ATAN2,2.0,2.0,N,9.0,X
U,ATI2,7.0,7.0,N,299593.0,B
U,ATTRC,2.0,2.0,C,17.0,B
U,ATTRN,2.0,2.0,N,17.0,B
B,BAND,2.0,2.0,N,9.0,X
U,BASECHAR,1.0,2.0,C,18.0,X
U,BAYESACT,7.0,0.0,B,299593.0,B
U,BEGINTRANSACTION,3.0,3.0,B,365.0,B
U,BETA,2.0,2.0,N,9.0,X
B,BETAINV,3.0,3.0,N,73.0,X
U,BIPFXML,1.0,1.0,C,2.0,B
U,BIPFXXL,2.0,2.0,C,18.0,B
U,BLACKCLPRC,5.0,5.0,N,4681.0,X
U,BLACKPTPRC,5.0,5.0,N,4681.0,X
U,BLKSHCLPRC,5.0,5.0,N,4681.0,X
U,BLKSHPTPRC,5.0,5.0,N,4681.0,X
B,BLSHIFT,2.0,2.0,N,9.0,X
B,BNOT,1.0,1.0,N,1.0,X
B,BOR,2.0,2.0,N,9.0,X
B,BRSHIFT,2.0,2.0,N,9.0,X
B,BXOR,2.0,2.0,N,9.0,X
B,BYTE,1.0,1.0,C,1.0,X
U,C4,1.0,1.0,N,1.0,B
U,CACHEADD,2.0,0.0,N,18.0,B
U,CACHEASSOCIATE,2.0,0.0,N,18.0,B
U,CACHEBEGIN,1.0,1.0,B,1.0,B
U,CACHEDESTROY,0.0,0.0,B,0.0,B
U,CACHEGETBOTH,4.0,4.0,B,1170.0,B
U,CACHEGETNAME,2.0,2.0,C,18.0,B
U,CACHEREPORT,0.0,0.0,B,0.0,B
U,CACHERESERVE,1.0,1.0,N,2.0,B
B,CAT,1.0,0.0,C,27.0,X
B,CATB,1.0,0.0,B,30.0,B
B,CATB,1.0,0.0,C,27.0,B
B,CATC,1.0,0.0,B,30.0,B
B,CATC,1.0,0.0,C,27.0,B
B,CATM,2.0,0.0,B,242.0,B
B,CATM,2.0,0.0,C,218.0,B
B,CATN,2.0,0.0,B,242.0,B
B,CATN,2.0,0.0,C,218.0,B
B,CATQ,2.0,0.0,B,242.0,B
B,CATQ,2.0,0.0,C,218.0,X
B,CATS,1.0,0.0,B,30.0,B
B,CATS,1.0,0.0,C,27.0,X
B,CATT,1.0,0.0,B,30.0,B
B,CATT,1.0,0.0,C,27.0,X
B,CATX,2.0,0.0,B,242.0,B
B,CATX,2.0,0.0,C,218.0,X
U,CDF,2.0,0.0,N,37450.0,X
B,CEIL,1.0,1.0,N,1.0,X
B,CEILZ,1.0,1.0,N,1.0,X
U,CEXIST,1.0,2.0,N,18.0,B
B,CHAR,2.0,2.0,C,10.0,B
U,CHOOSEC,2.0,0.0,C,306783377.0,X
U,CHOOSEN,2.0,0.0,N,153391689.0,X
B,CINV,2.0,3.0,N,73.0,B
U,CLIBEXIST,2.0,-1.0,N,18.0,B
U,CLIBFOUND,2.0,-1.0,N,18.0,B
U,CLOSE,1.0,1.0,N,1.0,B
U,CLOSEQUEUE,2.0,4.0,B,1197.0,B
B,CMISS,1.0,0.0,N,27.0,X
B,CMS,1.0,2.0,B,10.0,B
B,CMS,1.0,1.0,N,2.0,B
U,CNONCT,3.0,3.0,N,73.0,X
B,COALESCE,1.0,0.0,N,9.0,X
B,COALESCEC,1.0,0.0,C,18.0,X
U,COBOLINT,1.0,-1.0,B,460175066.0,B
B,COLLATE,1.0,3.0,C,73.0,X
B,COMB,2.0,2.0,N,9.0,X
U,COMMIT,2.0,2.0,B,45.0,B
U,COMPANION_NEXT,5.0,8.0,B,4805781.0,B
B,COMPARE,2.0,3.0,N,146.0,X
B,COMPBL,1.0,1.0,C,2.0,X
B,COMPCOST,1.0,0.0,B,27.0,X
B,COMPFUZZ,2.0,4.0,N,585.0,X
B,COMPGED,2.0,4.0,N,1746.0,X
B,COMPLEV,2.0,4.0,N,1746.0,X
B,COMPOUND,4.0,4.0,N,585.0,X
B,COMPRESS,1.0,3.0,C,146.0,X
U,CONSTANT,1.0,2.0,N,10.0,X
U,CONVERTBASE,1.0,3.0,C,74.0,B
U,CONVX,3.0,0.0,N,73.0,X
U,CONVXP,6.0,6.0,N,37449.0,X
B,COS,1.0,1.0,N,1.0,X
B,COSH,1.0,1.0,N,1.0,X
B,COT,1.0,1.0,N,1.0,X
B,COUNT,2.0,3.0,N,146.0,X
B,COUNTC,2.0,3.0,N,146.0,X
B,COUNTQ,1.0,2.0,N,18.0,X
B,COUNTW,1.0,3.0,N,146.0,X
U,CRCXX1,1.0,-1.0,N,3.0,B
U,CRCXX2,0.0,0.0,N,0.0,B
U,CRCXX3,2.0,-1.0,B,25.0,B
U,CRCXX4,1.0,1.0,N,1.0,B
B,CSC,1.0,1.0,N,1.0,X
B,CSS,1.0,0.0,N,9.0,X
U,CUMIPMT,5.0,6.0,N,37449.0,X
U,CUMPRINC,5.0,6.0,N,37449.0,X
U,CUROBS,1.0,1.0,N,1.0,B
U,CUSUMARL,4.0,5.0,N,4682.0,B
B,CV,2.0,0.0,N,73.0,X
U,D2,1.0,1.0,N,1.0,B
U,D3,1.0,1.0,N,1.0,B
B,DACCDB,4.0,4.0,N,585.0,B
B,DACCDBSL,4.0,4.0,N,585.0,B
B,DACCSL,3.0,3.0,N,73.0,B
B,DACCSYD,3.0,3.0,N,73.0,B
B,DACCTAB,3.0,0.0,N,585.0,B
U,DAIRY,1.0,1.0,N,1.0,X
U,DATDIF,3.0,3.0,N,137.0,X
B,DATE,0.0,0.0,N,0.0,X
B,DATEJUL,1.0,1.0,N,1.0,X
B,DATEPART,1.0,1.0,N,1.0,X
B,DATETIME,0.0,0.0,N,0.0,X
B,DAY,1.0,1.0,N,1.0,X
U,DCLOSE,1.0,1.0,N,1.0,B
U,DCREATE,1.0,2.0,C,18.0,B
B,DCSS,2.0,0.0,N,73.0,X
U,DEFINE,3.0,3.0,B,211.0,B
U,DELETEALIAS,4.0,4.0,B,2706.0,B
U,DELETEMAP,3.0,3.0,B,338.0,B
U,DELETEMODEL,4.0,4.0,B,2706.0,B
B,DEPDB,4.0,4.0,N,585.0,B
B,DEPDBSL,4.0,4.0,N,585.0,B
B,DEPSL,3.0,3.0,N,73.0,B
B,DEPSYD,3.0,3.0,N,73.0,B
B,DEPTAB,3.0,0.0,N,585.0,B
B,DEQUOTE,1.0,1.0,C,2.0,X
U,DEVIANCE,3.0,5.0,N,4682.0,X
B,DHMS,4.0,4.0,N,585.0,X
B,DIF,2.0,2.0,N,8.0,B
B,DIGAMMA,1.0,1.0,N,1.0,X
B,DIM,2.0,3.0,N,88.0,B
U,DINFO,2.0,2.0,C,17.0,B
B,DIVIDE,2.0,2.0,N,9.0,X
U,DLGCDIR,0.0,1.0,N,2.0,B
B,DMAX,2.0,0.0,N,73.0,X
B,DMEAN,2.0,0.0,N,73.0,X
U,DMGINPTS,0.0,1.0,N,2.0,B
B,DMIN,2.0,0.0,N,73.0,X
U,DMNORM,1.0,2.0,B,14.0,X
U,DMNORM,1.0,2.0,C,10.0,X
U,DMRAN,1.0,1.0,N,1.0,X
U,DMYTECHC,1.0,1.0,C,2.0,B
U,DMYTECKS,3.0,3.0,B,146.0,B
U,DMYTECNT,1.0,1.0,B,2.0,B
U,DMYTECWD,2.0,2.0,N,18.0,B
U,DMYTERVC,1.0,1.0,N,2.0,B
U,DNUM,1.0,1.0,N,1.0,B
U,DOPEN,1.0,1.0,N,2.0,B
U,DOPTNAME,2.0,2.0,C,9.0,B
U,DOPTNUM,1.0,1.0,N,1.0,B
U,DOSUB,1.0,1.0,N,2.0,B
U,DOSUBL,1.0,1.0,N,2.0,B
B,DRANGE,2.0,0.0,N,73.0,X
U,DREAD,2.0,2.0,C,9.0,B
U,DROPNOTE,2.0,2.0,N,9.0,B
U,DSNAME,1.0,1.0,C,1.0,B
B,DSTD,2.0,0.0,N,73.0,X
B,DSTDERR,2.0,0.0,N,73.0,X
B,DSUM,2.0,0.0,N,73.0,X
U,DTEXTDAY,1.0,1.0,N,1.0,B
U,DTEXTMONTH,1.0,1.0,N,1.0,B
U,DTEXTWEEKDAY,1.0,1.0,N,1.0,B
U,DTEXTYEAR,1.0,1.0,N,1.0,B
U,DUMMY_DEFCAT,2.0,0.0,B,81.0,B
U,DUMMY_DEFMISS,1.0,0.0,B,1.0,B
U,DUMMY_INIT,3.0,0.0,B,585.0,B
U,DUMMY_NOOP,2.0,2.0,N,17.0,B
U,DUMMY_SETCAT,2.0,2.0,N,17.0,B
U,DUMMY_SETMISS,1.0,1.0,B,1.0,B
U,DUR,3.0,0.0,N,73.0,X
U,DURP,6.0,6.0,N,37449.0,X
B,DUSS,2.0,0.0,N,73.0,X
B,DVAR,2.0,0.0,N,73.0,X
U,EFFRATE,2.0,2.0,N,10.0,X
U,ENCODCOMPAT,1.0,2.0,N,18.0,B
U,ENCODISVALID,1.0,1.0,N,2.0,B
U,ENTRY_FIRST,7.0,9.0,B,106393001.0,B
U,ENTRY_NEXT,7.0,9.0,B,106393001.0,B
U,ENVLEN,1.0,1.0,N,2.0,B
U,EPINV,3.0,3.0,N,73.0,B
B,ERF,1.0,1.0,N,1.0,X
B,ERFC,1.0,1.0,N,1.0,X
B,EUCLID,1.0,0.0,N,9.0,B
U,EUROCURR,3.0,3.0,N,145.0,B
U,EVENT_BEGIN,3.0,0.0,B,1365.0,B
U,EVENT_BODY,3.0,3.0,B,337.0,B
U,EVENT_END,2.0,2.0,B,41.0,B
U,EVENT_PUBLISH,5.0,0.0,B,9553.0,B
U,EWMAARL,3.0,3.0,N,73.0,B
B,EXECUTE,1.0,1.0,B,2.0,B
U,EXIST,0.0,3.0,N,82.0,B
B,EXP,1.0,1.0,N,1.0,X
B,FACT,1.0,1.0,N,1.0,X
U,FAPPEND,1.0,2.0,N,17.0,B
U,FCLOSE,1.0,1.0,N,1.0,B
U,FCOL,1.0,1.0,N,1.0,B
U,FCOPY,2.0,2.0,N,18.0,B
U,FDELETE,1.0,1.0,N,2.0,B
U,FETCH,1.0,2.0,N,17.0,B
U,FETCHOBS,2.0,3.0,N,137.0,B
U,FEXIST,1.0,1.0,N,2.0,B
U,FGET,2.0,3.0,N,81.0,B
U,FILEEXIST,1.0,1.0,N,2.0,B
U,FILENAME,1.0,5.0,N,9362.0,B
U,FILEREF,1.0,1.0,N,2.0,B
U,FILEREF_META_GET,3.0,3.0,B,402.0,B
U,FILEREF_META_SET,3.0,3.0,N,146.0,B
U,FINANCE,2.0,0.0,N,202.0,X
B,FIND,2.0,4.0,N,1746.0,X
B,FINDC,2.0,4.0,N,1746.0,X
B,FINDLEV,3.0,5.0,N,13906.0,B
B,FINDW,2.0,5.0,N,14034.0,X
U,FINFO,2.0,2.0,C,17.0,B
B,FINV,3.0,4.0,N,585.0,B
B,FIPNAME,1.0,1.0,C,1.0,B
B,FIPNAMEL,1.0,1.0,C,1.0,B
B,FIPSTATE,1.0,1.0,C,1.0,B
B,FIRST,1.0,1.0,C,2.0,B
B,FLOOR,1.0,1.0,N,1.0,X
B,FLOORZ,1.0,1.0,N,1.0,X
U,FMTDEL,0.0,0.0,B,0.0,B
U,FMTINFO,2.0,2.0,C,18.0,X
U,FNONCT,4.0,4.0,N,585.0,X
B,FNONMISS,2.0,0.0,N,73.0,B
U,FNOTE,1.0,1.0,N,1.0,B
U,FOPEN,1.0,4.0,N,1106.0,B
U,FOPTNAME,2.0,2.0,C,9.0,B
U,FOPTNUM,1.0,1.0,N,1.0,B
U,FPOINT,2.0,2.0,N,9.0,B
U,FPOS,2.0,2.0,N,9.0,B
U,FPUT,2.0,2.0,N,17.0,B
U,FREAD,1.0,1.0,N,1.0,B
U,FREETRANSACTION,2.0,2.0,B,45.0,B
U,FREWIND,1.0,1.0,N,1.0,B
U,FRLEN,1.0,1.0,N,1.0,B
U,FSEP,2.0,3.0,N,145.0,B
B,FUZZ,1.0,1.0,N,1.0,X
U,FWRITE,1.0,2.0,N,17.0,B
B,GAMINV,2.0,2.0,N,9.0,X
B,GAMMA,1.0,1.0,N,1.0,X
U,GARKHCLPRC,6.0,6.0,N,37449.0,X
U,GARKHPTPRC,6.0,6.0,N,37449.0,X
U,GASK,2.0,0.0,B,26.0,B
B,GCD,2.0,0.0,N,73.0,X
U,GDRAW,2.0,0.0,N,26.0,B
U,GEODIST,4.0,5.0,N,8777.0,X
B,GEOMEAN,1.0,0.0,N,9.0,X
B,GEOMEANZ,1.0,0.0,N,9.0,X
U,GETALIAS,5.0,6.0,B,223890.0,B
U,GETATTACHMENT,7.0,10.0,B,769092969.0,B
U,GETCASURL,0.0,1.0,C,2.0,B
U,GETLCASLIB,1.0,1.0,C,2.0,B
U,GETLOCALE,0.0,2.0,C,18.0,B
U,GETLOCCLASS,1.0,1.0,C,3.0,B
U,GETLOCENC,0.0,1.0,C,2.0,B
U,GETLOCENV,0.0,0.0,C,2.0,B
U,GETLOCID,1.0,1.0,N,2.0,B
U,GETLOCNAME,1.0,1.0,C,1.0,B
U,GETLOCNUM,1.0,1.0,N,2.0,B
U,GETLSESSREF,1.0,1.0,C,2.0,B
U,GETLTAG,1.0,1.0,C,2.0,B
U,GETMAP,4.0,4.0,B,3410.0,B
U,GETMODEL,6.0,0.0,B,1073719954.0,B
U,GETOPTION,1.0,-1.0,C,18.0,B
U,GETPXENCC,1.0,3.0,C,146.0,B
U,GETPXENCN,1.0,3.0,N,146.0,B
U,GETPXENCODING,1.0,1.0,C,2.0,B
U,GETPXLANGUAGE,0.0,0.0,C,0.0,B
U,GETPXLOCALE,0.0,1.0,C,2.0,B
U,GETPXREGION,0.0,0.0,C,0.0,B
U,GETQUEUEPROPS,9.0,10.0,B,920050605.0,B
U,GETSESSOPT,2.0,2.0,C,18.0,B
U,GETVARC,2.0,2.0,C,9.0,B
U,GETVARN,2.0,2.0,N,9.0,B
U,GINIT,0.0,0.0,N,0.0,B
U,GITFN_CLONE,2.0,7.0,N,599186.0,B
U,GITFN_COMMIT,5.0,6.0,N,74898.0,B
U,GITFN_COMMITFREE,1.0,1.0,N,2.0,B
U,GITFN_COMMIT_GET,4.0,4.0,N,3217.0,B
U,GITFN_COMMIT_LOG,1.0,1.0,N,2.0,B
U,GITFN_CO_BRANCH,2.0,2.0,N,18.0,B
U,GITFN_DEL_BRANCH,2.0,3.0,N,82.0,B
U,GITFN_DEL_REPO,1.0,1.0,N,2.0,B
U,GITFN_DIFF,3.0,3.0,N,146.0,B
U,GITFN_DIFF_FREE,3.0,3.0,N,146.0,B
U,GITFN_DIFF_GET,6.0,6.0,N,205969.0,B
U,GITFN_DIFF_IDX_F,3.0,5.0,N,9106.0,B
U,GITFN_IDX_ADD,2.0,-1.0,N,306783378.0,B
U,GITFN_IDX_REMOVE,2.0,-1.0,N,306783378.0,B
U,GITFN_MRG_BRANCH,4.0,4.0,N,1170.0,B
U,GITFN_NEW_BRANCH,4.0,4.0,N,658.0,B
U,GITFN_PULL,1.0,6.0,N,74898.0,B
U,GITFN_PUSH,1.0,6.0,N,74898.0,B
U,GITFN_RESET,3.0,3.0,N,146.0,B
U,GITFN_RESET_FILE,2.0,2.0,N,18.0,B
U,GITFN_STATUS,1.0,1.0,N,2.0,B
U,GITFN_STATUSFREE,1.0,1.0,N,2.0,B
U,GITFN_STATUS_GET,4.0,4.0,N,3217.0,B
U,GITFN_VERSION,0.0,0.0,N,0.0,B
U,GIT_BRANCH_CHKOUT,2.0,2.0,N,18.0,B
U,GIT_BRANCH_DELETE,2.0,3.0,N,82.0,B
U,GIT_BRANCH_MERGE,4.0,5.0,N,5266.0,B
U,GIT_BRANCH_NEW,4.0,4.0,N,658.0,B
U,GIT_CLONE,2.0,7.0,N,599186.0,B
U,GIT_COMMIT,5.0,6.0,N,74898.0,B
U,GIT_COMMIT_FREE,1.0,1.0,N,2.0,B
U,GIT_COMMIT_GET,4.0,4.0,N,3217.0,B
U,GIT_COMMIT_LOG,1.0,1.0,N,2.0,B
U,GIT_DELETE_REPO,1.0,1.0,N,2.0,B
U,GIT_DIFF,3.0,3.0,N,146.0,B
U,GIT_DIFF_FILE_IDX,3.0,5.0,N,9106.0,B
U,GIT_DIFF_FREE,3.0,3.0,N,146.0,B
U,GIT_DIFF_GET,6.0,6.0,N,205969.0,B
U,GIT_DIFF_TO_FILE,5.0,5.0,N,9361.0,B
U,GIT_FETCH,1.0,7.0,N,599186.0,B
U,GIT_INDEX_ADD,2.0,-1.0,N,306783378.0,B
U,GIT_INDEX_REMOVE,2.0,-1.0,N,306783378.0,B
U,GIT_INIT_REPO,1.0,2.0,N,18.0,B
U,GIT_PULL,1.0,6.0,N,74898.0,B
U,GIT_PUSH,1.0,6.0,N,74898.0,B
U,GIT_REBASE,5.0,5.0,N,9362.0,B
U,GIT_REBASE_OP,5.0,5.0,N,9362.0,B
U,GIT_RESET,3.0,3.0,N,146.0,B
U,GIT_RESET_FILE,2.0,2.0,N,18.0,B
U,GIT_SET_URL,2.0,2.0,N,18.0,B
U,GIT_STASH,3.0,3.0,N,146.0,B
U,GIT_STASH_APPLY,1.0,2.0,N,10.0,B
U,GIT_STASH_DROP,1.0,2.0,N,10.0,B
U,GIT_STASH_POP,1.0,1.0,N,2.0,B
U,GIT_STATUS,1.0,1.0,N,2.0,B
U,GIT_STATUS_FREE,1.0,1.0,N,2.0,B
U,GIT_STATUS_GET,4.0,4.0,N,3217.0,B
U,GIT_VERSION,0.0,0.0,N,0.0,B
U,GMTOFF,0.0,0.0,N,0.0,X
U,GPRINT,1.0,0.0,N,1.0,B
U,GRAPH,1.0,4.0,N,1170.0,B
U,GRAYCODE,2.0,53.0,B,766957177.0,B
U,GRAYCODE,2.0,53.0,N,766957177.0,B
U,GRDSVC_ENABLE,1.0,2.0,N,18.0,B
U,GRDSVC_GETADDR,1.0,1.0,C,2.0,B
U,GRDSVC_GETHOSTS,1.0,1.0,N,2.0,B
U,GRDSVC_GETINFO,1.0,1.0,N,2.0,B
U,GRDSVC_GETNAME,1.0,1.0,C,2.0,B
U,GRDSVC_GETOPTSETS,1.0,1.0,N,2.0,B
U,GRDSVC_HOSTLIST,1.0,1.0,C,2.0,B
U,GRDSVC_NNODES,1.0,1.0,N,2.0,B
U,GRDSVC_OPTSETS,1.0,1.0,C,2.0,B
U,GSET,2.0,6.0,N,26.0,B
U,GTERM,0.0,0.0,N,0.0,B
B,HARMEAN,1.0,0.0,N,9.0,X
B,HARMEANZ,1.0,0.0,N,9.0,X
U,HASHING,2.0,3.0,C,82.0,B
U,HASHING_FILE,2.0,3.0,C,82.0,B
U,HASHING_HMAC,3.0,4.0,C,658.0,B
U,HASHING_HMAC_FILE,3.0,4.0,C,658.0,B
U,HASHING_HMAC_INIT,2.0,2.0,N,18.0,B
U,HASHING_INIT,1.0,1.0,N,2.0,B
U,HASHING_PART,2.0,3.0,N,81.0,B
U,HASHING_TERM,1.0,1.0,C,1.0,B
B,HBOUND,2.0,3.0,N,88.0,B
B,HMS,3.0,3.0,N,73.0,X
U,HOLIDAY,2.0,3.0,N,138.0,X
U,HOLIDAYCK,3.0,4.0,N,1098.0,B
U,HOLIDAYCOUNT,1.0,2.0,N,17.0,B
U,HOLIDAYNAME,1.0,3.0,C,137.0,B
U,HOLIDAYNX,1.0,4.0,N,1098.0,B
U,HOLIDAYNY,2.0,4.0,N,1098.0,B
U,HOLIDAYTEST,1.0,3.0,N,138.0,X
B,HOUR,1.0,1.0,N,1.0,X
U,HPFSCFUN,4.0,0.0,N,650.0,B
U,HPFSCSIG,3.0,4.0,C,1162.0,B
U,HPFSCSUB,4.0,0.0,B,460175067.0,B
U,HTMLDECODE,1.0,1.0,C,2.0,B
U,HTMLENCODE,1.0,2.0,C,18.0,B
U,HWINV,3.0,3.0,N,73.0,B
U,IBESSEL,3.0,3.0,N,73.0,X
U,IFC,3.0,4.0,C,145.0,X
U,IFN,3.0,4.0,N,585.0,X
U,IMDBLEN,2.0,2.0,N,18.0,B
B,IN,2.0,0.0,N,18.0,X
B,INDEX,2.0,2.0,N,18.0,X
B,INDEXC,2.0,0.0,N,146.0,X
B,INDEXT,2.0,2.0,N,18.0,X
B,INDEXW,2.0,3.0,N,146.0,X
U,INIT,3.0,3.0,B,341.0,B
U,INMAS,0.0,0.0,N,0.0,T
B,INPUTC,2.0,4.0,C,594.0,X
B,INPUTN,2.0,4.0,N,594.0,X
U,INSERT_CATALOG,6.0,6.0,B,173201.0,B
U,INSERT_DATASET,6.0,0.0,B,306881681.0,B
U,INSERT_DMDB,6.0,6.0,B,173201.0,B
U,INSERT_FDB,6.0,6.0,B,173201.0,B
U,INSERT_FILE,7.0,10.0,B,307569809.0,B
U,INSERT_HTML,12.0,0.0,B,441001105.0,B
U,INSERT_MDDB,6.0,6.0,B,173201.0,B
U,INSERT_PACKAGE,3.0,0.0,B,9545.0,B
U,INSERT_REF,6.0,6.0,B,173201.0,B
U,INSERT_SQLVIEW,6.0,6.0,B,173201.0,B
U,INSERT_VIEWER,6.0,0.0,B,6988945.0,B
B,INT,1.0,1.0,N,1.0,X
U,INTCINDEX,2.0,2.0,N,10.0,X
U,INTCINDEXP,6.0,6.0,N,37449.0,T
U,INTCINDEXT,2.0,2.0,N,10.0,T
B,INTCK,3.0,4.0,N,1098.0,X
U,INTCKP,7.0,8.0,N,2396745.0,T
U,INTCKT,3.0,4.0,N,1098.0,T
U,INTCYCLE,1.0,2.0,C,10.0,X
U,INTCYCLEP,5.0,6.0,C,37449.0,T
U,INTCYCLET,1.0,2.0,C,10.0,T
U,INTFIT,3.0,3.0,C,137.0,X
U,INTFITP,3.0,3.0,C,73.0,T
U,INTFMT,2.0,2.0,C,18.0,X
U,INTFMTP,6.0,6.0,C,37449.0,T
U,INTFMTT,2.0,2.0,C,18.0,T
U,INTGET,3.0,3.0,C,73.0,X
U,INTINDEX,2.0,3.0,N,202.0,X
U,INTINDEXP,6.0,11.0,N,153391689.0,T
U,INTINDEXT,2.0,3.0,N,202.0,T
U,INTNEST,2.0,2.0,N,18.0,X
U,INTNESTP,10.0,10.0,N,153391689.0,T
U,INTNESTT,2.0,2.0,N,18.0,T
B,INTNX,3.0,5.0,N,1098.0,X
U,INTNXP,7.0,13.0,N,153391689.0,T
U,INTNXT,3.0,5.0,N,9290.0,T
B,INTRR,3.0,0.0,N,585.0,X
U,INTSEAS,1.0,2.0,N,26.0,X
U,INTSEASP,5.0,10.0,N,153391689.0,T
U,INTSEAST,1.0,2.0,N,26.0,T
U,INTSHIFT,1.0,1.0,C,2.0,X
U,INTSHIFTP,5.0,5.0,C,4681.0,T
U,INTSHIFTT,1.0,1.0,C,2.0,T
U,INTTEST,1.0,1.0,N,2.0,X
U,INTTESTP,5.0,5.0,N,4681.0,T
U,INTTESTT,1.0,1.0,N,2.0,T
B,INTZ,1.0,1.0,N,1.0,X
B,IORCMSG,0.0,0.0,C,0.0,B
U,IPMT,4.0,6.0,N,37449.0,X
B,IQR,1.0,0.0,N,9.0,X
B,IRR,3.0,0.0,N,585.0,X
U,IS8601_CONVERT,3.0,-1.0,B,460175058.0,B
U,IS8601_CONVERTC,3.0,-1.0,C,460175058.0,B
U,IS8601_CONVERTN,3.0,-1.0,N,460175058.0,B
B,ISPEXEC,1.0,2.0,B,19.0,B
B,ISPEXEC,1.0,2.0,N,19.0,B
B,ISPLINK,1.0,0.0,B,26.0,B
B,ISPLINK,1.0,0.0,N,26.0,B
U,JBESSEL,2.0,2.0,N,9.0,X
U,JSONPP,2.0,2.0,N,18.0,B
B,JULDATE,1.0,1.0,N,1.0,X
B,JULDATE7,1.0,1.0,N,1.0,X
U,KCHARLIST,1.0,1.0,C,2.0,X
U,KCMPRES,1.0,1.0,C,2.0,B
B,KCOMPARE,2.0,5.0,N,9434.0,X
B,KCOMPRESS,1.0,3.0,C,146.0,X
B,KCOUNT,1.0,1.0,N,2.0,X
U,KCOUNTC,2.0,3.0,N,146.0,B
U,KCOUNTW,1.0,3.0,N,146.0,B
U,KCOUNTX,2.0,3.0,N,146.0,B
U,KCVT,2.0,6.0,C,74898.0,B
U,KFIND,2.0,4.0,N,1746.0,B
U,KFINDC,1.0,4.0,N,1746.0,B
U,KFINDW,2.0,5.0,N,14034.0,B
U,KFNCTEST,4.0,0.0,N,102994.0,B
U,KFNCTKMU,3.0,3.0,C,74.0,B
U,KFNCTMGP,1.0,1.0,C,1.0,B
U,KFNCTMNM,1.0,1.0,C,1.0,B
U,KFNCTMSG,5.0,6.0,C,37522.0,B
U,KFNCTMSGF,3.0,4.0,N,586.0,B
U,KFNCTPERF,4.0,0.0,N,12882.0,B
U,KFNCTSUB,2.0,3.0,C,74.0,B
U,KFNCTSUBB,2.0,3.0,C,74.0,B
U,KFNCTTZH,3.0,3.0,N,74.0,B
U,KFNCTTZID,0.0,0.0,C,0.0,B
U,KFNCTTZNM,1.0,3.0,C,82.0,B
U,KFNCTTZOFF2ID,1.0,1.0,C,1.0,B
U,KFNCTTZT1,0.0,0.0,C,0.0,B
U,KFNCTTZWIN2ID,1.0,1.0,C,2.0,B
U,KFOLD,2.0,4.0,C,138.0,B
U,KGETDBLANG,0.0,0.0,C,0.0,B
U,KGETDBTYPE,0.0,0.0,C,0.0,B
B,KINDEX,2.0,2.0,N,18.0,X
B,KINDEXB,2.0,2.0,N,18.0,B
B,KINDEXC,2.0,0.0,N,146.0,X
B,KINDEXCB,2.0,0.0,N,146.0,B
B,KLEFT,1.0,1.0,C,2.0,X
B,KLENGTH,1.0,1.0,N,2.0,X
B,KLOWCASE,1.0,1.0,C,2.0,X
U,KPROPCASE,1.0,5.0,C,9362.0,B
U,KPROPCHAR,1.0,1.0,C,2.0,B
U,KPROPDATA,1.0,4.0,C,1170.0,X
U,KPRTF,2.0,0.0,B,1198.0,B
B,KREVERSE,1.0,1.0,C,2.0,X
B,KRIGHT,1.0,1.0,C,2.0,X
B,KSCAN,2.0,3.0,C,138.0,X
U,KSCANX,4.0,6.0,B,74314.0,B
U,KSCANX,2.0,4.0,C,1162.0,B
B,KSTRCAT,1.0,0.0,C,27.0,X
B,KSTRIP,1.0,1.0,C,2.0,X
B,KSUBSTR,2.0,3.0,C,74.0,X
B,KSUBSTRB,2.0,3.0,C,74.0,B
B,KSUBSTRN,2.0,3.0,C,75.0,B
B,KTRANSLATE,3.0,0.0,C,1170.0,X
B,KTRIM,1.0,1.0,C,2.0,X
B,KTRUNCATE,1.0,3.0,C,74.0,B
B,KUPCASE,1.0,1.0,C,2.0,X
B,KUPDATE,3.0,4.0,C,1226.0,X
B,KUPDATEB,3.0,4.0,C,1226.0,B
B,KUPDATES,3.0,4.0,C,1226.0,X
B,KURTOSIS,4.0,0.0,N,4681.0,X
B,KVERIFY,2.0,0.0,N,146.0,X
B,KVERIFYB,2.0,0.0,N,146.0,B
B,LABEL,2.0,2.0,B,51.0,B
B,LABEL,1.0,1.0,C,3.0,B
B,LAG,2.0,2.0,C,24.0,B
B,LARGEST,1.0,0.0,N,9.0,X
B,LBOUND,2.0,3.0,N,88.0,B
B,LCM,2.0,0.0,N,73.0,X
B,LCOMB,2.0,2.0,N,9.0,X
U,LDAPS_ADD,6.0,0.0,B,460166481.0,B
U,LDAPS_ATTRNAME,6.0,6.0,B,187465.0,B
U,LDAPS_ATTRVALUE,6.0,6.0,B,189001.0,B
U,LDAPS_CLOSE,2.0,2.0,B,41.0,B
U,LDAPS_COMPARE,6.0,6.0,B,185489.0,B
U,LDAPS_DELETE,3.0,3.0,B,337.0,B
U,LDAPS_ENTRY,5.0,5.0,B,23433.0,B
U,LDAPS_FREE,2.0,2.0,B,41.0,B
U,LDAPS_MODIFY,6.0,0.0,B,107857.0,B
U,LDAPS_OPEN,7.0,10.0,B,307569749.0,B
U,LDAPS_SEARCH,6.0,0.0,B,693417.0,B
U,LDAPS_SEARCH_PAGE,8.0,0.0,B,3593385.0,B
U,LDAPS_SETOPTIONS,7.0,9.0,B,39134281.0,B
B,LEFT,1.0,1.0,C,2.0,X
B,LENGTH,1.0,1.0,N,2.0,X
B,LENGTHC,1.0,1.0,N,2.0,X
B,LENGTHM,1.0,1.0,N,2.0,X
B,LENGTHN,1.0,1.0,N,2.0,X
U,LEXCOMB,3.0,0.0,B,1073741769.0,B
U,LEXCOMB,3.0,0.0,N,1073741769.0,B
U,LEXCOMBI,3.0,0.0,B,766958409.0,B
U,LEXCOMBI,3.0,0.0,N,766958409.0,B
U,LEXPERK,2.0,0.0,B,1073741769.0,B
U,LEXPERK,2.0,0.0,N,1073741769.0,B
U,LEXPERM,2.0,0.0,B,1073741817.0,B
U,LEXPERM,2.0,0.0,N,1073741817.0,B
B,LFACT,1.0,1.0,N,1.0,X
B,LGAMMA,1.0,1.0,N,1.0,X
U,LIBNAME,1.0,4.0,N,1170.0,B
U,LIBREF,1.0,1.0,N,2.0,B
U,LJUNGCV,2.0,3.0,N,137.0,B
B,LOG,1.0,1.0,N,1.0,X
B,LOG10,1.0,1.0,N,1.0,X
U,LOG1PX,1.0,1.0,N,1.0,X
B,LOG2,1.0,1.0,N,1.0,X
U,LOG4SAS_APPENDER,2.0,3.0,N,146.0,B
U,LOG4SAS_ENABLED,2.0,2.0,N,18.0,B
U,LOG4SAS_LOGEVENT,3.0,3.0,N,146.0,B
U,LOG4SAS_LOGGER,1.0,2.0,N,18.0,B
U,LOG4SAS_LOGRC,4.0,4.0,N,594.0,B
U,LOG4SAS_LOGRCS,5.0,5.0,N,8786.0,B
U,LOGBETA,2.0,2.0,N,9.0,X
U,LOGCDF,2.0,0.0,N,37450.0,X
U,LOGISTIC,1.0,0.0,B,5.0,B
U,LOGISTIC,1.0,1.0,N,1.0,X
U,LOGMPDFBETA1,3.0,3.0,N,74.0,B
U,LOGMPDFBETA2,3.0,3.0,N,74.0,B
U,LOGMPDFDIR1,3.0,0.0,N,37449.0,B
U,LOGMPDFDIR2,3.0,0.0,N,37449.0,B
U,LOGMPDFFREE,0.0,32767.0,N,2.0,B
U,LOGMPDFGAMMA,3.0,3.0,N,138.0,B
U,LOGMPDFIWISHART,3.0,3.0,N,138.0,B
U,LOGMPDFMULTINOM,2.0,0.0,N,37449.0,B
U,LOGMPDFNORMAL,3.0,0.0,N,201.0,B
U,LOGMPDFSET,2.0,0.0,N,37450.0,B
U,LOGMPDFSETSQ,2.0,0.0,N,37450.0,B
U,LOGMPDFT,3.0,0.0,N,201.0,B
U,LOGMPDFWISHART,3.0,3.0,N,138.0,B
U,LOGPDF,2.0,0.0,N,37450.0,X
U,LOGPMF,2.0,0.0,N,37450.0,X
U,LOGSDF,2.0,0.0,N,37450.0,X
B,LOWCASE,1.0,1.0,C,2.0,X
B,LPERM,1.0,2.0,N,9.0,X
B,LPNORM,2.0,0.0,N,73.0,B
B,MAD,1.0,0.0,N,9.0,X
U,MARGRCLPRC,6.0,6.0,N,37449.0,X
U,MARGRPTPRC,6.0,6.0,N,37449.0,X
B,MAX,1.0,0.0,N,1.0,X
U,MD5,1.0,1.0,C,2.0,B
B,MDY,3.0,3.0,N,73.0,X
B,MEAN,1.0,0.0,N,9.0,X
B,MEDIAN,1.0,0.0,N,9.0,X
U,MEST,6.0,6.0,N,37450.0,B
U,METADATA_APPPROP,2.0,2.0,C,18.0,B
U,METADATA_DELASSN,2.0,2.0,N,18.0,B
U,METADATA_DELOBJ,1.0,1.0,N,2.0,B
U,METADATA_GETATTR,3.0,3.0,N,402.0,B
U,METADATA_GETNASL,3.0,3.0,N,394.0,B
U,METADATA_GETNASN,4.0,4.0,N,3154.0,B
U,METADATA_GETNASS,4.0,4.0,N,3154.0,B
U,METADATA_GETNATR,4.0,4.0,N,3466.0,B
U,METADATA_GETNOBJ,3.0,3.0,N,394.0,B
U,METADATA_GETNPRP,4.0,4.0,N,3466.0,B
U,METADATA_GETNTYP,2.0,2.0,N,49.0,B
U,METADATA_GETPROP,3.0,4.0,N,3474.0,B
U,METADATA_GETURI,2.0,6.0,N,224690.0,B
U,METADATA_NEWOBJ,2.0,6.0,N,74930.0,B
U,METADATA_PASSID,1.0,2.0,B,18.0,B
U,METADATA_PATHOBJ,5.0,5.0,N,9362.0,B
U,METADATA_PAUSED,0.0,0.0,N,0.0,B
U,METADATA_PURGE,0.0,1.0,N,2.0,B
U,METADATA_RESOLVE,3.0,3.0,N,434.0,B
U,METADATA_SETASSN,4.0,-1.0,N,306783378.0,B
U,METADATA_SETATTR,3.0,3.0,N,146.0,B
U,METADATA_SETPROP,3.0,4.0,N,3218.0,B
U,METADATA_VERSION,0.0,0.0,N,0.0,B
U,METASEC_APPLYACT,2.0,4.0,N,658.0,B
U,METASEC_BEGTRAN,3.0,3.0,N,142.0,B
U,METASEC_DELACT,2.0,2.0,N,18.0,B
U,METASEC_ENDTRAN,3.0,3.0,N,82.0,B
U,METASEC_GETACTA,4.0,4.0,N,1170.0,B
U,METASEC_GETNACT,6.0,7.0,N,486482.0,B
U,METASEC_GETNACTA,5.0,5.0,N,11346.0,B
U,METASEC_GETNAUTH,8.0,10.0,N,299592786.0,B
U,METASEC_GETNID,5.0,8.0,N,4779090.0,B
U,METASEC_LDUMP,6.0,6.0,N,74834.0,B
U,METASEC_NEWACT,3.0,-1.0,N,306783378.0,B
U,METASEC_REMACT,3.0,4.0,N,658.0,B
U,METASEC_SETACTA,4.0,4.0,N,1170.0,B
U,METASEC_SETAUTH,7.0,8.0,N,2696338.0,B
B,MIN,1.0,0.0,N,1.0,X
B,MINUTE,1.0,1.0,N,1.0,X
B,MISSING,1.0,0.0,B,7.0,X
B,MISSING,1.0,1.0,N,3.0,X
B,MOD,2.0,3.0,N,9.0,X
U,MODEXIST,1.0,1.0,N,2.0,B
U,MODULE,1.0,-1.0,B,460175066.0,B
U,MODULEC,1.0,-1.0,C,460175066.0,B
U,MODULEI,1.0,999.0,B,0.0,I
U,MODULEIC,1.0,999.0,C,1.0,I
U,MODULEIN,1.0,999.0,N,1.0,I
U,MODULEN,1.0,-1.0,N,460175066.0,B
B,MODZ,2.0,2.0,N,9.0,X
U,MONOTONIC,0.0,32.0,N,0.0,B
U,MONOTONIC_EXEC,0.0,32.0,N,0.0,B
U,MONOTONIC_KERNEL,0.0,32.0,N,0.0,B
B,MONTH,1.0,1.0,N,1.0,X
U,MOPEN,2.0,5.0,N,8849.0,B
B,MORT,4.0,4.0,N,585.0,X
U,MQBACK,3.0,3.0,B,361.0,B
U,MQCLOSE,5.0,5.0,B,23209.0,B
U,MQCMIT,3.0,3.0,B,361.0,B
U,MQCONN,4.0,4.0,B,2922.0,B
U,MQDISC,3.0,3.0,B,365.0,B
U,MQFREE,1.0,1.0,B,1.0,B
U,MQGET,7.0,7.0,B,1495625.0,B
U,MQGETPARMS,3.0,0.0,B,1073741801.0,B
U,MQGMO,3.0,0.0,B,460174677.0,B
U,MQINQ,6.0,0.0,B,1073720137.0,B
U,MQMAP,3.0,0.0,B,306783405.0,B
U,MQMD,3.0,0.0,B,460174677.0,B
U,MQOD,3.0,0.0,B,460174677.0,B
U,MQOPEN,6.0,0.0,B,766958217.0,B
U,MQPMO,3.0,0.0,B,460174677.0,B
U,MQPUT,7.0,0.0,B,766939721.0,B
U,MQPUT1,7.0,0.0,B,758551113.0,B
U,MQRMH,3.0,0.0,B,460174677.0,B
U,MQSET,6.0,0.0,B,460172105.0,B
U,MQSETPARMS,4.0,0.0,B,460175181.0,B
U,MSPLINT,4.0,0.0,N,153391689.0,B
U,MVALID,3.0,4.0,N,1170.0,B
B,N,1.0,0.0,N,9.0,X
B,NETPV,4.0,0.0,N,4681.0,X
U,NHOLIDATA,1.0,2.0,B,18.0,B
U,NHOLIDAY,2.0,3.0,N,138.0,B
U,NHOLIDESC,1.0,3.0,C,153.0,B
U,NHOLIDLEN,2.0,3.0,N,138.0,B
U,NHOLINAME,1.0,3.0,C,153.0,B
U,NHOLINUM,1.0,2.0,N,17.0,B
B,NINVALID,1.0,2.0,N,18.0,B
U,NLDATE,2.0,3.0,C,145.0,B
U,NLDATEI,2.0,3.0,N,146.0,B
U,NLDATM,2.0,3.0,C,145.0,B
U,NLDATMI,2.0,3.0,N,146.0,B
U,NLDATRST,1.0,2.0,C,18.0,B
U,NLDATSTR,1.0,2.0,C,18.0,B
B,NLITERAL,1.0,1.0,C,2.0,B
U,NLMNYCODE,1.0,1.0,N,2.0,B
U,NLMNYDESC,1.0,1.0,C,10.0,B
U,NLTIME,2.0,3.0,C,145.0,B
B,NMISS,1.0,0.0,N,9.0,X
U,NOMRATE,2.0,2.0,N,10.0,X
B,NORMAL,1.0,1.0,N,1.0,B
B,NOTALNUM,1.0,2.0,N,10.0,X
B,NOTALPHA,1.0,2.0,N,10.0,X
B,NOTCNTRL,1.0,2.0,N,10.0,X
B,NOTDIGIT,1.0,2.0,N,10.0,X
U,NOTE,1.0,1.0,N,1.0,B
B,NOTFIRST,1.0,2.0,N,10.0,X
B,NOTGRAPH,1.0,2.0,N,10.0,X
B,NOTLOWER,1.0,2.0,N,10.0,X
B,NOTNAME,1.0,2.0,N,10.0,X
B,NOTPRINT,1.0,2.0,N,10.0,X
B,NOTPUNCT,1.0,2.0,N,10.0,X
B,NOTSPACE,1.0,2.0,N,10.0,X
B,NOTUPPER,1.0,2.0,N,10.0,X
B,NOTWORD,1.0,2.0,N,10.0,B
B,NOTXDIGIT,1.0,2.0,N,10.0,X
B,NPV,4.0,0.0,N,4681.0,X
B,NULLIFY,1.0,0.0,B,7.0,B
B,NVALID,1.0,2.0,N,18.0,B
U,NWKDOM,4.0,4.0,N,585.0,X
U,OPEN,0.0,4.0,N,1106.0,B
U,OPENQUEUE,5.0,7.0,B,611501.0,B
B,ORDINAL,2.0,0.0,N,73.0,X
B,ORDINAL2,2.0,0.0,N,73.0,X
U,OWENQ,5.0,5.0,N,4681.0,B
U,PACKAGE_BEGIN,4.0,0.0,B,109205.0,B
U,PACKAGE_DESTROY,2.0,2.0,B,41.0,B
U,PACKAGE_END,2.0,2.0,B,41.0,B
U,PACKAGE_FIRST,8.0,11.0,B,985357673.0,B
U,PACKAGE_NEXT,8.0,11.0,B,985357673.0,B
U,PACKAGE_PUBLISH,5.0,0.0,B,9297.0,B
U,PACKAGE_TERM,2.0,2.0,B,41.0,B
U,PARSEMESSAGE,5.0,0.0,B,1073739117.0,B
U,PATHNAME,1.0,2.0,C,18.0,B
U,PATHNAME_COMMAND,1.0,1.0,N,2.0,B
U,PATHNAME_JOIN,4.0,4.0,N,3218.0,B
U,PATHNAME_LEXISTS,3.0,3.0,N,434.0,B
U,PATHNAME_SPLIT,4.0,4.0,N,3506.0,B
B,PCTL,2.0,0.0,N,73.0,X
B,PCTL1,2.0,0.0,N,73.0,X
B,PCTL2,2.0,0.0,N,73.0,X
B,PCTL3,2.0,0.0,N,73.0,X
B,PCTL4,2.0,0.0,N,73.0,X
B,PCTL5,2.0,0.0,N,73.0,X
U,PDF,2.0,0.0,N,37450.0,X
U,PEEK,1.0,2.0,N,9.0,B
U,PEEKC,1.0,2.0,C,9.0,B
U,PEEKCLONG,1.0,2.0,C,10.0,B
U,PEEKLONG,1.0,2.0,N,10.0,B
B,PERM,1.0,2.0,N,9.0,X
U,PMF,2.0,0.0,N,37450.0,X
U,PMT,3.0,5.0,N,4681.0,X
U,POINT,2.0,2.0,N,9.0,B
B,POISSON,2.0,2.0,N,9.0,X
U,POKE,2.0,4.0,B,587.0,B
U,POKELONG,2.0,4.0,B,595.0,B
U,PPMT,4.0,6.0,N,37449.0,X
U,PROBACC2,6.0,7.0,N,299593.0,B
B,PROBBETA,3.0,3.0,N,73.0,X
B,PROBBNML,3.0,3.0,N,73.0,X
U,PROBBNRM,3.0,3.0,N,73.0,X
B,PROBCHI,2.0,3.0,N,73.0,X
U,PROBDF,2.0,4.0,N,1097.0,X
B,PROBF,3.0,4.0,N,585.0,X
B,PROBGAM,2.0,2.0,N,9.0,X
B,PROBHYPR,4.0,5.0,N,4681.0,X
B,PROBIT,1.0,1.0,N,1.0,X
U,PROBMC,5.0,0.0,N,37450.0,X
U,PROBMED,2.0,2.0,N,9.0,X
B,PROBNEGB,3.0,3.0,N,73.0,X
B,PROBNORM,1.0,1.0,N,1.0,X
B,PROBT,2.0,3.0,N,73.0,X
U,PROPCASE,1.0,3.0,C,146.0,X
U,PRXCHANGE,3.0,7.0,B,1498253.0,B
U,PRXCHANGE,3.0,3.0,C,139.0,X
U,PRXDEBUG,1.0,1.0,B,1.0,B
U,PRXFREE,1.0,1.0,B,5.0,X
U,PRXMATCH,2.0,2.0,N,19.0,X
U,PRXNEXT,5.0,6.0,B,185453.0,B
U,PRXPAREN,1.0,1.0,N,5.0,B
U,PRXPARSE,1.0,1.0,N,2.0,X
U,PRXPOSN,3.0,4.0,B,2893.0,B
U,PRXPOSN,3.0,3.0,C,141.0,X
U,PRXSUBSTR,3.0,4.0,B,2901.0,B
U,PSEUDOL10N,2.0,2.0,C,18.0,X
U,PTRLONGADD,2.0,2.0,C,10.0,B
B,PUTC,2.0,4.0,C,594.0,X
B,PUTN,2.0,4.0,C,593.0,X
U,PVP,6.0,6.0,N,37449.0,X
U,QQPSWDE,1.0,1.0,C,2.0,B
U,QQPSWEN,1.0,1.0,C,2.0,B
B,QTR,1.0,1.0,N,1.0,X
U,QUANTILE,2.0,0.0,N,37450.0,X
B,QUOTE,1.0,2.0,C,18.0,X
B,RANBIN,4.0,4.0,B,2637.0,B
B,RANBIN,3.0,3.0,N,73.0,B
B,RANCAU,2.0,2.0,B,45.0,B
B,RANCAU,1.0,1.0,N,1.0,B
B,RANCOMB,3.0,0.0,B,1741.0,B
U,RAND,1.0,0.0,N,37450.0,X
U,RANDPERK,2.0,0.0,B,1073741817.0,X
U,RANDPERK,2.0,0.0,N,1073741817.0,X
U,RANDPERM,1.0,0.0,B,1073741823.0,X
U,RANDPERM,1.0,0.0,N,1073741823.0,X
B,RANEXP,2.0,2.0,B,45.0,B
B,RANEXP,1.0,1.0,N,1.0,B
B,RANGAM,3.0,3.0,B,333.0,B
B,RANGAM,2.0,2.0,N,9.0,B
B,RANGE,1.0,0.0,N,9.0,X
B,RANK,1.0,1.0,N,2.0,X
B,RANNOR,2.0,2.0,B,45.0,B
B,RANNOR,1.0,1.0,N,1.0,B
B,RANNORM,2.0,0.0,B,45.0,B
B,RANNORM,1.0,1.0,N,1.0,B
B,RANPERK,3.0,0.0,B,4045.0,B
B,RANPERM,2.0,0.0,B,509.0,B
B,RANPOI,3.0,3.0,B,333.0,B
B,RANPOI,2.0,2.0,N,9.0,B
B,RANTBL,3.0,0.0,B,589.0,B
B,RANTBL,2.0,0.0,N,73.0,B
B,RANTRI,3.0,3.0,B,333.0,B
B,RANTRI,2.0,2.0,N,9.0,B
B,RANUNI,2.0,2.0,B,45.0,B
B,RANUNI,1.0,1.0,N,1.0,B
U,RECEIVEMESSAGE,5.0,0.0,B,460172205.0,B
B,RECIP,1.0,1.0,N,1.0,X
U,REGIS_GETBOOL,2.0,2.0,N,18.0,B
U,REGIS_GETCHAR,2.0,2.0,C,18.0,B
U,REGIS_GETINT,2.0,2.0,N,18.0,B
U,REGIS_GETNUM,2.0,2.0,N,18.0,B
U,REGIS_PUTCHAR,2.0,3.0,B,146.0,B
U,REGIS_PUTCHAR,2.0,3.0,N,146.0,B
U,REGIS_PUTINT,3.0,3.0,B,82.0,B
U,REGIS_PUTINT,3.0,3.0,N,82.0,B
U,REGIS_PUTNUM,3.0,3.0,B,82.0,B
U,REGIS_PUTNUM,3.0,3.0,N,82.0,B
U,RENAME,2.0,6.0,N,42130.0,B
B,REPEAT,2.0,2.0,C,10.0,X
B,RESOLVE,1.0,1.0,C,2.0,B
U,RETRIEVE_CATALOG,4.0,4.0,B,2705.0,B
U,RETRIEVE_DATASET,4.0,0.0,B,306784913.0,B
U,RETRIEVE_DMDB,4.0,4.0,B,2705.0,B
U,RETRIEVE_FDB,4.0,4.0,B,2705.0,B
U,RETRIEVE_FILE,3.0,3.0,B,337.0,B
U,RETRIEVE_HTML,11.0,0.0,B,1054567825.0,B
U,RETRIEVE_MDDB,4.0,4.0,B,2705.0,B
U,RETRIEVE_NESTED,7.0,7.0,B,1531241.0,B
U,RETRIEVE_PACKAGE,5.0,0.0,B,613013.0,B
U,RETRIEVE_REF,4.0,4.0,B,2705.0,B
U,RETRIEVE_SQLVIEW,4.0,4.0,B,2705.0,B
U,RETRIEVE_VIEWER,3.0,5.0,B,9553.0,B
B,REVERSE,1.0,1.0,C,2.0,X
U,REWIND,1.0,1.0,N,1.0,B
B,RIGHT,1.0,1.0,C,2.0,X
B,RMS,1.0,0.0,N,9.0,X
B,ROUND,1.0,2.0,N,9.0,X
B,ROUNDE,1.0,2.0,N,9.0,X
B,ROUNDZ,1.0,2.0,N,9.0,X
U,RTFENCODE,1.0,2.0,C,10.0,B
U,RTFENUNI,1.0,2.0,C,10.0,B
U,RXCHANGE,3.0,7.0,B,1498251.0,B
U,RXCHANGE,3.0,7.0,C,139.0,B
U,RXCHECK,0.0,4.0,B,594.0,B
U,RXFREE,1.0,1.0,B,5.0,B
U,RXMATCH,2.0,3.0,B,147.0,B
U,RXMATCH,2.0,3.0,N,147.0,B
U,RXNEXT,5.0,7.0,B,1496427.0,B
U,RXPARSE,1.0,2.0,N,18.0,B
U,RXPATMOD,1.0,0.0,N,2.0,B
U,RXPATTERN,1.0,0.0,N,2.0,B
U,RXSHOW,0.0,2.0,B,11.0,B
U,RXSTYLE,0.0,2.0,B,27.0,B
U,RXSUBSTR,3.0,5.0,B,23381.0,B
U,SASMSG,2.0,0.0,C,306783378.0,B
U,SASMSGL,3.0,0.0,C,306783378.0,B
B,SASVER,0.0,0.0,C,0.0,B
B,SAVING,4.0,4.0,N,585.0,X
U,SAVINGS,8.0,0.0,N,2433609.0,X
B,SCAN,4.0,6.0,B,76618.0,X
B,SCAN,2.0,4.0,C,1162.0,X
B,SCANQ,4.0,6.0,B,76618.0,X
B,SCANQ,2.0,4.0,C,1162.0,X
U,SCHED_CANCEL,1.0,1.0,N,1.0,B
U,SCHED_DELETE,1.0,1.0,N,1.0,B
U,SCHED_GETID,1.0,1.0,C,1.0,B
U,SCHED_GETJOB,4.0,4.0,N,1170.0,B
U,SCHED_GETLOG,5.0,5.0,C,9297.0,B
U,SCHED_GETNAME,1.0,1.0,C,1.0,B
U,SCHED_GETSTATUS,1.0,1.0,C,1.0,B
U,SCHED_NEWJOB,5.0,5.0,N,9362.0,B
U,SCHED_RUNCAL,1.0,4.0,N,657.0,B
U,SCHED_RUNMAN,1.0,1.0,N,1.0,B
U,SCHED_RUNNOW,1.0,1.0,N,1.0,B
U,SCHED_TIMEEVENT,5.0,5.0,N,9361.0,B
U,SCMXXFPH,3.0,3.0,C,146.0,B
U,SCMXXMDR,2.0,2.0,C,18.0,B
U,SCMXXSPH,1.0,1.0,C,2.0,B
U,SDF,2.0,0.0,N,37450.0,X
U,SDGETCDF,2.0,2.0,N,8.0,B
U,SDGETPDF,2.0,2.0,N,8.0,B
U,SDGETQUANTILE,2.0,2.0,N,8.0,B
U,SDGETRANDOM,1.0,1.0,N,0.0,B
B,SEC,1.0,1.0,N,1.0,X
B,SECOND,1.0,1.0,N,1.0,X
U,SEECHAR,1.0,2.0,C,18.0,X
U,SEENUM,1.0,2.0,N,17.0,X
U,SENDMESSAGE,3.0,0.0,B,460175021.0,B
U,SESSBUSY,1.0,1.0,N,2.0,B
U,SESSFOUND,1.0,1.0,N,2.0,B
U,SET,1.0,1.0,B,1.0,B
U,SETALIAS,5.0,6.0,B,76434.0,B
U,SETLOCALE,1.0,2.0,C,18.0,B
U,SETMAP,4.0,4.0,B,1362.0,B
U,SETMODEL,6.0,0.0,B,460171922.0,B
U,SHA256,1.0,1.0,C,2.0,B
U,SHA256HEX,1.0,2.0,C,10.0,B
U,SHA256HMACHEX,2.0,3.0,C,82.0,B
B,SIGN,1.0,1.0,N,1.0,X
B,SIGNUM,2.0,2.0,N,9.0,X
B,SIN,1.0,1.0,N,1.0,X
B,SINH,1.0,1.0,N,1.0,X
B,SKEWNESS,3.0,0.0,N,585.0,X
B,SLEEP,1.0,2.0,B,9.0,X
B,SLEEP,1.0,2.0,N,9.0,X
B,SMALLEST,1.0,0.0,N,9.0,X
U,SOAPWEB,2.0,14.0,N,287909010.0,B
U,SOAPWEBMETA,2.0,12.0,N,306488466.0,B
U,SOAPWIPSERVICE,2.0,11.0,N,290006162.0,B
U,SOAPWIPSRS,3.0,10.0,N,304686226.0,B
U,SOAPWS,2.0,13.0,N,304424082.0,B
U,SOAPWSMETA,2.0,12.0,N,306488466.0,B
U,SOFTMAX,1.0,0.0,B,5.0,B
U,SORT,1.0,0.0,B,1073741823.0,X
U,SORT,1.0,0.0,N,1073741823.0,X
U,SORTC,1.0,0.0,B,1073741823.0,X
U,SORTC,1.0,0.0,N,1073741823.0,X
U,SORTCX,1.0,0.0,B,1073741823.0,B
U,SORTCX,1.0,0.0,N,1073741823.0,B
B,SORTH,1.0,0.0,B,63.0,B
U,SORTKEY,1.0,9.0,C,38347922.0,B
U,SORTKEYT,1.0,9.0,C,38347922.0,B
U,SORTN,1.0,0.0,B,1073741823.0,X
U,SORTN,1.0,0.0,N,1073741823.0,X
U,SORTNX,1.0,0.0,B,1073741823.0,B
U,SORTNX,1.0,0.0,N,1073741823.0,B
B,SOUND,2.0,2.0,B,9.0,B
U,SOUNDEX,1.0,1.0,C,2.0,B
U,SPEDIS,2.0,2.0,N,18.0,X
B,SQRT,1.0,1.0,N,1.0,X
U,SQUANTILE,2.0,0.0,N,37450.0,X
B,STD,2.0,0.0,N,73.0,X
B,STDERR,2.0,0.0,N,73.0,X
B,STDIZE,1.0,0.0,B,27.0,B
U,STDMED,1.0,1.0,N,1.0,B
U,STEPTITLE,1.0,1.0,N,10.0,B
B,STFIPS,1.0,1.0,N,2.0,B
B,STNAME,1.0,1.0,C,2.0,B
B,STNAMEL,1.0,1.0,C,2.0,B
U,STPSRVGETC,1.0,1.0,C,2.0,B
U,STPSRVGETN,1.0,1.0,N,2.0,B
U,STPSRVSET,2.0,2.0,N,10.0,B
U,STPSRV_HEADER,2.0,3.0,C,146.0,B
U,STPSRV_SESSION,1.0,2.0,N,10.0,B
U,STPSRV_UNQUOTE,1.0,1.0,B,6.0,B
U,STPSRV_UNQUOTE2,1.0,1.0,B,6.0,B
U,STPSRX_FILENAME,2.0,4.0,N,1170.0,B
U,STPSRX_LIBTEMP,2.0,2.0,N,18.0,B
U,STPSRX_RMTXEND,1.0,2.0,N,17.0,B
U,STREAM,1.0,1.0,B,1.0,X
U,STREAM,1.0,1.0,N,1.0,X
U,STREAMDUMP,0.0,1.0,B,1.0,X
U,STREAMDUMP,0.0,1.0,N,1.0,X
U,STREAMINIT,1.0,3.0,B,219.0,X
U,STREAMINIT,1.0,3.0,N,219.0,X
U,STREAMREWIND,0.0,1.0,B,1.0,X
U,STREAMREWIND,0.0,1.0,N,1.0,X
U,STREWIND,1.0,2.0,B,9.0,X
B,STRIP,1.0,1.0,C,2.0,X
B,SUBPAD,2.0,3.0,C,74.0,B
B,SUBSTR,2.0,3.0,C,74.0,X
B,SUBSTRN,2.0,3.0,C,75.0,X
B,SUM,1.0,0.0,N,9.0,X
B,SUMABS,1.0,0.0,N,9.0,X
B,SYMDEL,1.0,2.0,B,18.0,B
B,SYMEXIST,1.0,2.0,N,18.0,B
B,SYMGET,1.0,1.0,C,2.0,B
B,SYMGETC,1.0,3.0,C,146.0,B
B,SYMGETN,1.0,3.0,N,138.0,B
B,SYMGLOBL,1.0,2.0,N,18.0,B
B,SYMLOCAL,1.0,2.0,N,18.0,B
B,SYMPUT,2.0,2.0,B,18.0,B
B,SYMPUTX,2.0,3.0,B,154.0,B
U,SYNCOSCMD,1.0,1.0,N,1.0,B
B,SYSEXEC,1.0,2.0,B,10.0,B
B,SYSEXEC,1.0,1.0,N,2.0,B
U,SYSEXIST,1.0,1.0,N,2.0,B
B,SYSGET,1.0,1.0,C,2.0,X
U,SYSMSG,0.0,0.0,C,0.0,B
B,SYSOTAY,1.0,3.0,N,82.0,B
B,SYSPARM,0.0,0.0,C,0.0,B
U,SYSPROCESSID,0.0,0.0,C,0.0,B
U,SYSPROCESSNAME,0.0,1.0,C,2.0,B
B,SYSPROD,1.0,3.0,N,82.0,B
U,SYSRC,0.0,0.0,N,0.0,B
B,SYSTEM,1.0,2.0,B,10.0,B
B,SYSTEM,1.0,1.0,N,2.0,B
B,SYSVER,0.0,0.0,C,0.0,B
U,TABLE_ADD,2.0,32767.0,N,62.0,B
U,TABLE_DELETE,0.0,32767.0,B,2.0,B
U,TABLE_INDEX,2.0,2.0,N,30.0,B
U,TABLE_NEW,2.0,3.0,N,82.0,B
U,TABLE_REPORT,0.0,32767.0,B,2.0,B
B,TAN,1.0,1.0,N,1.0,X
U,TANH,1.0,0.0,B,5.0,B
B,TANH,1.0,1.0,N,1.0,X
U,TERM,2.0,2.0,B,45.0,B
U,TGSCORE,4.0,10.0,N,306750610.0,B
B,TIME,0.0,0.0,N,0.0,X
B,TIMEPART,1.0,1.0,N,1.0,X
U,TIMEVALUE,6.0,0.0,N,37961.0,X
B,TINTNX,3.0,5.0,N,1098.0,B
B,TINV,2.0,3.0,N,73.0,X
U,TNONCT,3.0,3.0,N,73.0,X
B,TODAY,0.0,0.0,N,0.0,X
B,TRANSLATE,3.0,0.0,C,1170.0,X
B,TRANSTRN,3.0,3.0,C,146.0,X
U,TRANS_APP_END,1.0,0.0,N,460175065.0,B
U,TRANS_APP_INIT,1.0,0.0,N,460175058.0,B
U,TRANS_GETID,2.0,0.0,N,306783377.0,B
U,TRANS_SET_SYSERR,1.0,1.0,N,1.0,B
U,TRANS_START,1.0,0.0,N,460174921.0,B
U,TRANS_STOP,1.0,0.0,N,325957321.0,B
U,TRANS_UPDATE,1.0,0.0,N,325957321.0,B
U,TRANTAB,2.0,2.0,C,26.0,B
U,TRANTAF,2.0,2.0,C,26.0,B
B,TRANWRD,3.0,3.0,C,146.0,X
B,TRIGAMMA,1.0,1.0,N,1.0,X
B,TRIM,1.0,1.0,C,2.0,X
B,TRIMN,1.0,1.0,C,2.0,X
B,TRUNC,2.0,2.0,N,9.0,X
U,TSLVL,1.0,2.0,C,2.0,X
B,TSO,1.0,2.0,B,10.0,B
B,TSO,1.0,1.0,N,2.0,B
U,TZONEDSTNAME,0.0,1.0,C,2.0,B
U,TZONEDSTOFF,0.0,1.0,N,2.0,B
U,TZONEID,0.0,1.0,C,2.0,B
U,TZONENAME,0.0,2.0,C,11.0,B
U,TZONEOFF,0.0,2.0,N,11.0,B
U,TZONEPID,0.0,1.0,C,2.0,B
U,TZONES2U,1.0,2.0,N,17.0,B
U,TZONESTTNAME,0.0,1.0,C,2.0,B
U,TZONESTTOFF,0.0,1.0,N,2.0,B
U,TZONETEST,0.0,1.0,C,2.0,B
U,TZONETEST2,0.0,1.0,C,2.0,B
U,TZONEU2S,1.0,2.0,N,17.0,B
U,UNICODE,1.0,0.0,C,18.0,B
U,UNICODEC,1.0,0.0,C,18.0,B
U,UNICODELEN,1.0,0.0,N,18.0,B
U,UNICODEWIDTH,1.0,0.0,N,18.0,B
B,UNIFORM,1.0,1.0,N,1.0,B
B,UPCASE,1.0,1.0,C,2.0,X
U,URLDECODE,1.0,1.0,C,2.0,X
U,URLENCODE,1.0,1.0,C,2.0,X
U,USERNAME,0.0,0.0,C,0.0,B
B,USS,1.0,0.0,N,9.0,X
U,UUIDGEN,0.0,2.0,C,9.0,X
U,VALIDCHAR,1.0,5.0,N,9946.0,B
B,VAR,2.0,0.0,N,73.0,X
U,VARFMT,2.0,2.0,C,9.0,B
U,VARFORMAT,2.0,2.0,C,9.0,B
U,VARINFMT,2.0,2.0,C,9.0,B
U,VARINFORMAT,2.0,2.0,C,9.0,B
U,VARLABEL,2.0,2.0,C,9.0,B
U,VARLEN,2.0,2.0,N,9.0,B
U,VARLENGTH,2.0,2.0,N,9.0,B
U,VARNAME,2.0,2.0,C,9.0,B
U,VARNUM,2.0,2.0,N,17.0,B
B,VARRAY,1.0,1.0,N,3.0,B
B,VARRAYX,1.0,1.0,N,2.0,B
U,VARTRANSCODE,2.0,2.0,N,9.0,B
U,VARTYPE,2.0,2.0,C,9.0,B
B,VERIFY,2.0,0.0,N,146.0,X
B,VFORMAT,1.0,1.0,C,3.0,B
B,VFORMATD,1.0,1.0,N,3.0,B
B,VFORMATDX,1.0,1.0,N,2.0,B
B,VFORMATN,1.0,1.0,C,3.0,B
B,VFORMATNX,1.0,1.0,C,2.0,B
B,VFORMATW,1.0,1.0,N,3.0,B
B,VFORMATWX,1.0,1.0,N,2.0,B
B,VFORMATX,1.0,1.0,C,2.0,B
B,VINARRAY,1.0,1.0,N,3.0,B
B,VINARRAYX,1.0,1.0,N,2.0,B
B,VINFORMAT,1.0,1.0,C,3.0,B
B,VINFORMATD,1.0,1.0,N,3.0,B
B,VINFORMATDX,1.0,1.0,N,2.0,B
B,VINFORMATN,1.0,1.0,C,3.0,B
B,VINFORMATNX,1.0,1.0,C,2.0,B
B,VINFORMATW,1.0,1.0,N,3.0,B
B,VINFORMATWX,1.0,1.0,N,2.0,B
B,VINFORMATX,1.0,1.0,C,2.0,B
B,VLABEL,1.0,1.0,C,3.0,B
B,VLABELX,1.0,1.0,C,2.0,B
B,VLENGTH,1.0,1.0,N,3.0,B
B,VLENGTHX,1.0,1.0,N,2.0,B
B,VNAME,2.0,2.0,B,51.0,B
B,VNAME,1.0,1.0,C,3.0,B
B,VNAMEX,1.0,1.0,C,2.0,B
U,VNEXT,1.0,3.0,B,374.0,B
B,VTRANSCODE,1.0,1.0,N,3.0,B
B,VTRANSCODEX,1.0,1.0,N,2.0,B
B,VTYPE,1.0,1.0,C,3.0,B
B,VTYPEX,1.0,1.0,C,2.0,B
B,VVALUE,1.0,1.0,C,3.0,B
B,VVALUEX,1.0,1.0,C,2.0,B
U,WEEK,0.0,2.0,N,19.0,X
B,WEEKDAY,1.0,1.0,N,1.0,X
B,WHICHC,1.0,0.0,N,18.0,X
B,WHICHN,1.0,0.0,N,9.0,X
U,XCUSUMHK,7.0,8.0,B,2396746.0,I
U,XML,1.0,0.0,B,3.0,B
U,XML,1.0,0.0,N,3.0,B
B,YEAR,1.0,1.0,N,1.0,X
U,YHQRESET,0.0,0.0,N,0.0,B
U,YIELDP,6.0,6.0,N,37449.0,X
U,YRDIF,2.0,3.0,N,137.0,X
B,YYQ,2.0,2.0,N,9.0,X
U,ZIPCITY,1.0,1.0,C,3.0,B
U,ZIPCITYDIST,2.0,2.0,N,27.0,B
U,ZIPCITYDISTANCE,2.0,2.0,N,27.0,B
B,ZIPFIPS,1.0,1.0,N,3.0,B
B,ZIPNAME,1.0,1.0,C,3.0,B
B,ZIPNAMEL,1.0,1.0,C,3.0,B
B,ZIPSTATE,1.0,1.0,C,3.0,B
B,ZYXXY,1.0,0.0,N,27.0,B
